month,robot,hits,bytes
2017-01,"bot[\s_+:,\.\;\/\\-]",6720,656912315
2017-01,googlebot,3263,708049970
2017-01,crawl,1731,16700673
2017-01,robot,1523,116362684
2017-01,slurp,658,47580275
2017-01,spider,405,63668323
2017-01,googlebot\-image,330,22919585
2017-01,php,266,19125017
2017-01,no_user_agent,261,107176493
2017-01,checker,246,873930
2017-01,google[_+\s]web[_+\s]preview,211,3914270
2017-01,bingpreview,98,150803296
2017-01,"[\s_+:,\.\;\/\\-]bot",61,2543279
2017-01,ia_archiver,35,516962
2017-01,unknown,26,780
2017-01,discovery,14,836371
2017-01,msnbot\-media,12,606180
2017-01,curl,7,642
2017-01,ruby\/,2,61869
2017-01,netcraft,1,36053
2022-01,Googlebot/,14402,1818794675
2022-01,bingbot/,3792,545932503
2022-01,baidu,3750,40073486
2022-01,core,3254,103136183
2022-01,YandexBot/,2605,170399916
2022-01,AhrefsBot/,1089,15386989
2022-01,facebookexternalhit/,1059,29536109
2022-01,BLEXBot/,998,95292282
2022-01,oBot/,921,26207129
2022-01,MJ12bot/,820,5952150
2022-01,Googlebot\-Image/,391,10669932
2022-01,YandexMetrika/,1,12257
2022-01,spider,218,29949487
2022-01,DotBot/,534,41547207
2022-01,yeti,234,2393037
2022-01,Google\-Adwords\-Instant,1,9863
2022-01,curl,70,9425913
2022-01,custo,34,1194028
2022-01,Apache\-HttpClient/,260,27014
2022-01,yacybot,2,12763
2022-01,SurdotlyBot/,1,12257
2022-01,Konqueror/,2,22899
2022-01,twitterbot,15,102305
2022-01,ruby/,31,542555
2022-01,ltx71,103,4011719
2022-01,linkbot,1,3100096
2022-01,Applebot/,420,31578856
2022-01,crawl,588,66600611
2022-01,Slackbot\-LinkExpanding,6,57566
2022-01,CCBot/,50,412892
2022-01,Python\-urllib/,3,23931
2022-01,motor,103,1205255
2022-01,360Spider,62,767716
2022-01,MSIE[\x20]6,11,40359
2022-01,MojeekBot/,10,49313
2022-01,infobot,476,17958165
2022-01,YisouSpider,404,4810649
2022-01,qwantify,94,13028667
2022-01,DuckDuckGo\-Favicons\-Bot/,68,696061
2022-01,python,196,140368790
2022-01,heritrix,2,78949
2022-01,favicon,244,2543490
2022-01,wordpress,43,345994
2022-01,java,65,422253
2022-01,SeznamBot/,373,17046533
2022-01,"bot[\s_+:,\.\;\/\\-]",428,97612063
2022-01,Discordbot/,38,8778903
2022-01,yandex,17,13082680
2022-01,2345Explorer/,59,528694
2022-01,(firefox/)([0-9]\.|[0-1][0]\.),8,122225
2022-01,no_user_agent,364,11634243
2022-01,Dalvik/,259,169934324
2022-01,MSIE[\x20]5,6,416403
2022-01,bingpreview,157,12116996
2022-01,php,2,12622
2022-01,"[\s_+:,\.\;\/\\-]bot",638,13666979
2022-01,proximic,10,58797
2022-01,Mail\.RU_Bot/,273,2242996
2022-01,MixrankBot,20,264181
2022-01,SemrushBot/,637,848567
2022-01,libwww\-perl,1,104986
2022-01,LinkCheck,3,52154
2022-01,linkchecker,1,0
2022-01,YandexImages/,55,536311
2022-01,Google[\x20]Web[\x20]Preview,540,5126271
2022-01,^mozilla\/5\.0$,13,11806158
2022-01,DomainStatsBot/,25,1037452
2022-01,^Mozilla$,17,1819
2022-01,ia_archiver,53,1630859
2022-01,rome[\x20]client,1,19664
2022-01,LinkedInBot/,4,347364
2022-01,seokicks\.de,100,1292443
2022-01,Wget/,8,329114989
2022-01,CFNetwork,91,729533
2022-01,smtbot,79,1212973
2022-01,Sogou[\x20]web[\x20]spider/,217,2677018
2022-01,coccoc,407,135256250
2022-01,unknown,92,6687
2022-01,robot,165,1353552
2022-01,feed,3,44184
2022-01,archive\.org_bot,13,28443
2022-01,blog,11,734391
2022-01,TelegramBot,11,7778753
2023-01,Googlebot/,4871,327914975
2023-01,bingbot/,4512,1086175086
2023-01,AhrefsBot/,3716,46228952
2023-01,"bot[\s_+:,\.\;\/\\-]",3460,264115466
2023-01,core,2821,416518131
2023-01,facebookexternalhit/,1049,57033519
2023-01,baidu,952,11732879
2023-01,Google[\x20]Web[\x20]Preview,763,9953379
2023-01,no_user_agent,617,4779995
2023-01,Applebot/,556,70670116
2023-01,Googlebot\-Image/,175,8251758
2023-01,spider,369,2392727
2023-01,yeti,294,2860757
2023-01,Screaming[\x20]Frog[\x20]SEO[\x20]Spider/,9,1955895
2023-01,curl,185,2668052
2023-01,custo,3,43454
2023-01,Apache\-HttpClient/,77,150890
2023-01,YandexBot/,188,41578218
2023-01,SurdotlyBot/,9,115514
2023-01,twitterbot,22,168847
2023-01,MJ12bot/,99,1266606
2023-01,ruby/,127,2384935
2023-01,linkbot,3,912
2023-01,Slackbot\-LinkExpanding,8,15006
2023-01,crawl,414,4334447
2023-01,CCBot/,92,1151743
2023-01,Python\-urllib/,7,820745455
2023-01,360Spider,1,14486
2023-01,MSIE[\x20]6,2,15486
2023-01,MojeekBot/,15,58644
2023-01,infobot,355,43580159
2023-01,ResearchBot,2,19371
2023-01,qwantify,32,107910
2023-01,YisouSpider,535,4711236
2023-01,PhantomJS,163,1499695
2023-01,DuckDuckGo\-Favicons\-Bot/,152,1722283
2023-01,python,328,273020894
2023-01,favicon,15,255859
2023-01,wordpress,54,7192608
2023-01,java,11,3158020
2023-01,SeznamBot/,43,99160
2023-01,linkdexbot/,7,87959
2023-01,Discordbot/,26,11126266
2023-01,2345Explorer/,4,58992
2023-01,yandex,2,15954
2023-01,nbot,3,408
2023-01,oBot/,13,73820
2023-01,Dalvik/,245,182794657
2023-01,bingpreview,456,6320609
2023-01,"[\s_+:,\.\;\/\\-]bot",1,19245
2023-01,proximic,6,88216
2023-01,Mail\.RU_Bot/,9,26021000
2023-01,SemrushBot/,135,297854
2023-01,LinkCheck,22,214837
2023-01,linkchecker,2,28974
2023-01,YandexImages/,2,117796
2023-01,Baiduspider/,177,23324222
2023-01,^mozilla\/5\.0$,8,38979
2023-01,BLEXBot/,470,10141494
2023-01,rome[\x20]client,1,21024
2023-01,y!j,10,74317
2023-01,seokicks\.de,106,1658395
2023-01,Wget/,59,17998461
2023-01,LinkedInBot/,3,260523
2023-01,CFNetwork,338,16979012
2023-01,unknown,306,41706
2023-01,Sogou[\x20]web[\x20]spider/,397,5673333
2023-01,coccoc,263,38527334
2023-01,robot,20,296740
2023-01,dataprovider\.com,72,833871
2023-01,link,293,72619010
2023-01,feed,41,10582158
2023-01,blog,17,324928
2023-01,TelegramBot,5,65076
2023-01,seek,52,27756514
2024-01,Googlebot/,8115,992469419
2024-01,bingbot/,7118,264588755
2024-01,core,2768,161600861
2024-01,AhrefsBot/,2383,15117719
2024-01,Applebot/,1317,17481466
2024-01,Baiduspider/,1310,234126754
2024-01,baidu,1166,30878244
2024-01,Sogou[\x20]web[\x20]spider/,939,29695271
2024-01,feed,754,12943186
2024-01,Google[\x20]Web[\x20]Preview,736,6944498
2024-01,Googlebot\-Image/,285,16629424
2024-01,yeti,158,1358638
2024-01,anthill,35,1946080
2024-01,ips\-agent,4,43529
2024-01,Screaming[\x20]Frog[\x20]SEO[\x20]Spider/,3,12857
2024-01,curl,294,29461351
2024-01,facebook,1,12987
2024-01,Apache\-HttpClient/,89,19758954
2024-01,yacybot,4,28554
2024-01,SurdotlyBot/,11,125846
2024-01,twitterbot,24,149495
2024-01,ruby/,124,2171904
2024-01,Slackbot\-LinkExpanding,3,3335
2024-01,crawl,431,14559290
2024-01,Python\-urllib/,18,245927469
2024-01,MojeekBot/,13,10377
2024-01,qwantify,18,70206
2024-01,YisouSpider,653,6421281
2024-01,DuckDuckGo\-Favicons\-Bot/,56,578532
2024-01,python,58,9581792
2024-01,heritrix,55,1730103
2024-01,wordpress,17,5116990
2024-01,java,10,6600906
2024-01,favicon,12,209532
2024-01,SeznamBot/,166,5431480
2024-01,"bot[\s_+:,\.\;\/\\-]",511,53319521
2024-01,checker,2,12721
2024-01,Discordbot/,27,21944006
2024-01,2345Explorer/,2,8238
2024-01,nbot,66,5339058
2024-01,no_user_agent,472,31998679
2024-01,oBot/,318,47409311
2024-01,Dalvik/,185,37653867
2024-01,microsoft\-webdav\-miniredir,8,446804
2024-01,bingpreview,1,15738
2024-01,"[\s_+:,\.\;\/\\-]bot",228,1287033
2024-01,Mediapartners-Google,4,31908
2024-01,urllib,2,232282
2024-01,Yahoo![\x20]Slurp,1,11008
2024-01,SemrushBot/,193,1927694
2024-01,LinkCheck,5,38369
2024-01,scanner,31,592668
2024-01,^mozilla\/5\.0$,1,0
2024-01,DomainStatsBot/,24,1152746
2024-01,BLEXBot/,33,343650
2024-01,rome[\x20]client,1,21024
2024-01,y!j,208,9740319
2024-01,Wget/,4,21512066
2024-01,seokicks\.de,56,738979
2024-01,LinkedInBot/,8,56212
2024-01,CFNetwork,277,2169464
2024-01,unknown,473,56964
2024-01,coccoc,311,27652577
2024-01,robot,12,260329
2024-01,link,86,1692070
2024-01,dataprovider\.com,181,2130081
2024-01,blog,15,1066913
2024-01,TelegramBot,31,352549
2024-01,facebookexternalhit/,325,26446265
2024-01,seek,23,118050
2025-01,bingbot/,59037,1427639305
2025-01,AhrefsBot/,4212,35341367
2025-01,unknown,4196,567653
2025-01,Googlebot/,4173,1470106217
2025-01,curl,3100,138221010
2025-01,crawl,2998,38252765
2025-01,wordpress,1706,15538791
2025-01,SemrushBot/,1487,8956319
2025-01,Applebot/,896,27120574
2025-01,Sogou[\x20]web[\x20]spider/,801,9525830
2025-01,y!j,24,147764
2025-01,Mediapartners-Google,5,411927
2025-01,facebook,3,33192
2025-01,python,60,7904437
2025-01,SafeDNSBot,1,100
2025-01,feed,377,109896
2025-01,ips\-agent,10,87165
2025-01,Wget/,16,24610102
2025-01,YisouSpider,356,38109822
2025-01,archive\.org_bot,3,24287
2025-01,TelegramBot,9,88449
2025-01,spider,71,1650379
2025-01,robot,16,138055
2025-01,Dalvik/,98,54007928
2025-01,bingpreview,2,17073
2025-01,"bot[\s_+:,\.\;\/\\-]",680,49868759
2025-01,CFNetwork,187,13893614
2025-01,oBot/,67,476074
2025-01,^mozilla\/5\.0$,4,27410
2025-01,nutch,8,86785
2025-01,SurdotlyBot/,8,91513
2025-01,seek,237,125455475
2025-01,DoCoMo/,1,100
2025-01,coccoc,286,23727626
2025-01,webcopy,5,0
2025-01,heritrix,1,100
2025-01,anthill,77,3870664
2025-01,postrank,1,100
2025-01,custo,1,11449
2025-01,facebookexternalhit/,392,17631705
2025-01,Googlebot\-Image/,304,24193820
2025-01,yeti,67,4134435
2025-01,memorybot,1,100
2025-01,Discordbot/,52,2576405
2025-01,netEstate[\x20]NE[\x20]Crawler,2,11589
2025-01,Google[\x20]Web[\x20]Preview,317,98763507
2025-01,linkbot,35,105004
2025-01,php,1,31584
2025-01,MixrankBot,1,9109
2025-01,dataprovider\.com,33,1357364
2025-01,Screaming[\x20]Frog[\x20]SEO[\x20]Spider/,2,11590
2025-01,checker,15,0
2025-01,Yahoo![\x20]Slurp,3,22157
2025-01,Apache\-HttpClient/,100,39049678
2025-01,favicon,13,204051
2025-01,SeznamBot/,232,4724825
2025-01,no_user_agent,411,14983315
2025-01,yacybot,6,28990
2025-01,LinkCheck,2,319
2025-01,Python\-urllib/,8,24846
2025-01,baidu,529,55646853
2025-01,Seobility,1,11439
2025-01,bbot,22,260366
2025-01,BLEXBot/,48,496779
2025-01,twitterbot,6,34906
2025-01,ELinks/,1,293925
2025-01,Mediatoolkitbot,1,100
2025-01,blog,12,840912
2025-01,link,154,5865883
2025-01,Mail\.RU_Bot/,1,100
2025-01,ichiro,1,100
2025-01,ruby/,96,1631670
2025-01,microsoft.*discovery,1,70068
2025-01,Windows[\x20]98,30,10566537
2025-01,Google\-Adwords\-Instant,3,27324
2025-01,Slackbot\-LinkExpanding,8,63205
2025-01,Yahoo[\x20]Link[\x20]Preview,2,359668
2025-01,Baiduspider/,795,277315539
2025-01,testbot,1,136
2025-01,Windows[\x20]95,15,705425
2025-01,LinkedInBot/,1,19416
2025-01,nbot,3,408
2025-01,MojeekBot/,104,386185
2025-01,DomainStatsBot/,36,1820220
2025-01,java,22,536598
2025-01,core,537,458879398
2025-01,BDCbot/,1,0
2026-01,bingbot/,485577,5621508639
2026-01,"[\s_+:,\.\;\/\\-]bot",19269,15520612195
2026-01,"bot[\s_+:,\.\;\/\\-]",5628,257750707
2026-01,AhrefsBot/,4525,29335862
2026-01,wordpress,3345,35175042
2026-01,Googlebot/,2376,385579463
2026-01,Sogou[\x20]web[\x20]spider/,2149,67640834
2026-01,crawl,1592,17060783
2026-01,SemrushBot/,1259,6560097
2026-01,Applebot/,1075,123342805
2026-01,java,29,3858088
2026-01,Python\-urllib/,44,41566262
2026-01,CFNetwork,61,2563412
2026-01,360Spider,331,11610667
2026-01,motor,25,643962
2026-01,LinkedInBot/,32,214156
2026-01,no_user_agent,123,1454655
2026-01,dataprovider\.com,37,1203111
2026-01,baidu,170,6874927
2026-01,spider,4,221502
2026-01,^mozilla\/5\.0$,41,447451
2026-01,feed,32,66594
2026-01,nutch,5,43101
2026-01,facebook,165,18325581
2026-01,Wget/,11,73246885
2026-01,nbot,3,408
2026-01,DomainStatsBot/,36,2054974
2026-01,yeti,48,1676571
2026-01,coccoc,398,19828578
2026-01,yacybot,6,52730
2026-01,Seobility,2,68800
2026-01,checker,17,72630
2026-01,SeznamBot/,224,7974634
2026-01,Googlebot\-Image/,147,24144994
2026-01,favicon,2,37183
2026-01,y!j,24,160984
2026-01,YisouSpider,398,15062096
2026-01,Dalvik/,26,3852697
2026-01,seek,17,174186
2026-01,blog,13,1031238
2026-01,proximic,1,15307
2026-01,oBot/,38,83769
2026-01,Google[\x20]Web[\x20]Preview,245,8067568
2026-01,robot,497,653402
2026-01,discover,4,13499
2026-01,Yahoo![\x20]Slurp,7,173158
2026-01,facebookexternalhit/,553,136189942
2026-01,python,52,16089109
2026-01,bingpreview,6,55438
2026-01,YandexBot/,20,262289
2026-01,MojeekBot/,61,254668
2026-01,Baiduspider/,8,113741
2026-01,validator,1,181
2026-01,core,633,13576550
2026-01,antibot,1,13116
2026-01,curl,296,19927931
2026-01,FurlBot/,1,918
2026-01,Apache\-HttpClient/,63,72682
2026-01,Windows[\x20]95,2,15525
2026-01,TelegramBot,13,172761
2026-01,argus,29,950480
2026-01,Slackbot\-LinkExpanding,11,94653
2026-01,urllib,87,602574
2026-01,ning,3,36354
2026-01,Discordbot/,50,7457863
2026-01,smtbot,49,73319168
2026-01,Screaming[\x20]Frog[\x20]SEO[\x20]Spider/,7,37864
2026-01,link,850,239219312
2026-01,unknown,456,54931
2026-01,Mediapartners-Google,3,28943
2026-01,Windows[\x20]98,7,1168059
2017-02,"bot[\s_+:,\.\;\/\\-]",13358,857776665
2017-02,googlebot,1535,264201074
2017-02,robot,1007,55504488
2017-02,slurp,615,24200561
2017-02,crawl,400,43772536
2017-02,spider,312,37061141
2017-02,php,274,9584695
2017-02,google[_+\s]web[_+\s]preview,175,26285671
2017-02,no_user_agent,113,25069352
2017-02,bingpreview,95,171603450
2017-02,"[\s_+:,\.\;\/\\-]bot",74,3792058
2017-02,googlebot\-image,36,3954968
2017-02,msnbot\-media,22,694253
2017-02,checker,7,215546
2017-02,ia_archiver,6,31058
2017-02,discovery,6,72048
2017-02,curl,3,11545
2017-02,netcraft,2,72048
2021-02,"bot[\s_+:,\.\;\/\\-]",6594,970532554
2021-02,MSIE[\x20]6,5425,5864710
2021-02,bingbot/,2936,753388667
2021-02,Googlebot/,2340,512386181
2021-02,googlebot,1895,134106058
2021-02,robot,893,74775195
2021-02,spider,716,30508306
2021-02,MJ12bot/,569,1172474
2021-02,infobot,552,15908552
2021-02,baidu,520,17544850
2021-02,Googlebot\-Image/,137,4094594
2021-02,AhrefsBot/,155,2570459
2021-02,DotBot/,14,422956
2021-02,yeti,5,36693
2021-02,Screaming[\x20]Frog[\x20]SEO[\x20]Spider/,1,9268
2021-02,curl,104,3525604
2021-02,custo,7,30741
2021-02,Apache\-HttpClient/,143,178653
2021-02,yahoocachesystem,1,17888
2021-02,YandexBot/,371,117083677
2021-02,fetcher,1,7977
2021-02,twitterbot,14,70620
2021-02,GrapeshotCrawler/,4,18406
2021-02,linkbot,8,17839
2021-02,ltx71,12,19933
2021-02,Applebot/,208,1952161
2021-02,crawl,347,43360692
2021-02,Slackbot\-LinkExpanding,11,151580
2021-02,nutch,2,9352
2021-02,CCBot/,57,3803973
2021-02,core,396,10405423
2021-02,Python\-urllib/,3,32589
2021-02,googlebot\-image,76,2795325
2021-02,motor,31,7331188
2021-02,360Spider,23,212332
2021-02,MojeekBot/,6,26795
2021-02,PhantomJS,2,82085
2021-02,qwantify,23,82438
2021-02,YisouSpider,130,4078004
2021-02,DuckDuckGo\-Favicons\-Bot/,54,465364
2021-02,python,70,3554817
2021-02,wordpress,13,6278455
2021-02,favicon,144,1146589
2021-02,java,8,22919190
2021-02,SeznamBot/,147,3751817
2021-02,Discordbot/,41,1048825
2021-02,yandex,8,48384
2021-02,2345Explorer/,3,12357
2021-02,(firefox/)([0-9]\.|[0-1][0]\.),358,284846
2021-02,no_user_agent,100,83332825
2021-02,oBot/,272,70331056
2021-02,MSIE[\x20]5,1,57273
2021-02,Dalvik/,104,40787565
2021-02,bingpreview,294,72578968
2021-02,php,38,9518927
2021-02,"[\s_+:,\.\;\/\\-]bot",61,3405571
2021-02,proximic,7,37751
2021-02,Mail\.RU_Bot/,106,28119372
2021-02,SemrushBot/,305,1132433
2021-02,discover,15,29093
2021-02,titan,1,14082
2021-02,YandexImages/,13,494586
2021-02,Google[\x20]Web[\x20]Preview,119,25325719
2021-02,^mozilla\/5\.0$,49,170984
2021-02,DomainStatsBot/,24,771172
2021-02,ruby\/,22,273576
2021-02,BLEXBot/,336,354965
2021-02,ia_archiver,2,10933
2021-02,y!j,2,8046
2021-02,seokicks\.de,49,587384
2021-02,LinkedInBot/,2,22414
2021-02,Wget/,8,329071088
2021-02,CFNetwork,183,1364320
2021-02,smtbot,51,916807
2021-02,unknown,251,17733
2021-02,coccoc,113,11538141
2021-02,Sogou[\x20]web[\x20]spider/,187,1524388
2021-02,google[_+\s]web[_+\s]preview,22,16103856
2021-02,link,4,23221
2021-02,feed,1,71501
2021-02,archive\.org_bot,2,4185
2021-02,blog,3,154189
2021-02,TelegramBot,2,7652332
2021-02,facebookexternalhit/,243,23147419
2022-02,Googlebot/,10775,1656152128
2022-02,baidu,3284,34063293
2022-02,bingbot/,2933,422793550
2022-02,core,2178,171300765
2022-02,BLEXBot/,1232,99793663
2022-02,Windows[\x20]98,1164,1065279437
2022-02,MJ12bot/,1009,2569590
2022-02,AhrefsBot/,773,7895030
2022-02,DotBot/,762,63644979
2022-02,YandexBot/,749,111748120
2022-02,Googlebot\-Image/,369,9338110
2022-02,YandexMetrika/,1,13713
2022-02,spider,248,66501007
2022-02,netEstate[\x20]NE[\x20]Crawler,2,13795
2022-02,yeti,60,554960
2022-02,anthill,1,49184
2022-02,webcopy,1,7638250
2022-02,Screaming[\x20]Frog[\x20]SEO[\x20]Spider/,1,81
2022-02,curl,111,2175404
2022-02,facebook,4,51600
2022-02,FirePHP/,1,13009
2022-02,custo,21,893850
2022-02,Apache\-HttpClient/,176,6523049
2022-02,SurdotlyBot/,2,28910
2022-02,twitterbot,24,218773
2022-02,crawler4j,1,81
2022-02,ruby/,28,533763
2022-02,sitemap,14,17070
2022-02,ltx71,26,1978441
2022-02,Applebot/,672,60370198
2022-02,Slackbot\-LinkExpanding,25,205475
2022-02,crawl,370,102969813
2022-02,Python\-urllib/,7,617021
2022-02,motor,67,975310
2022-02,360Spider,53,742445
2022-02,MSIE[\x20]6,15,182321
2022-02,MojeekBot/,38,246845
2022-02,infobot,289,13658164
2022-02,qwantify,27,79224
2022-02,YisouSpider,310,3368142
2022-02,DuckDuckGo\-Favicons\-Bot/,66,728300
2022-02,python,107,14187276
2022-02,rambler,5,82183
2022-02,java,44,602494
2022-02,wordpress,26,234369
2022-02,favicon,10,189857
2022-02,SeznamBot/,135,1589585
2022-02,"bot[\s_+:,\.\;\/\\-]",410,91442449
2022-02,perl,3,38045
2022-02,Discordbot/,43,15832467
2022-02,yandex,26,60107780
2022-02,2345Explorer/,6,24714
2022-02,nbot,2,162
2022-02,(firefox/)([0-9]\.|[0-1][0]\.),9,276034
2022-02,no_user_agent,186,4165837
2022-02,oBot/,619,7658780
2022-02,MSIE[\x20]5,7,1502285
2022-02,Dalvik/,195,107121196
2022-02,bingpreview,192,5061440
2022-02,php,2,12623
2022-02,"[\s_+:,\.\;\/\\-]bot",513,9785324
2022-02,panscient,236,2509032
2022-02,proximic,4,1347
2022-02,Mail\.RU_Bot/,118,39289875
2022-02,MixrankBot,21,286368
2022-02,SemrushBot/,174,115436
2022-02,tweetedtimes,14,191337
2022-02,libwww\-perl,1,54283
2022-02,LinkCheck,3,57378
2022-02,YandexImages/,12,563374
2022-02,Google[\x20]Web[\x20]Preview,660,5958724
2022-02,^mozilla\/5\.0$,12,86244
2022-02,DomainStatsBot/,25,1280450
2022-02,^Mozilla$,20,228947
2022-02,ia_archiver,4,25281
2022-02,rome[\x20]client,1,19658
2022-02,LinkedInBot/,17,287574
2022-02,Wget/,4,14244971
2022-02,Mediatoolkitbot,1,12878
2022-02,seokicks\.de,9,963
2022-02,CFNetwork,84,2409260
2022-02,smtbot,90,1164032
2022-02,Sogou[\x20]web[\x20]spider/,197,2720751
2022-02,coccoc,360,150808300
2022-02,unknown,127,9324
2022-02,robot,102,909837
2022-02,link,156,1997595
2022-02,feed,19,351204
2022-02,archive\.org_bot,5,7699912
2022-02,blog,10,772937
2022-02,TelegramBot,8,778970
2022-02,SafeDNSBot,3,60361
2022-02,facebookexternalhit/,711,31229494
2023-02,Googlebot/,5498,410060793
2023-02,bingbot/,5229,2108903455
2023-02,core,3860,242685032
2023-02,AhrefsBot/,2229,21997259
2023-02,"bot[\s_+:,\.\;\/\\-]",2042,117682392
2023-02,baidu,1348,704463217
2023-02,Google[\x20]Web[\x20]Preview,816,146495237
2023-02,BLEXBot/,676,174078346
2023-02,Dalvik/,625,95930021
2023-02,CFNetwork,599,14972320
2023-02,microsoft.*discovery,2,0
2023-02,Googlebot\-Image/,132,5056773
2023-02,spider,287,10713947
2023-02,yeti,206,2075478
2023-02,ips\-agent,4,47839
2023-02,Screaming[\x20]Frog[\x20]SEO[\x20]Spider/,4,1550084
2023-02,curl,52,9041939
2023-02,facebook,1,11008
2023-02,custo,2,28970
2023-02,Apache\-HttpClient/,64,59802
2023-02,YandexBot/,69,15511328
2023-02,yacybot,2,14984
2023-02,SurdotlyBot/,6,86870
2023-02,Konqueror/,1,136
2023-02,twitterbot,14,109615
2023-02,ruby/,112,2151684
2023-02,MJ12bot/,131,852730
2023-02,Applebot/,461,26767373
2023-02,nutch,8,7744015
2023-02,Slackbot\-LinkExpanding,8,28450
2023-02,crawl,260,3404632
2023-02,CCBot/,2,6529555
2023-02,Python\-urllib/,6,90914
2023-02,motor,259,2499024
2023-02,MSIE[\x20]6,3,45490
2023-02,MojeekBot/,13,78183
2023-02,infobot,374,13824327
2023-02,PhantomJS,64,597563
2023-02,DuckDuckGo\-Favicons\-Bot/,55,619432
2023-02,YisouSpider,386,3207003
2023-02,qwantify,33,64521
2023-02,python,134,12444480
2023-02,java,10,3172520
2023-02,favicon,10,175850
2023-02,wordpress,26,353267
2023-02,Baiduspider\-image,1,1832
2023-02,SeznamBot/,58,289666
2023-02,linkdexbot/,1,136
2023-02,Discordbot/,31,7112790
2023-02,yandex,3,7654204
2023-02,2345Explorer/,1,4119
2023-02,nbot,5,680
2023-02,Seobility,2,7807
2023-02,no_user_agent,368,33542948
2023-02,oBot/,77,715664
2023-02,microsoft\-webdav\-miniredir,8,52372
2023-02,bingpreview,158,2612697
2023-02,"[\s_+:,\.\;\/\\-]bot",2,38448
2023-02,panscient,276,5898749
2023-02,proximic,1,19239
2023-02,urllib,4,218590
2023-02,Yahoo![\x20]Slurp,1,12711
2023-02,Mail\.RU_Bot/,6,1032
2023-02,SemrushBot/,247,1463269
2023-02,MixrankBot,8,97593
2023-02,linkchecker,3,43453
2023-02,LinkCheck,13,124821
2023-02,YandexImages/,1,665093
2023-02,scanner,1,19225
2023-02,Baiduspider/,175,39713528
2023-02,^mozilla\/5\.0$,17,4275197
2023-02,DomainStatsBot/,24,311679
2023-02,rome[\x20]client,1,21024
2023-02,y!j,14,90573
2023-02,seokicks\.de,53,824791
2023-02,LinkedInBot/,6,178251
2023-02,Wget/,7,80581398
2023-02,coccoc,270,25424386
2023-02,unknown,476,63246
2023-02,Sogou[\x20]web[\x20]spider/,422,5710571
2023-02,robot,15,1178643
2023-02,dataprovider\.com,72,834114
2023-02,link,20,0
2023-02,feed,37,7529539
2023-02,archive\.org_bot,1,136
2023-02,blog,11,444041
2023-02,TelegramBot,13,14454682
2023-02,facebookexternalhit/,344,45873868
2023-02,seek,253,120027969
2024-02,Googlebot/,8289,1186756363
2024-02,bingbot/,6239,456895144
2024-02,AhrefsBot/,2359,17340612
2024-02,crawl,2027,57867690
2024-02,core,1146,9328385
2024-02,Baiduspider/,1111,103161881
2024-02,Applebot/,1003,11664010
2024-02,baidu,997,65469220
2024-02,YisouSpider,898,22804099
2024-02,oBot/,728,53037527
2024-02,robot,17,152940
2024-02,Python\-urllib/,14,853620141
2024-02,proximic,2,23290
2024-02,Discordbot/,19,625272
2024-02,nbot,170,25781124
2024-02,java,4,344
2024-02,Screaming[\x20]Frog[\x20]SEO[\x20]Spider/,1,136
2024-02,python,50,4823146
2024-02,webcopy,20,0
2024-02,Googlebot\-Image/,374,21708922
2024-02,rome[\x20]client,1,21024
2024-02,^mozilla\/5\.0$,13,0
2024-02,Wget/,1,51564
2024-02,BLEXBot/,33,346378
2024-02,Konqueror/,2,20424
2024-02,yeti,45,380141
2024-02,SafeDNSBot,3,51426
2024-02,SeznamBot/,137,10586585
2024-02,microsoft.*discovery,2,0
2024-02,link,55,309997
2024-02,Seobility,2,9609
2024-02,panscient,195,4711293
2024-02,curl,390,10958279
2024-02,coccoc,267,11946586
2024-02,Sogou[\x20]web[\x20]spider/,663,36038873
2024-02,motor,1,19416
2024-02,ia_archiver,5,54606
2024-02,qwantify,3,12357
2024-02,dataprovider\.com,69,1084152
2024-02,SurdotlyBot/,5,62888
2024-02,blog,7,500171
2024-02,Mediapartners-Google,1,7977
2024-02,Apache\-HttpClient/,83,133629
2024-02,Windows[\x20]95,1,1094
2024-02,ruby/,109,1902615
2024-02,wordpress,16,4301625
2024-02,DuckDuckGo\-Favicons\-Bot/,64,659715
2024-02,Slackbot\-LinkExpanding,6,7280
2024-02,no_user_agent,585,20580367
2024-02,MojeekBot/,17,14275
2024-02,"bot[\s_+:,\.\;\/\\-]",338,38307645
2024-02,anthill,44,2421955
2024-02,feed,695,11737600
2024-02,spider,3,64293
2024-02,SemrushBot/,290,2084723
2024-02,Google[\x20]Web[\x20]Preview,437,75460349
2024-02,urllib,10,366925
2024-02,TelegramBot,13,3217363
2024-02,favicon,20,249407
2024-02,LinkedInBot/,2,76649
2024-02,checker,8,50906
2024-02,facebookexternalhit/,435,110277932
2024-02,CCBot/,41,905292
2024-02,LinkCheck,6,40357
2024-02,Dalvik/,159,36322037
2024-02,DomainStatsBot/,24,1115429
2024-02,linkbot,8,15869
2024-02,y!j,191,1431269
2024-02,twitterbot,16,105463
2024-02,unknown,158,20266
2024-02,CFNetwork,205,1618798
2024-02,"[\s_+:,\.\;\/\\-]bot",177,988608
2025-02,bingbot/,689153,7509280860
2025-02,wordpress,16012,136995459
2025-02,AhrefsBot/,3634,25365963
2025-02,Googlebot/,2935,1412860797
2025-02,crawl,2291,31023526
2025-02,unknown,1913,259205
2025-02,curl,1568,84224458
2025-02,SemrushBot/,1172,6068203
2025-02,core,771,203910329
2025-02,Baiduspider/,711,99784269
2025-02,^mozilla\/5\.0$,2,21875
2025-02,nbot,6,12128
2025-02,msnbot\-media/,1,11448
2025-02,seokicks\.de,178,2276929
2025-02,facebookexternalhit/,275,50660629
2025-02,baidu,446,37163036
2025-02,Apache\-HttpClient/,85,17970
2025-02,Screaming[\x20]Frog[\x20]SEO[\x20]Spider/,9,17981
2025-02,yacybot,1,136
2025-02,checker,200,774875
2025-02,DomainStatsBot/,3,188
2025-02,Google[\x20]Web[\x20]Preview,365,107520789
2025-02,SeznamBot/,216,10289383
2025-02,Applebot/,673,23776226
2025-02,Yahoo![\x20]Slurp,7,101694
2025-02,bbot,22,260248
2025-02,php,44,1661338
2025-02,coccoc,290,23783835
2025-02,Google\-Adwords\-Instant,2,18216
2025-02,Python\-urllib/,7,3874955
2025-02,Googlebot\-Image/,288,24673557
2025-02,Slackbot\-LinkExpanding,24,169096
2025-02,robot,40,3648653
2025-02,LinkCheck,2,319
2025-02,oBot/,68,579552
2025-02,SurdotlyBot/,6,68617
2025-02,MixrankBot,22,204199
2025-02,no_user_agent,194,3902948
2025-02,archive\.org_bot,1,12341
2025-02,ruby/,6,101988
2025-02,linkbot,15,55071
2025-02,BLEXBot/,45,457613
2025-02,MojeekBot/,97,331312
2025-02,MSIE[\x20]2,1,0
2025-02,LinkedInBot/,1,19416
2025-02,YisouSpider,320,53739701
2025-02,python,109,12303946
2025-02,anthill,64,3230314
2025-02,Dalvik/,31,16291260
2025-02,CFNetwork,185,6719621
2025-02,YandexBot/,3,93
2025-02,link,113,4183272
2025-02,Wget/,2,366
2025-02,feed,340,88556
2025-02,facebook,7,1021890
2025-02,java,7,0
2025-02,"[\s_+:,\.\;\/\\-]bot",1,11449
2025-02,blog,9,630684
2025-02,Sogou[\x20]web[\x20]spider/,695,7355900
2025-02,yeti,63,2312867
2025-02,Xenu[\x20]Link[\x20]Sleuth,1,0
2025-02,TelegramBot,11,109859
2025-02,y!j,22,128213
2025-02,"bot[\s_+:,\.\;\/\\-]",586,31674470
2025-02,dataprovider\.com,104,4346646
2025-02,favicon,9,136058
2025-02,Discordbot/,17,454772
2025-02,internetarchive,1,0
2025-02,twitterbot,5,198280
2025-02,spider,41,5556860
2026-02,bingbot/,342707,4109689386
2026-02,"[\s_+:,\.\;\/\\-]bot",21658,16985120650
2026-02,"bot[\s_+:,\.\;\/\\-]",3846,186318991
2026-02,AhrefsBot/,3427,28369607
2026-02,robot,3148,101113924
2026-02,wordpress,2344,24563632
2026-02,Googlebot/,1798,366600083
2026-02,Sogou[\x20]web[\x20]spider/,1764,32515086
2026-02,SemrushBot/,1234,6475247
2026-02,crawl,1002,15977129
2026-02,Yahoo![\x20]Slurp,7,147423
2026-02,Baiduspider\-image,1,6111
2026-02,Applebot/,896,37027241
2026-02,ResearchBot,6,151903
2026-02,baidu,40,1143600
2026-02,TelegramBot,19,6735199
2026-02,Baiduspider/,6,451683
2026-02,oBot/,269,19743102
2026-02,YisouSpider,303,11190843
2026-02,coccoc,348,16806077
2026-02,archive\.org_bot,1,1065
2026-02,Windows[\x20]98,8,64344
2026-02,seek,17,173781
2026-02,CFNetwork,73,1657311
2026-02,nbot,6,544
2026-02,linkchecker,8,1088
2026-02,smtbot,2,25936
2026-02,yacybot,2,18580
2026-02,facebook,189,58246369
2026-02,yeti,82,3426548
2026-02,internetarchive,1,0
2026-02,checker,26,430293
2026-02,Slackbot\-LinkExpanding,7,47552
2026-02,core,327,8187416
2026-02,Googlebot\-Image/,188,23439050
2026-02,^mozilla\/5\.0$,101,5173166
2026-02,Windows[\x20]95,1,679
2026-02,proximic,1,18444
2026-02,unknown,532,65764
2026-02,Python\-urllib/,70,66707034
2026-02,blog,9,711344
2026-02,no_user_agent,259,5162728
2026-02,Google[\x20]Web[\x20]Preview,207,4709100
2026-02,curl,232,6164665
2026-02,Screaming[\x20]Frog[\x20]SEO[\x20]Spider/,5,88641
2026-02,SeznamBot/,214,7610770
2026-02,LinkCheck,1,10436
2026-02,validator,4,253196
2026-02,Seobility,1,10422
2026-02,java,12,0
2026-02,Mediapartners-Google,21,923647
2026-02,spider,143,8891966
2026-02,favicon,3,55473
2026-02,YandexBot/,3,38907
2026-02,360Spider,76,2590354
2026-02,custo,1,12970
2026-02,y!j,18,120101
2026-02,feed,46,357548
2026-02,ips\-agent,1,136
2026-02,webcopy,3,7638250
2026-02,DomainStatsBot/,36,2046392
2026-02,microsoft.*discovery,1,64905
2026-02,Dalvik/,24,10821820
2026-02,LinkedInBot/,1,19416
2026-02,titan,1,12968
2026-02,facebookexternalhit/,569,1063126783
2026-02,urllib,2,15954
2026-02,MojeekBot/,80,328747
2026-02,bingpreview,8,906151
2026-02,SurdotlyBot/,1,13101
2026-02,nutch,9,46090
2026-02,motor,1,14876
2026-02,Discordbot/,20,3512646
2026-02,link,637,202746296
2026-02,DataCrawler/,1,12970
2026-02,argus,94,2380373
2026-02,dataprovider\.com,37,1199094
2026-02,AdsBot\-Google[\x20]\(,36,981625
2026-02,python,68,43965622
2026-02,FurlBot/,14,1499510
2026-02,Apache\-HttpClient/,56,14308
2017-03,"bot[\s_+:,\.\;\/\\-]",16296,1351662535
2017-03,crawl,1574,48717996
2017-03,robot,748,47286028
2017-03,no_user_agent,566,45412627
2017-03,slurp,566,24890569
2017-03,"[\s_+:,\.\;\/\\-]bot",423,40599424
2017-03,spider,387,34038121
2017-03,php,297,19371129
2017-03,msnbot\-media,135,26033639
2017-03,google[_+\s]web[_+\s]preview,109,1903731
2017-03,bingpreview,96,115240962
2017-03,googlebot,11,8726122
2017-03,ia_archiver,9,65734
2017-03,discovery,7,179154
2017-03,checker,3,100194
2021-03,MSIE[\x20]6,6592,21165302
2021-03,Googlebot/,6180,1126762315
2021-03,core,4657,647426056
2021-03,bingbot/,4202,765614136
2021-03,baidu,1446,76601524
2021-03,MJ12bot/,1366,31788147
2021-03,infobot,1113,32210860
2021-03,BLEXBot/,961,46706315
2021-03,spider,666,66123869
2021-03,AhrefsBot/,665,19800714
2021-03,Googlebot\-Image/,213,8485483
2021-03,DotBot/,13,1001
2021-03,yeti,28,253125
2021-03,Google\-Adwords\-Instant,1,8113
2021-03,Screaming[\x20]Frog[\x20]SEO[\x20]Spider/,5,159141
2021-03,curl,88,5559260
2021-03,custo,25,201734
2021-03,Apache\-HttpClient/,364,441883
2021-03,YandexBot/,544,84631991
2021-03,SurdotlyBot/,3,19963
2021-03,fetcher,1,9947
2021-03,Konqueror/,2,12096
2021-03,testbot,5,20263
2021-03,twitterbot,25,150614
2021-03,MSIE[\x20]4,1,7753
2021-03,GrapeshotCrawler/,4,20043
2021-03,ltx71,120,851168
2021-03,linkbot,6,16696
2021-03,Applebot/,398,3734977
2021-03,Slackbot\-LinkExpanding,26,3269456
2021-03,nutch,1,3100096
2021-03,crawl,318,20464693
2021-03,Python\-urllib/,5,38824
2021-03,Windows[\x20]98,3,368602
2021-03,motor,109,54226154
2021-03,360Spider,57,516076
2021-03,MojeekBot/,10,45544
2021-03,DuckDuckGo\-Favicons\-Bot/,76,679662
2021-03,qwantify,57,621999
2021-03,YisouSpider,100,3529555
2021-03,movabletype,1,8539
2021-03,python,180,1118566
2021-03,wordpress,26,6366435
2021-03,ELinks/,1,9947
2021-03,java,13,142596
2021-03,favicon,326,2667762
2021-03,SeznamBot/,623,17533732
2021-03,linkdexbot/,5,37789
2021-03,"bot[\s_+:,\.\;\/\\-]",374,28376843
2021-03,internetarchive,1,0
2021-03,SBL\-BOT,2,21968
2021-03,checker,2,10027
2021-03,Discordbot/,91,8564099
2021-03,2345Explorer/,8,36734
2021-03,yandex,12,72576
2021-03,nbot,1,80
2021-03,commons\-httpclient,10,300457
2021-03,(firefox/)([0-9]\.|[0-1][0]\.),188,926917
2021-03,no_user_agent,505,28185349
2021-03,oBot/,564,2411260
2021-03,MSIE[\x20]5,3,66042
2021-03,microsoft\-webdav\-miniredir,5,15636628
2021-03,Dalvik/,184,101878363
2021-03,AdsBot\-Google[\x20]\(,7,437777
2021-03,bingpreview,305,89326944
2021-03,"[\s_+:,\.\;\/\\-]bot",13,33103
2021-03,php,1,200
2021-03,panscient,198,1375508
2021-03,proximic,19,99142
2021-03,Yahoo![\x20]Slurp,1,9946
2021-03,Mail\.RU_Bot/,235,29352819
2021-03,SemrushBot/,429,2319031
2021-03,linkchecker,1,80
2021-03,LinkCheck,1,14795
2021-03,discover,74,165283
2021-03,YandexImages/,35,1908228
2021-03,Google[\x20]Web[\x20]Preview,319,37907388
2021-03,Links[\x20]\(,2,28142
2021-03,DomainStatsBot/,24,796106
2021-03,^mozilla\/5\.0$,328,2133975
2021-03,AdIdxBot/,1,76313
2021-03,rome[\x20]client,2,129312
2021-03,y!j,2,8046
2021-03,seokicks\.de,102,1256256
2021-03,MSIECrawler,1,7116
2021-03,Wget/,174,4903146
2021-03,CFNetwork,278,2384975
2021-03,smtbot,12,36609
2021-03,Deepnet[\x20]Explorer,1,9946
2021-03,unknown,204,15352
2021-03,Sogou[\x20]web[\x20]spider/,502,4026784
2021-03,coccoc,196,4730350
2021-03,TweetmemeBot/,3,28473
2021-03,Windows[\x20]95,1,13765
2021-03,Validator\.nu/,1,9946
2021-03,lwp\-trivial,1,9940
2021-03,robot,98,1275523
2021-03,link,169,118388525
2021-03,feed,4,149190
2021-03,blog,7,377142
2021-03,TelegramBot,8,108346
2021-03,MSIE[\x20]3,2,1850
2021-03,ELinks[\x20]\(,1,7613
2021-03,facebookexternalhit/,396,16761340
2022-03,Googlebot/,8469,1571502341
2022-03,core,6899,368281290
2022-03,baidu,4609,54933296
2022-03,bingbot/,3552,348112503
2022-03,BLEXBot/,1538,139882167
2022-03,Wget/,1140,947675189
2022-03,MJ12bot/,1006,1892001
2022-03,crawl,850,96746506
2022-03,oBot/,844,12364809
2022-03,AhrefsBot/,770,8051587
2022-03,microsoft.*discovery,1,0
2022-03,Googlebot\-Image/,168,7926581
2022-03,YandexMetrika/,1,13712
2022-03,spider,266,52335246
2022-03,DotBot/,12,59102
2022-03,netEstate[\x20]NE[\x20]Crawler,146,1199214
2022-03,yeti,99,1155498
2022-03,curl,79,2404530
2022-03,facebook,1,13712
2022-03,custo,25,1034690
2022-03,Apache\-HttpClient/,177,13665
2022-03,YandexBot/,749,226299711
2022-03,SurdotlyBot/,3,28085
2022-03,twitterbot,22,157497
2022-03,ruby/,48,903924
2022-03,linkbot,6,5656
2022-03,ltx71,1,81
2022-03,Applebot/,498,29492376
2022-03,Slackbot\-LinkExpanding,19,253591
2022-03,Python\-urllib/,22,1079238
2022-03,motor,204,8217052
2022-03,360Spider,65,892536
2022-03,MSIE[\x20]6,445,2132659
2022-03,MojeekBot/,29,151710
2022-03,infobot,29,1339484
2022-03,YisouSpider,326,3021706
2022-03,DuckDuckGo\-Favicons\-Bot/,76,827744
2022-03,qwantify,57,3735840
2022-03,python,176,13961884
2022-03,java,381,6523003
2022-03,favicon,11,207464
2022-03,wordpress,29,13251060
2022-03,SeznamBot/,112,11458269
2022-03,"bot[\s_+:,\.\;\/\\-]",675,99497175
2022-03,linkdexbot/,7,87058
2022-03,Discordbot/,44,16629707
2022-03,2345Explorer/,9,70158
2022-03,yandex,13,13126853
2022-03,(firefox/)([0-9]\.|[0-1][0]\.),59,682486
2022-03,no_user_agent,266,12619270
2022-03,Dalvik/,441,131968497
2022-03,MSIE[\x20]5,1,96044
2022-03,bingpreview,90,2260463
2022-03,"[\s_+:,\.\;\/\\-]bot",469,8696367
2022-03,php,2,12155
2022-03,proximic,3,1020
2022-03,Mail\.RU_Bot/,161,13036618
2022-03,Yahoo![\x20]Slurp,1,13716
2022-03,SemrushBot/,269,122306
2022-03,LinkCheck,6,61328
2022-03,linkchecker,3,56460
2022-03,YandexImages/,49,2791289
2022-03,Google[\x20]Web[\x20]Preview,612,62921024
2022-03,DomainStatsBot/,25,1262621
2022-03,^mozilla\/5\.0$,31,6560215
2022-03,^Mozilla$,4,14099
2022-03,rome[\x20]client,1,19658
2022-03,seokicks\.de,8,856
2022-03,LinkedInBot/,3,260523
2022-03,CFNetwork,92,960405
2022-03,smtbot,120,1332038
2022-03,Sogou[\x20]web[\x20]spider/,277,3916912
2022-03,unknown,167,11546
2022-03,coccoc,420,138481551
2022-03,robot,155,2117041
2022-03,link,283,3680434
2022-03,feed,31,598660
2022-03,archive\.org_bot,7,469
2022-03,blog,7,533838
2022-03,TelegramBot,8,609067
2022-03,facebookexternalhit/,469,196818461
2023-03,Googlebot/,10386,690665268
2023-03,core,8779,786633313
2023-03,bingbot/,6406,2085648058
2023-03,AhrefsBot/,3164,35001741
2023-03,"bot[\s_+:,\.\;\/\\-]",1693,154680721
2023-03,baidu,1653,86169687
2023-03,oBot/,822,54942178
2023-03,CFNetwork,741,11477511
2023-03,Sogou[\x20]web[\x20]spider/,734,9422931
2023-03,Applebot/,705,7280724
2023-03,microsoft.*discovery,1,0
2023-03,Googlebot\-Image/,206,13612586
2023-03,spider,560,463642290
2023-03,webcopy,7,29684
2023-03,yeti,310,10235434
2023-03,Google\-Adwords\-Instant,1,14483
2023-03,Screaming[\x20]Frog[\x20]SEO[\x20]Spider/,5,18194
2023-03,curl,85,10826135
2023-03,custo,4,57980
2023-03,Apache\-HttpClient/,78,143314
2023-03,YandexBot/,15,17299418
2023-03,SurdotlyBot/,8,101433
2023-03,Konqueror/,1,136
2023-03,twitterbot,28,227161
2023-03,MJ12bot/,179,1273554
2023-03,ruby/,124,2382544
2023-03,^mozilla\/4\.0\s\(compatible;\)$,4,43393
2023-03,Slackbot\-LinkExpanding,3,4555
2023-03,crawl,575,5394706
2023-03,CCBot/,56,3282280
2023-03,Python\-urllib/,10,731620401
2023-03,motor,163,4890540
2023-03,MSIE[\x20]6,5,202109
2023-03,MojeekBot/,7,6084
2023-03,infobot,34,483749
2023-03,PhantomJS,40,356858
2023-03,DuckDuckGo\-Favicons\-Bot/,45,508198
2023-03,qwantify,50,111078
2023-03,YisouSpider,301,2591473
2023-03,python,122,2393962
2023-03,wordpress,24,7904906
2023-03,favicon,13,234074
2023-03,java,7,73642
2023-03,SeznamBot/,153,5729849
2023-03,linkdexbot/,7,84267
2023-03,internetarchive,1,0
2023-03,Discordbot/,40,8022478
2023-03,yandex,2,6513029
2023-03,2345Explorer/,7,24714
2023-03,nbot,2,272
2023-03,no_user_agent,348,5883066
2023-03,Dalvik/,629,143593894
2023-03,microsoft\-webdav\-miniredir,8,52372
2023-03,bingpreview,346,31431225
2023-03,"[\s_+:,\.\;\/\\-]bot",1,19222
2023-03,proximic,1,19244
2023-03,urllib,1,6505052
2023-03,Mail\.RU_Bot/,5,7638938
2023-03,MixrankBot,10,106038
2023-03,SemrushBot/,207,454086
2023-03,linkchecker,6,101742
2023-03,LinkCheck,132,1580805
2023-03,Baiduspider/,166,46196994
2023-03,Google[\x20]Web[\x20]Preview,569,129406536
2023-03,^mozilla\/5\.0$,16,1175101
2023-03,DomainStatsBot/,24,312760
2023-03,BLEXBot/,232,47289133
2023-03,rome[\x20]client,1,21024
2023-03,y!j,19,7767562
2023-03,LinkedInBot/,10,292484
2023-03,Wget/,17,156136256
2023-03,seokicks\.de,79,1069371
2023-03,coccoc,428,23134429
2023-03,unknown,601,78505
2023-03,robot,16,634769
2023-03,link,348,4473979
2023-03,dataprovider\.com,71,832067
2023-03,feed,49,12375701
2023-03,blog,16,884640
2023-03,Mojolicious,1,17888
2023-03,TelegramBot,16,191502
2023-03,facebookexternalhit/,376,6184259
2023-03,seek,55,1521918
2024-03,bingbot/,7417,1076667631
2024-03,Googlebot/,5923,872820899
2024-03,core,5785,363973632
2024-03,AhrefsBot/,2104,15669812
2024-03,baidu,2024,50952251
2024-03,Baiduspider/,1629,247442054
2024-03,Applebot/,1277,11335625
2024-03,crawl,967,16323700
2024-03,oBot/,902,2963729
2024-03,Sogou[\x20]web[\x20]spider/,811,25371194
2024-03,curl,485,33439990
2024-03,Apache\-HttpClient/,136,594316
2024-03,TelegramBot,14,3415564
2024-03,SeznamBot/,189,3362215
2024-03,feed,777,13232898
2024-03,Googlebot\-Image/,321,23639995
2024-03,"bot[\s_+:,\.\;\/\\-]",710,47098490
2024-03,Python\-urllib/,44,3532719245
2024-03,^Mozilla$,2,103128
2024-03,wordpress,20,8915746
2024-03,bingpreview,8,169555
2024-03,linkbot,2,183
2024-03,Mediapartners-Google,37,332377
2024-03,favicon,23,283587
2024-03,yeti,90,1095070
2024-03,twitterbot,18,120459
2024-03,MojeekBot/,12,31993
2024-03,blog,11,779687
2024-03,CFNetwork,225,2722997
2024-03,Google[\x20]Web[\x20]Preview,684,214002509
2024-03,anthill,53,2867611
2024-03,DuckDuckGo\-Favicons\-Bot/,75,770040
2024-03,nutch,229,1645804
2024-03,link,44,367099
2024-03,CCBot/,6,114522
2024-03,facebookexternalhit/,711,556596745
2024-03,LinkCheck,2,10948
2024-03,yie8,1,51564
2024-03,W3C_Validator/,1,3905
2024-03,urllib,1,163450
2024-03,MixrankBot,9,78782
2024-03,Dalvik/,246,48666497
2024-03,^mozilla\/4\.0\s\(compatible;\)$,1,71171
2024-03,seokicks\.de,55,678938
2024-03,Slackbot\-LinkExpanding,7,9048
2024-03,^mozilla\/5\.0$,8,44612
2024-03,rogerbot/,2,26868
2024-03,java,11,3276203
2024-03,SurdotlyBot/,8,88170
2024-03,dataprovider\.com,69,1056880
2024-03,ruby/,124,2151956
2024-03,proximic,1,17371
2024-03,spider,4,103430
2024-03,ELinks/,1,1014
2024-03,YisouSpider,697,26263992
2024-03,ia_archiver,25,1015540
2024-03,python,64,2785966
2024-03,LinkedInBot/,2,76649
2024-03,Wget/,3,14267316
2024-03,php,49,385958
2024-03,SemrushBot/,556,4240938
2024-03,facebook,1,679
2024-03,BLEXBot/,53,364371
2024-03,seek,167,121638344
2024-03,2345Explorer/,1,4119
2024-03,Discordbot/,25,1074537
2024-03,heritrix,2,351399
2024-03,rome[\x20]client,1,21089
2024-03,yacybot,3,408
2024-03,y!j,129,953057
2024-03,robot,26,482842
2024-03,unknown,366,48517
2024-03,coccoc,289,14021964
2024-03,"[\s_+:,\.\;\/\\-]bot",251,1580771
2024-03,DomainStatsBot/,48,2221179
2024-03,nbot,287,37104650
2024-03,no_user_agent,697,22275993
2024-03,Konqueror/,1,637
2025-03,bingbot/,532959,5750222594
2025-03,wordpress,11380,91658965
2025-03,AhrefsBot/,5440,34611784
2025-03,Googlebot/,3371,1375640075
2025-03,crawl,2939,29252972
2025-03,core,2108,267202063
2025-03,SemrushBot/,1319,6171590
2025-03,Baiduspider/,894,120000829
2025-03,"bot[\s_+:,\.\;\/\\-]",882,37433408
2025-03,Applebot/,744,22785649
2025-03,unknown,362,42340
2025-03,motor,21,409541
2025-03,twitterbot,4,11845
2025-03,blog,13,911346
2025-03,Apache\-HttpClient/,100,20568
2025-03,no_user_agent,278,14289579
2025-03,BLEXBot/,50,1169087
2025-03,Google[\x20]Web[\x20]Preview,371,107031090
2025-03,nutch,3,20994
2025-03,Google\-Adwords\-Instant,1,9111
2025-03,bbot,22,250320
2025-03,java,15,6280568
2025-03,DomainStatsBot/,35,1659536
2025-03,Slackbot\-LinkExpanding,3,16212
2025-03,y!j,24,147777
2025-03,Sogou[\x20]web[\x20]spider/,733,7471276
2025-03,Windows[\x20]95,2,395974
2025-03,link,138,3448902
2025-03,linkbot,21,77736
2025-03,curl,667,38722440
2025-03,MixrankBot,1,9109
2025-03,Dalvik/,30,18122519
2025-03,scanner,1,11450
2025-03,MojeekBot/,65,264024
2025-03,Windows[\x20]98,5,5151
2025-03,CFNetwork,212,7843927
2025-03,checker,90,361763
2025-03,LinkCheck,10,20049
2025-03,oBot/,80,989599
2025-03,facebookexternalhit/,474,75156490
2025-03,Yahoo![\x20]Slurp,1,16990
2025-03,spider,20,543502
2025-03,python,48,38260326
2025-03,proximic,11,150420
2025-03,anthill,53,2685024
2025-03,dataprovider\.com,66,2714516
2025-03,facebook,2,17668
2025-03,arks,2,20037
2025-03,robot,19,2156069
2025-03,feed,634,3447792
2025-03,coccoc,305,25341593
2025-03,SurdotlyBot/,14,114693
2025-03,^mozilla\/5\.0$,38,351174
2025-03,YisouSpider,401,27974854
2025-03,Wget/,6,21226763
2025-03,favicon,11,186975
2025-03,LinkedInBot/,4,214820
2025-03,SeznamBot/,266,3462442
2025-03,YandexBot/,6,68694
2025-03,seek,16,198237
2025-03,nbot,2,17127
2025-03,Discordbot/,55,4264952
2025-03,ips\-agent,1,136
2025-03,2345Explorer/,1,926
2025-03,yeti,96,3292231
2025-03,TestCrawler,3,21000
2025-03,TelegramBot,9,3196410
2025-03,baidu,665,42762154
2025-03,bingpreview,1,1
2025-03,Googlebot\-Image/,512,48111923
2025-03,Python\-urllib/,7,243761883
2026-03,bingbot/,260257,3304501491
2026-03,"[\s_+:,\.\;\/\\-]bot",22039,18984800663
2026-03,robot,4917,92895129
2026-03,"bot[\s_+:,\.\;\/\\-]",3863,155006315
2026-03,AhrefsBot/,3003,19877892
2026-03,wordpress,2799,29194670
2026-03,Applebot/,1899,94904902
2026-03,Googlebot/,1745,296476341
2026-03,Sogou[\x20]web[\x20]spider/,1679,45644086
2026-03,crawl,1358,27149466
2026-03,argus,481,31164712
2026-03,link,147,51693493
2026-03,validator,1,181
2026-03,Screaming[\x20]Frog[\x20]SEO[\x20]Spider/,10,2251518
2026-03,^mozilla\/5\.0$,45,264896496
2026-03,favicon,5,90950
2026-03,360Spider,6,105720
2026-03,unknown,643,98734
2026-03,ips\-agent,5,50213
2026-03,CFNetwork,89,17780543
2026-03,hunter,1,0
2026-03,FurlBot/,15,285961
2026-03,Dalvik/,38,25589154
2026-03,YandexBot/,14,178234
2026-03,Googlebot\-Image/,181,25407640
2026-03,facebookexternalhit/,790,121961445
2026-03,proximic,4,52853
2026-03,coccoc,364,20161981
2026-03,archive\.org_bot,2,1114
2026-03,core,496,11696233
2026-03,ResearchBot,1,12968
2026-03,^Mozilla$,1,57975
2026-03,sitemap,41,370770
2026-03,php,21,393826
2026-03,Slackbot\-LinkExpanding,5,46652
2026-03,SeznamBot/,185,6280585
2026-03,Wget/,4,249190
2026-03,curl,231,60107904
2026-03,no_user_agent,566,7588195
2026-03,SurdotlyBot/,3,37758
2026-03,bingpreview,6,54759
2026-03,YisouSpider,288,11168843
2026-03,MixrankBot,11,112875
2026-03,custo,2,15043
2026-03,facebook,116,7190736
2026-03,TelegramBot,7,1009669
2026-03,Discordbot/,36,4564480
2026-03,discover,3,13224
2026-03,Windows[\x20]98,22,2843402
2026-03,Mediapartners-Google,19,1051027
2026-03,python,175,129061551
2026-03,SemrushBot/,620,3010657
2026-03,baidu,249,15196768
2026-03,smtbot,4,49664
2026-03,microsoft\-webdav\-miniredir,8,511652
2026-03,yacybot,1,136
2026-03,scanner,2,12402
2026-03,Python\-urllib/,513,492580245
2026-03,Yahoo![\x20]Slurp,5,113973
2026-03,Baiduspider/,13,211797
2026-03,LinkCheck,4,45172
2026-03,fetcher,6,142398
2026-03,titan,1,12970
2026-03,LinkedInBot/,31,385492
2026-03,urllib,2,20869
2026-03,PhantomJS,1,10435
2026-03,libwww\-perl,1,10711
2026-03,nutch,5,21830
2026-03,dataprovider\.com,34,1021974
2026-03,Google[\x20]Web[\x20]Preview,356,7617466
2026-03,Xenu[\x20]Link[\x20]Sleuth,1,0
2026-03,getbot,1,10435
2026-03,MojeekBot/,82,309440
2026-03,Apache\-HttpClient/,55,13972
2026-03,webcollage,1,202143
2026-03,AdsBot\-Google[\x20]\(,12,289530
2026-03,blog,30,658237
2026-03,feed,29,78914
2026-03,java,60,10453104
2026-03,DomainStatsBot/,36,2047909
2026-03,Windows[\x20]95,6,31916
2026-03,oBot/,304,45927097
2026-03,nbot,5,27346
2026-03,linkchecker,10,1304
2026-03,yeti,99,3659812
2026-03,checker,48,289502
2017-04,"bot[\s_+:,\.\;\/\\-]",16187,1624721415
2017-04,crawl,2115,26398662
2017-04,robot,565,29057469
2017-04,spider,462,11971484
2017-04,msnbot\-media,243,59466988
2017-04,php,190,8361345
2017-04,google[_+\s]web[_+\s]preview,189,12965923
2017-04,"[\s_+:,\.\;\/\\-]bot",178,17572057
2017-04,no_user_agent,158,26155258
2017-04,slurp,156,13531008
2017-04,googlebot,150,5525377
2017-04,bingpreview,115,122010719
2017-04,curl,74,2641046
2017-04,checker,41,1035738
2017-04,ia_archiver,12,166768
2017-04,discovery,12,63692
2017-04,googlebot\-image,9,767138
2017-04,netcraft,1,32877
2021-04,Googlebot/,5033,943502422
2021-04,bingbot/,4393,657774600
2021-04,core,4347,1463807372
2021-04,MSIE[\x20]6,3959,4494442
2021-04,infobot,2073,98696587
2021-04,baidu,1484,62033384
2021-04,crawl,1185,64933865
2021-04,"bot[\s_+:,\.\;\/\\-]",991,46600173
2021-04,AhrefsBot/,861,20209823
2021-04,BLEXBot/,839,97770945
2021-04,Googlebot\-Image/,141,7239108
2021-04,YandexMetrika/,10,1034123
2021-04,spider,204,55829717
2021-04,DotBot/,387,25962404
2021-04,yeti,62,1670493
2021-04,ips\-agent,4,34839
2021-04,curl,70,3808317
2021-04,facebook,1,14833
2021-04,geturl,23,355180
2021-04,custo,10,267260
2021-04,idmarch[\x20]Automatic\.beta/,1,66
2021-04,Apache\-HttpClient/,214,348059
2021-04,YandexBot/,776,59525795
2021-04,SurdotlyBot/,1,9989
2021-04,Konqueror/,3,187111
2021-04,twitterbot,24,143993
2021-04,youdao,22,619978
2021-04,MJ12bot/,544,4247801
2021-04,^mozilla\/4\.0\s\(compatible;\)$,1,33470
2021-04,GrapeshotCrawler/,4,20140
2021-04,linkbot,9,9598
2021-04,ltx71,49,114313
2021-04,Applebot/,392,28153538
2021-04,Slackbot\-LinkExpanding,7,42811
2021-04,nutch,2,108100
2021-04,CCBot/,107,803227
2021-04,Python\-urllib/,1,53946
2021-04,motor,43,1974862
2021-04,360Spider,176,641405
2021-04,MojeekBot/,4,17479
2021-04,PhantomJS,5,287096
2021-04,DuckDuckGo\-Favicons\-Bot/,52,463307
2021-04,qwantify,24,77632
2021-04,YisouSpider,144,4148310
2021-04,python,140,8570887
2021-04,java,11,95547
2021-04,wordpress,23,120717
2021-04,favicon,335,2775721
2021-04,SeznamBot/,466,48652584
2021-04,linkdexbot/,5,30502
2021-04,Discordbot/,68,1699683
2021-04,2345Explorer/,27,3306488
2021-04,yandex,10,60480
2021-04,ichiro,2,154
2021-04,(firefox/)([0-9]\.|[0-1][0]\.),27,114337
2021-04,oBot/,792,62076843
2021-04,no_user_agent,187,40035460
2021-04,Dalvik/,247,102375795
2021-04,AdsBot\-Google[\x20]\(,10,558103
2021-04,bingpreview,347,82128587
2021-04,"[\s_+:,\.\;\/\\-]bot",12,22764
2021-04,Mediapartners-Google,2,24823
2021-04,proximic,3,2767
2021-04,Mail\.RU_Bot/,114,6597165
2021-04,Yahoo![\x20]Slurp,1,14835
2021-04,SemrushBot/,524,2108083
2021-04,libwww\-perl,4,419944
2021-04,LinkCheck,2,29663
2021-04,linkchecker,1,80
2021-04,discover,22,12256
2021-04,YandexImages/,18,1123662
2021-04,Google[\x20]Web[\x20]Preview,266,23344640
2021-04,DomainStatsBot/,28,35472
2021-04,^mozilla\/5\.0$,141,962297
2021-04,^Mozilla$,2,43460
2021-04,rome[\x20]client,1,64665
2021-04,seokicks\.de,98,1200213
2021-04,Wget/,23,1081792
2021-04,CFNetwork,320,5887868
2021-04,smtbot,14,48598
2021-04,Sogou[\x20]web[\x20]spider/,520,11336531
2021-04,unknown,178,13526
2021-04,coccoc,226,4518124
2021-04,Validator\.nu/,1,9990
2021-04,robot,92,1511145
2021-04,link,59,1526229
2021-04,feed,4,149294
2021-04,archive\.org_bot,4,15276632
2021-04,blog,9,486389
2021-04,TelegramBot,8,111458
2021-04,SafeDNSBot,9,100746
2021-04,facebookexternalhit/,371,14511885
2022-04,core,10450,881038198
2022-04,Googlebot/,7035,1064422582
2022-04,bingbot/,3570,389520671
2022-04,oBot/,2733,49151820
2022-04,baidu,1279,12930760
2022-04,YandexBot/,1263,132956735
2022-04,MJ12bot/,838,2280201
2022-04,BLEXBot/,753,87666189
2022-04,AhrefsBot/,723,7731431
2022-04,crawl,723,76519377
2022-04,microsoft.*discovery,3,0
2022-04,Googlebot\-Image/,164,13171184
2022-04,spider,238,69837439
2022-04,DotBot/,321,14366673
2022-04,webcopy,1,31584
2022-04,yeti,44,527282
2022-04,Screaming[\x20]Frog[\x20]SEO[\x20]Spider/,2,32576
2022-04,curl,76,4010598
2022-04,facebook,1,10956
2022-04,custo,23,1198543
2022-04,Apache\-HttpClient/,200,39327
2022-04,yacybot,1,81
2022-04,SurdotlyBot/,1,13579
2022-04,twitterbot,15,114369
2022-04,ruby/,60,1129502
2022-04,linkbot,2,67
2022-04,Applebot/,385,4683721
2022-04,Slackbot\-LinkExpanding,16,122965
2022-04,Googlebot\-Video/,21,433461
2022-04,motor,156,23366952
2022-04,KomodiaBot/,20,1122544
2022-04,360Spider,57,782568
2022-04,MSIE[\x20]6,53,527032
2022-04,MojeekBot/,38,74822
2022-04,infobot,152,6034509
2022-04,ICC\-Crawler/,2,64025
2022-04,DuckDuckGo\-Favicons\-Bot/,72,782302
2022-04,qwantify,24,245716
2022-04,YisouSpider,512,5368741
2022-04,rogerbot/,1,61231
2022-04,python,199,14860212
2022-04,heritrix,2,73200
2022-04,wordpress,43,7974078
2022-04,favicon,11,206757
2022-04,java,18,642708
2022-04,SeznamBot/,14,77302
2022-04,linkdexbot/,4,49903
2022-04,"bot[\s_+:,\.\;\/\\-]",507,61588002
2022-04,Discordbot/,45,12210052
2022-04,yandex,10,52610
2022-04,2345Explorer/,127,1203028
2022-04,(firefox/)([0-9]\.|[0-1][0]\.),79,120256
2022-04,no_user_agent,171,78273801
2022-04,MSIE[\x20]5,3,151907
2022-04,Dalvik/,630,107851298
2022-04,bingpreview,166,7928044
2022-04,"[\s_+:,\.\;\/\\-]bot",375,7222646
2022-04,urllib,6,188688
2022-04,proximic,6,38008
2022-04,Mail\.RU_Bot/,21,241905
2022-04,SemrushBot/,314,131060
2022-04,LinkCheck,6,642
2022-04,linkchecker,2,37680
2022-04,YandexImages/,67,1613514
2022-04,scanner,14,1498
2022-04,Google[\x20]Web[\x20]Preview,570,5902762
2022-04,DomainStatsBot/,25,1256783
2022-04,^mozilla\/5\.0$,236,358483
2022-04,rome[\x20]client,1,19664
2022-04,Wget/,31,219032555
2022-04,LinkedInBot/,2,173682
2022-04,seokicks\.de,7,749
2022-04,CFNetwork,87,738299
2022-04,smtbot,164,1489574
2022-04,unknown,160,11508
2022-04,Sogou[\x20]web[\x20]spider/,296,4262319
2022-04,coccoc,381,12782821
2022-04,robot,163,1993884
2022-04,link,5,12538
2022-04,feed,297,5897498
2022-04,archive\.org_bot,67,2166713
2022-04,blog,13,986059
2022-04,Mojolicious,1,414261
2022-04,TelegramBot,7,87680
2022-04,facebookexternalhit/,512,61609990
2023-04,Googlebot/,9642,586560797
2023-04,core,8461,695758080
2023-04,bingbot/,7774,893694632
2023-04,AhrefsBot/,3297,32670044
2023-04,"bot[\s_+:,\.\;\/\\-]",2473,178366747
2023-04,baidu,1386,33157859
2023-04,Google[\x20]Web[\x20]Preview,1093,55916539
2023-04,Applebot/,945,15345858
2023-04,Dalvik/,736,129744788
2023-04,Sogou[\x20]web[\x20]spider/,697,8514715
2023-04,Googlebot\-Image/,343,11386323
2023-04,Yahoo[\x20]Link[\x20]Preview,1,15042
2023-04,spider,394,55934165
2023-04,netEstate[\x20]NE[\x20]Crawler,164,2719805
2023-04,yeti,265,2489329
2023-04,Screaming[\x20]Frog[\x20]SEO[\x20]Spider/,8,2336062
2023-04,curl,98,20529054
2023-04,facebook,76,28136018
2023-04,custo,1,14538
2023-04,Apache\-HttpClient/,237,9351216
2023-04,YandexBot/,2,225
2023-04,SurdotlyBot/,6,87168
2023-04,twitterbot,37,292041
2023-04,ruby/,78,1505130
2023-04,Slackbot\-LinkExpanding,13,18518
2023-04,crawl,391,5032554
2023-04,Python\-urllib/,7,487552217
2023-04,motor,97,917043
2023-04,360Spider,1,14539
2023-04,MSIE[\x20]6,3,130155
2023-04,MojeekBot/,12,29209
2023-04,PhantomJS,63,596284
2023-04,qwantify,55,94496
2023-04,YisouSpider,388,2818119
2023-04,python,76,147461779
2023-04,java,8,101767
2023-04,wordpress,47,514247
2023-04,favicon,16,291909
2023-04,SeznamBot/,148,12297222
2023-04,linkdexbot/,5,50319
2023-04,Discordbot/,38,8957057
2023-04,2345Explorer/,21,82380
2023-04,yandex,1,7977
2023-04,nbot,58,462151
2023-04,oBot/,176,63754548
2023-04,no_user_agent,256,12762561
2023-04,bingpreview,198,1606642
2023-04,proximic,5,87114
2023-04,urllib,3,4939417
2023-04,Yahoo![\x20]Slurp,84,4469098
2023-04,SemrushBot/,217,1043597
2023-04,MixrankBot,32,368105
2023-04,LinkCheck,15,131998
2023-04,linkchecker,17,85149
2023-04,Baiduspider/,234,47741997
2023-04,DomainStatsBot/,24,1213866
2023-04,^mozilla\/5\.0$,32,1191841
2023-04,daumoa,1,183
2023-04,BLEXBot/,598,63688794
2023-04,rome[\x20]client,1,21024
2023-04,y!j,20,14274276
2023-04,LinkedInBot/,3,260523
2023-04,Wget/,8,21185129
2023-04,seokicks\.de,53,712354
2023-04,CFNetwork,600,7474074
2023-04,coccoc,402,29914454
2023-04,unknown,353,46521
2023-04,robot,27,313127
2023-04,dataprovider\.com,70,1055727
2023-04,link,184,67617429
2023-04,feed,11,11502786
2023-04,blog,18,1096598
2023-04,TelegramBot,12,168623
2023-04,facebookexternalhit/,451,31022531
2024-04,bingbot/,7876,1261912419
2024-04,core,6728,313365593
2024-04,Googlebot/,6008,1033043677
2024-04,baidu,2295,44620708
2024-04,Baiduspider/,1475,252659565
2024-04,AhrefsBot/,1331,13324157
2024-04,"bot[\s_+:,\.\;\/\\-]",1321,67529506
2024-04,Applebot/,1271,13075754
2024-04,crawl,1269,22236907
2024-04,facebookexternalhit/,946,144234816
2024-04,seek,3,3768
2024-04,2345Explorer/,5,30356
2024-04,oBot/,364,7470848
2024-04,BLEXBot/,119,874166
2024-04,robot,20,262945
2024-04,link,221,69355800
2024-04,coccoc,274,20002516
2024-04,unknown,228,29851
2024-04,Python\-urllib/,15,204221
2024-04,y!j,15,77272
2024-04,nbot,269,1721069
2024-04,qwantify,13,2236
2024-04,Dalvik/,634,54969147
2024-04,nutch,507,73441465
2024-04,anthill,54,2925397
2024-04,ips\-agent,4,42028
2024-04,feed,436,7565445
2024-04,wordpress,19,6171061
2024-04,MojeekBot/,30,70438
2024-04,CFNetwork,228,1649211
2024-04,Apache\-HttpClient/,83,17436
2024-04,"[\s_+:,\.\;\/\\-]bot",262,20886492
2024-04,rome[\x20]client,1,21089
2024-04,Wget/,8,156301848
2024-04,Mediapartners-Google,3,27138
2024-04,yeti,166,1530600
2024-04,curl,461,11935270
2024-04,Googlebot\-Image/,424,19219706
2024-04,custo,1,12588
2024-04,blog,13,923470
2024-04,SurdotlyBot/,5,62868
2024-04,python,64,27816677
2024-04,DomainStatsBot/,24,1110620
2024-04,twitterbot,17,101326
2024-04,no_user_agent,415,23064682
2024-04,SemrushBot/,879,4377546
2024-04,daumoa,17,3111
2024-04,microsoft[_+\s]url[_+\s]control,1,925
2024-04,Screaming[\x20]Frog[\x20]SEO[\x20]Spider/,7,30644
2024-04,Sogou[\x20]web[\x20]spider/,658,32419111
2024-04,spider,4,103416
2024-04,Baiduspider\-image,1,1947
2024-04,dataprovider\.com,143,2356729
2024-04,MixrankBot,17,176899
2024-04,heritrix,3,73865
2024-04,PhantomJS,563,5262394
2024-04,DuckDuckGo\-Favicons\-Bot/,62,637852
2024-04,bingpreview,31,234627
2024-04,^Mozilla$,3,107233
2024-04,Discordbot/,43,1728087
2024-04,SeznamBot/,128,6492968
2024-04,TelegramBot,16,187596
2024-04,Windows[\x20]98,35,447913
2024-04,ruby/,120,2083488
2024-04,favicon,17,238398
2024-04,^mozilla\/5\.0$,21,0
2024-04,CCBot/,42,271832
2024-04,yacybot,1,136
2024-04,Google[\x20]Web[\x20]Preview,911,184150959
2024-04,Slackbot\-LinkExpanding,8,8842
2024-04,Feedfetcher\-Google,1,969
2024-04,Seobility,1,12574
2024-04,java,12,161311
2024-04,YisouSpider,574,12510739
2024-04,LinkCheck,3,18449
2024-04,LinkedInBot/,2,76649
2025-04,bingbot/,949354,10016224183
2025-04,wordpress,22551,209830739
2025-04,Googlebot/,3300,1267461034
2025-04,AhrefsBot/,3216,23789572
2025-04,core,2522,112851988
2025-04,crawl,2384,31853487
2025-04,SemrushBot/,1283,6113198
2025-04,curl,976,79121352
2025-04,YandexBot/,857,64226324
2025-04,Baiduspider/,802,160916206
2025-04,bbot,22,267018
2025-04,MojeekBot/,51,197411
2025-04,microsoft\-webdav\-miniredir,17,1012377
2025-04,robot,15,379896
2025-04,Sogou[\x20]web[\x20]spider/,725,8865696
2025-04,oBot/,522,2657829
2025-04,y!j,24,149482
2025-04,smtbot,262,3454249
2025-04,SeznamBot/,312,4241969
2025-04,MixrankBot,1,9170
2025-04,coccoc,286,14987475
2025-04,urllib,5,41303
2025-04,Seobility,1,9382
2025-04,seokicks\.de,89,1164943
2025-04,linkbot,22,22020
2025-04,webcopy,2,0
2025-04,DuckDuckGo\-Favicons\-Bot/,1,56841
2025-04,facebook,1,12827
2025-04,twitterbot,4,27154
2025-04,Wget/,5,3374992
2025-04,Python\-urllib/,6,243806288
2025-04,Apache\-HttpClient/,95,19704578
2025-04,nutch,7,33959
2025-04,baidu,800,44909152
2025-04,Discordbot/,56,7612573
2025-04,blog,9,634388
2025-04,TelegramBot,10,6960326
2025-04,"bot[\s_+:,\.\;\/\\-]",593,35210047
2025-04,no_user_agent,451,78736240
2025-04,Dalvik/,27,55025894
2025-04,seek,17,196580
2025-04,link,749,39765251
2025-04,proximic,5,71721
2025-04,yandex,61,3810329
2025-04,^Mozilla$,1,183
2025-04,anthill,76,3887302
2025-04,domainchecker,1,0
2025-04,python,38,21070067
2025-04,Slackbot\-LinkExpanding,6,51837
2025-04,php,19,397468
2025-04,LinkCheck,7,10125
2025-04,java,128,51566299
2025-04,facebookexternalhit/,556,85895972
2025-04,dataprovider\.com,34,1132080
2025-04,Google[\x20]Web[\x20]Preview,470,83262134
2025-04,Googlebot\-Image/,319,32232172
2025-04,YisouSpider,469,19904941
2025-04,^mozilla\/5\.0$,22,33269
2025-04,ips\-agent,5,43910
2025-04,favicon,9,154511
2025-04,"[\s_+:,\.\;\/\\-]bot",2,0
2025-04,LinkedInBot/,12,59708
2025-04,feed,130,2111714
2025-04,Yahoo![\x20]Slurp,2,30157
2025-04,CFNetwork,189,17334117
2025-04,yeti,157,6345905
2025-04,unknown,390,39522
2025-04,motor,12,558406
2025-04,nbot,9,35026
2025-04,BLEXBot/,100,656094
2025-04,YandexImages/,104,1820960
2025-04,Applebot/,668,19886729
2025-04,DomainStatsBot/,36,1862385
2025-04,SurdotlyBot/,7,81562
2025-04,Screaming[\x20]Frog[\x20]SEO[\x20]Spider/,1,11530
2025-04,yacybot,2,272
2026-04,"[\s_+:,\.\;\/\\-]bot",17365,9623742090
2026-04,bingbot/,4598,439820685
2026-04,"bot[\s_+:,\.\;\/\\-]",2316,82953522
2026-04,Googlebot/,1839,193751562
2026-04,Applebot/,1566,71949296
2026-04,crawl,1179,32488189
2026-04,robot,1104,14908364
2026-04,Sogou[\x20]web[\x20]spider/,958,13269273
2026-04,unknown,653,159818
2026-04,argus,615,10200235
2026-04,urllib,2,15954
2026-04,MojeekBot/,67,313116
2026-04,blog,4,126287
2026-04,TelegramBot,15,3309299
2026-04,motor,4,39656
2026-04,FurlBot/,13,7848311
2026-04,scanner,13,81737
2026-04,link,577,7970948
2026-04,YisouSpider,234,5680868
2026-04,oBot/,73,358696
2026-04,seokicks\.de,92,1241764
2026-04,java,96,2173649
2026-04,linkchecker,6,1464
2026-04,yeti,77,2893027
2026-04,AdsBot\-Google[\x20]\(,81,2858810
2026-04,bingpreview,5,43739
2026-04,ng/2\.,2,29474
2026-04,xget,31,372282
2026-04,Dalvik/,44,15919857
2026-04,favicon,5,69620
2026-04,Google[\x20]Web[\x20]Preview,176,3671504
2026-04,SemrushBot/,96,23424
2026-04,Slackbot\-LinkExpanding,2,16309
2026-04,dataprovider\.com,28,403082
2026-04,LinkedInBot/,29,214490
2026-04,coccoc,316,24850444
2026-04,domainchecker,1,12434
2026-04,Mediapartners-Google,10,82755
2026-04,DomainStatsBot/,2,488
2026-04,Wget/,6,74607
2026-04,MixrankBot,3,20300
2026-04,LinkCheck,1,10003
2026-04,wordpress,159,1669237
2026-04,discover,19,373300
2026-04,Baiduspider/,2,24856
2026-04,checker,187,381030
2026-04,SurdotlyBot/,1,12419
2026-04,AhrefsBot/,15,15218
2026-04,proximic,9,133228
2026-04,spider,9,177146
2026-04,Windows[\x20]98,17,304824
2026-04,yacybot,2,12680
2026-04,geturl,124,3351352
2026-04,feed,33,974885
2026-04,360Spider,20,461224
2026-04,nutch,62,416246
2026-04,facebook,40,1473397
2026-04,SeznamBot/,124,4866229
2026-04,python,568,508193385
2026-04,y!j,10,62285
2026-04,getbot,27,138500
2026-04,Googlebot\-Image/,214,31775298
2026-04,baidu,262,5654259
2026-04,facebookexternalhit/,483,39240314
2026-04,Links[\x20]\(,1,3933
2026-04,Discordbot/,45,7573492
2026-04,^mozilla\/5\.0$,64,250559983
2026-04,Apache\-HttpClient/,25,6100
2026-04,ELinks[\x20]\(,1,1548
2026-04,seek,226,2148118
2026-04,nbot,3,732
2026-04,ng/1\.,6,79745
2026-04,Screaming[\x20]Frog[\x20]SEO[\x20]Spider/,2,488
2026-04,YandexBot/,17,199390
2026-04,curl,489,49399432
2026-04,core,309,5485557
2026-04,CFNetwork,60,2018930
2026-04,Windows[\x20]95,10,143302
2026-04,no_user_agent,604,7491978
2021-05,Googlebot/,6238,1088455356
2021-05,core,4677,592439970
2021-05,bingbot/,4652,923914033
2021-05,infobot,2999,91008512
2021-05,baidu,1632,61638220
2021-05,crawl,998,51528827
2021-05,MJ12bot/,926,6950679
2021-05,AhrefsBot/,783,19765016
2021-05,"bot[\s_+:,\.\;\/\\-]",772,63881002
2021-05,YandexBot/,681,131046959
2021-05,Googlebot\-Image/,160,6034882
2021-05,spider,207,13502945
2021-05,DotBot/,7,452829
2021-05,yeti,92,2970521
2021-05,Screaming[\x20]Frog[\x20]SEO[\x20]Spider/,3,10142
2021-05,curl,55,2549064
2021-05,custo,8,578197
2021-05,Apache\-HttpClient/,320,309599
2021-05,SurdotlyBot/,3,20056
2021-05,fetcher,1,9996
2021-05,Konqueror/,1,3091
2021-05,twitterbot,22,137210
2021-05,GrapeshotCrawler/,2,10076
2021-05,ltx71,14,1120
2021-05,linkbot,5,11789
2021-05,Applebot/,452,6048556
2021-05,Slackbot\-LinkExpanding,14,85875
2021-05,nutch,1,107
2021-05,CCBot/,49,4604166
2021-05,Python\-urllib/,4,263152
2021-05,Windows[\x20]98,1,86823
2021-05,KomodiaBot/,20,710631
2021-05,motor,56,9247030
2021-05,360Spider,33,255874
2021-05,MSIE[\x20]6,19,505114
2021-05,MojeekBot/,2,10061
2021-05,PhantomJS,11,957340
2021-05,qwantify,26,107094
2021-05,YisouSpider,167,6388050
2021-05,DuckDuckGo\-Favicons\-Bot/,52,467073
2021-05,python,93,27750486
2021-05,wordpress,25,7794891
2021-05,java,9,7847308
2021-05,favicon,364,3027635
2021-05,SeznamBot/,419,31210475
2021-05,internetarchive,1,0
2021-05,Discordbot/,68,10184594
2021-05,2345Explorer/,64,7437267
2021-05,yandex,8,48384
2021-05,nbot,668,14830000
2021-05,cfetch,2,1817627
2021-05,commons\-httpclient,87,2730149
2021-05,(firefox/)([0-9]\.|[0-1][0]\.),17,235257
2021-05,oBot/,32,82104
2021-05,no_user_agent,82,1950181
2021-05,MSIE[\x20]5,1,57273
2021-05,Dalvik/,312,81295047
2021-05,AdsBot\-Google[\x20]\(,3,304661
2021-05,bingpreview,405,71640807
2021-05,"[\s_+:,\.\;\/\\-]bot",9,16061
2021-05,drupal,6,120845
2021-05,panscient,12,1246
2021-05,proximic,13,61959
2021-05,Mail\.RU_Bot/,194,21433799
2021-05,SemrushBot/,558,3185929
2021-05,libwww\-perl,1,104986
2021-05,LinkCheck,3,44473
2021-05,discover,3,10248
2021-05,titan,1,9981
2021-05,YandexImages/,35,2903007
2021-05,Google[\x20]Web[\x20]Preview,344,16296464
2021-05,^mozilla\/5\.0$,96,1122009
2021-05,BLEXBot/,467,46326289
2021-05,rome[\x20]client,1,64657
2021-05,Wget/,32,4126189
2021-05,seokicks\.de,98,1232632
2021-05,Mediatoolkitbot,2,9262
2021-05,LinkedInBot/,8,165897
2021-05,CFNetwork,214,1685550
2021-05,smtbot,12,48576
2021-05,coccoc,235,27606276
2021-05,unknown,166,12472
2021-05,Sogou[\x20]web[\x20]spider/,553,5174271
2021-05,robot,107,1033398
2021-05,link,16,6618796
2021-05,feed,3,84619
2021-05,blog,8,432083
2021-05,TelegramBot,12,6905731
2021-05,facebookexternalhit/,464,10324281
2022-05,core,12102,922935472
2022-05,Googlebot/,9033,1026178727
2022-05,bingbot/,5772,454392502
2022-05,"bot[\s_+:,\.\;\/\\-]",1706,142128161
2022-05,AhrefsBot/,1670,18118900
2022-05,Wget/,1540,410023378
2022-05,YandexBot/,1393,141675793
2022-05,MJ12bot/,1068,18336956
2022-05,DotBot/,1047,89085653
2022-05,baidu,957,10376832
2022-05,Googlebot\-Image/,84,6344929
2022-05,spider,297,37891287
2022-05,webcopy,2,0
2022-05,yeti,113,55731701
2022-05,Screaming[\x20]Frog[\x20]SEO[\x20]Spider/,1,81
2022-05,curl,125,3486747
2022-05,facebook,3,39750
2022-05,custo,62,3021046
2022-05,Apache\-HttpClient/,157,29639
2022-05,SurdotlyBot/,3,27367
2022-05,Googlebot\-Mobile/,21,433460
2022-05,twitterbot,23,185444
2022-05,ruby/,63,1179366
2022-05,linkbot,2,508
2022-05,Applebot/,486,31120933
2022-05,Slackbot\-LinkExpanding,24,179726
2022-05,crawl,783,94976669
2022-05,CCBot/,67,589386
2022-05,Python\-urllib/,7,700437
2022-05,Windows[\x20]98,1,75846
2022-05,motor,187,1566810
2022-05,360Spider,62,851302
2022-05,MSIE[\x20]6,7,217974
2022-05,MojeekBot/,12,37817
2022-05,infobot,182,6428579
2022-05,ICC\-Crawler/,2,134
2022-05,YisouSpider,299,2910859
2022-05,qwantify,37,270060
2022-05,DuckDuckGo\-Favicons\-Bot/,84,911166
2022-05,python,295,2166360
2022-05,wordpress,9,55679
2022-05,java,16,586344
2022-05,ELinks/,21,433460
2022-05,favicon,9,169465
2022-05,SeznamBot/,24,114567
2022-05,TestCrawler,146,8894899
2022-05,linkdexbot/,4,49722
2022-05,Discordbot/,31,7581535
2022-05,2345Explorer/,16,71056
2022-05,yandex,26,52146144
2022-05,nbot,2,162
2022-05,(firefox/)([0-9]\.|[0-1][0]\.),18,1170278
2022-05,no_user_agent,322,8554115
2022-05,oBot/,628,4162437
2022-05,Dalvik/,610,98111528
2022-05,MSIE[\x20]5,12,2067235
2022-05,bingpreview,85,2918245
2022-05,php,1,0
2022-05,"[\s_+:,\.\;\/\\-]bot",276,4957788
2022-05,panscient,246,2588576
2022-05,proximic,8,28401
2022-05,Yahoo![\x20]Slurp,2,27475
2022-05,Mail\.RU_Bot/,463,38124168
2022-05,SemrushBot/,146,16818
2022-05,LinkCheck,26,163920
2022-05,discover,1,13737
2022-05,YandexImages/,25,585325
2022-05,Google[\x20]Web[\x20]Preview,810,8569478
2022-05,^mozilla\/5\.0$,13,1583047
2022-05,DomainStatsBot/,25,1230233
2022-05,BLEXBot/,431,92153416
2022-05,rome[\x20]client,1,19664
2022-05,LinkedInBot/,5,408527
2022-05,CFNetwork,86,910191
2022-05,smtbot,82,744784
2022-05,Sogou[\x20]web[\x20]spider/,310,4483885
2022-05,unknown,242,17608
2022-05,coccoc,428,14720551
2022-05,ltbot,1,11160
2022-05,robot,45,3484953
2022-05,link,9,522862
2022-05,feed,350,6858690
2022-05,archive\.org_bot,3,14443
2022-05,blog,18,1362908
2022-05,TelegramBot,10,3236939
2022-05,MSIE[\x20]3,1,75875
2022-05,facebookexternalhit/,443,35584427
2023-05,bingbot/,8173,1963799448
2023-05,core,7639,373838471
2023-05,Googlebot/,6527,756712942
2023-05,AhrefsBot/,4091,47030922
2023-05,baidu,2668,32060340
2023-05,"bot[\s_+:,\.\;\/\\-]",1787,115081282
2023-05,BLEXBot/,1129,50713960
2023-05,Sogou[\x20]web[\x20]spider/,893,10471832
2023-05,Dalvik/,836,224672199
2023-05,Google[\x20]Web[\x20]Preview,786,33720382
2023-05,Googlebot\-Image/,280,8455599
2023-05,spider,506,5004688
2023-05,yeti,204,2192608
2023-05,ips\-agent,4,47411
2023-05,Screaming[\x20]Frog[\x20]SEO[\x20]Spider/,8,15490
2023-05,curl,135,186650469
2023-05,jbot,9,96502
2023-05,custo,3,43615
2023-05,Apache\-HttpClient/,145,419471
2023-05,yacybot,2,272
2023-05,SurdotlyBot/,10,130877
2023-05,twitterbot,14,99497
2023-05,ruby/,42,807612
2023-05,linkbot,3,2440
2023-05,Applebot/,518,6928783
2023-05,Slackbot\-LinkExpanding,7,9442
2023-05,crawl,451,4852476
2023-05,CCBot/,38,277267
2023-05,Python\-urllib/,12,487579324
2023-05,motor,113,816152
2023-05,MSIE[\x20]6,3,14751
2023-05,MojeekBot/,32,196409
2023-05,qwantify,12,49428
2023-05,YisouSpider,444,3559099
2023-05,python,184,8684659
2023-05,java,9,116465
2023-05,favicon,23,405487
2023-05,wordpress,44,450912
2023-05,bbot,1,136
2023-05,SeznamBot/,187,19901224
2023-05,linkdexbot/,7,108063
2023-05,checker,14,59470
2023-05,Discordbot/,37,8679085
2023-05,2345Explorer/,12,75774
2023-05,nbot,240,13002805
2023-05,no_user_agent,412,8017021
2023-05,oBot/,85,1456953
2023-05,bingpreview,209,2202930
2023-05,"[\s_+:,\.\;\/\\-]bot",8,91970
2023-05,panscient,13,1624
2023-05,proximic,9,122334
2023-05,SemrushBot/,78,443479
2023-05,MixrankBot,29,321379
2023-05,LinkCheck,17,153094
2023-05,linkchecker,11,155111
2023-05,Baiduspider/,571,71586278
2023-05,DomainStatsBot/,24,1212311
2023-05,^mozilla\/5\.0$,44,131170
2023-05,rome[\x20]client,1,21024
2023-05,y!j,19,6639541
2023-05,LinkedInBot/,10,179127
2023-05,Wget/,1,14538
2023-05,seokicks\.de,54,735458
2023-05,CFNetwork,554,6255168
2023-05,coccoc,356,25510387
2023-05,unknown,716,93507
2023-05,Validator\.nu/,1,14541
2023-05,robot,23,521666
2023-05,link,163,1186787
2023-05,dataprovider\.com,70,1051281
2023-05,feed,15,4191170
2023-05,archive\.org_bot,206,2574139
2023-05,blog,22,1638028
2023-05,TelegramBot,17,3295447
2023-05,ning,1,4672
2023-05,facebookexternalhit/,318,11552359
2024-05,bingbot/,8536,1177410171
2024-05,Googlebot/,5345,718976633
2024-05,core,4927,190906664
2024-05,baidu,2198,46130904
2024-05,AhrefsBot/,1825,12298146
2024-05,Baiduspider/,1794,558361906
2024-05,Applebot/,1508,15140526
2024-05,crawl,1376,83776168
2024-05,facebookexternalhit/,1200,905532760
2024-05,Google[\x20]Web[\x20]Preview,941,190290190
2024-05,spider,4,101668
2024-05,proximic,1,4971
2024-05,BLEXBot/,37,372571
2024-05,y!j,20,102723
2024-05,ruby/,122,2105581
2024-05,twitterbot,11,76364
2024-05,unknown,272,34060
2024-05,Discordbot/,41,1487705
2024-05,yeti,201,1809725
2024-05,archive\.org_bot,8,90066
2024-05,msnbot/,37,332835
2024-05,Apache\-HttpClient/,73,15544
2024-05,blog,11,704850
2024-05,CCBot/,26,158252
2024-05,Mediapartners-Google,1,7977
2024-05,htmlparser,1,910
2024-05,MixrankBot,25,231137
2024-05,Wget/,1,20994717
2024-05,linkbot,9,12568
2024-05,favicon,12,190542
2024-05,qwantify,3,10611
2024-05,nutch,498,90551679
2024-05,anthill,61,3293468
2024-05,Sogou[\x20]web[\x20]spider/,753,50718691
2024-05,^mozilla\/5\.0$,27,4119
2024-05,wordpress,12,6151078
2024-05,Slackbot\-LinkExpanding,9,11246
2024-05,MojeekBot/,15,38719
2024-05,bingpreview,10,262791
2024-05,Konqueror/,6,177792
2024-05,Googlebot\-Image/,522,22226730
2024-05,Googlebot\-Mobile/,1,892
2024-05,SeznamBot/,204,12729210
2024-05,Windows[\x20]98,11,9657
2024-05,curl,529,13577706
2024-05,Dalvik/,560,87727899
2024-05,link,27,329750
2024-05,python,64,73957615
2024-05,DomainStatsBot/,24,1103428
2024-05,2345Explorer/,23,94737
2024-05,TelegramBot,12,198766
2024-05,robot,24,179369
2024-05,CFNetwork,234,16836265
2024-05,"[\s_+:,\.\;\/\\-]bot",794,34935665
2024-05,W3C_Validator/,1,15737
2024-05,microsoft\-webdav\-miniredir,9,480365
2024-05,seek,3,3768
2024-05,rome[\x20]client,1,21090
2024-05,nbot,379,39422438
2024-05,SurdotlyBot/,3,24963
2024-05,custo,4,49723
2024-05,oBot/,182,45073227
2024-05,dataprovider\.com,69,1054199
2024-05,feed,43,895210
2024-05,Seobility,2,24992
2024-05,YisouSpider,682,6836813
2024-05,Xenu[\x20]Link[\x20]Sleuth,25,189083
2024-05,Yahoo![\x20]Slurp,44,390227
2024-05,ELinks/,25,187338
2024-05,Links[\x20]\(,40,342681
2024-05,Windows[\x20]95,3,3962
2024-05,java,16,299264
2024-05,Python\-urllib/,11,243811010
2024-05,no_user_agent,278,53664086
2024-05,SemrushBot/,693,3388562
2024-05,LinkCheck,4,29534
2024-05,coccoc,289,33260251
2024-05,"bot[\s_+:,\.\;\/\\-]",641,46135560
2025-05,bingbot/,572873,6301125710
2025-05,wordpress,12160,114318550
2025-05,AhrefsBot/,3679,32959150
2025-05,Googlebot/,2745,1474438659
2025-05,core,2222,133863190
2025-05,crawl,1928,18118717
2025-05,SemrushBot/,1210,6198760
2025-05,facebookexternalhit/,1147,59109393
2025-05,baidu,882,56246119
2025-05,Baiduspider/,880,101385689
2025-05,linkbot,3,15663
2025-05,Wget/,5,46138545
2025-05,Googlebot\-Image/,290,36563677
2025-05,Windows[\x20]98,8,137275
2025-05,no_user_agent,370,4639930
2025-05,Mediapartners-Google,1,62930
2025-05,feed,68,1664274
2025-05,blog,14,991270
2025-05,spider,33,6573916
2025-05,Discordbot/,30,3381909
2025-05,^mozilla\/5\.0$,23,16907717
2025-05,MixrankBot,1,9401
2025-05,yacybot,3,10581
2025-05,Windows[\x20]95,3,1703260
2025-05,"bot[\s_+:,\.\;\/\\-]",341,20578658
2025-05,YandexBot/,376,25357826
2025-05,smtbot,136,1805590
2025-05,Apache\-HttpClient/,105,19683423
2025-05,SurdotlyBot/,8,82434
2025-05,coccoc,318,21105292
2025-05,DomainStatsBot/,36,1762646
2025-05,seek,230,125507224
2025-05,unknown,473,48532
2025-05,YisouSpider,303,20566821
2025-05,yandex,50,2906703
2025-05,Google[\x20]Web[\x20]Preview,550,98022272
2025-05,nutch,6,43552
2025-05,motor,1,9976
2025-05,LinkedInBot/,1,19416
2025-05,SeznamBot/,255,14913076
2025-05,y!j,24,150469
2025-05,facebook,9,109897
2025-05,checker,67,49468
2025-05,YandexImages/,19,546021
2025-05,anthill,64,3319993
2025-05,microsoft\-webdav\-miniredir,8,463836
2025-05,Dalvik/,33,62148125
2025-05,Python\-urllib/,11,243746112
2025-05,Yahoo![\x20]Slurp,12,1079487
2025-05,Applebot/,677,22595526
2025-05,360Spider,131,3297145
2025-05,oBot/,60,81280
2025-05,BLEXBot/,232,3197559
2025-05,nbot,8,18226
2025-05,Sogou[\x20]web[\x20]spider/,675,8247909
2025-05,java,180,5444134
2025-05,domainchecker,1,0
2025-05,favicon,14,219579
2025-05,dataprovider\.com,68,2275603
2025-05,curl,633,30626182
2025-05,libwww\-perl,8,363952
2025-05,robot,21,179220
2025-05,yeti,69,2312520
2025-05,TelegramBot,10,6620831
2025-05,twitterbot,2,13701
2025-05,link,63,1305025
2025-05,MojeekBot/,75,170480
2025-05,python,128,171599687
2025-05,urllib,4,116676
2025-05,proximic,2,23543
2025-05,Slackbot\-LinkExpanding,14,121743
2025-05,CFNetwork,136,5681184
2026-05,"[\s_+:,\.\;\/\\-]bot",21404,8058598176
2026-05,bingbot/,3705,958492324
2026-05,"bot[\s_+:,\.\;\/\\-]",2796,128495502
2026-05,Googlebot/,1819,662681549
2026-05,Applebot/,1638,64622522
2026-05,Sogou[\x20]web[\x20]spider/,1138,32145907
2026-05,unknown,1015,250693
2026-05,argus,720,12823895
2026-05,facebookexternalhit/,677,21231397
2026-05,no_user_agent,669,7517691
2026-05,Wget/,3,7788780
2026-05,nutch,183,2021200
2026-05,SurdotlyBot/,1,12434
2026-05,blog,4,68181
2026-05,Mediapartners-Google,12,88256
2026-05,curl,354,38528243
2026-05,baidu,183,2978481
2026-05,AdsBot\-Google[\x20]\(,55,2315629
2026-05,Spiderbot/,1,12435
2026-05,Discordbot/,31,4078875
2026-05,Google[\x20]Web[\x20]Preview,170,3220444
2026-05,AhrefsBot/,10,2440
2026-05,Baiduspider\-image,3,307487
2026-05,LinkedInBot/,8,84724
2026-05,dataprovider\.com,28,398961
2026-05,robot,218,3853411
2026-05,seokicks\.de,77,1006917
2026-05,feed,34,1659198
2026-05,SemrushBot/,39,9516
2026-05,seek,24,126136
2026-05,Slackbot\-LinkExpanding,2,18370
2026-05,Dalvik/,45,520953
2026-05,proximic,2,27190
2026-05,Yahoo![\x20]Slurp,4,26876
2026-05,MixrankBot,1,12434
2026-05,bingpreview,3,36984
2026-05,TelegramBot,13,199685
2026-05,oBot/,60,421611
2026-05,DomainStatsBot/,1,244
2026-05,Apache\-HttpClient/,25,6100
2026-05,motor,1,161114
2026-05,CFNetwork,20,567739
2026-05,core,229,4769486
2026-05,validator,3,41988
2026-05,SeznamBot/,40,406883
2026-05,FurlBot/,3,49295
2026-05,MojeekBot/,95,409709
2026-05,ips\-agent,2,488
2026-05,crawl,405,16327137
2026-05,^mozilla\/5\.0$,105,30802856
2026-05,linkchecker,12,1952
2026-05,wordpress,58,670497
2026-05,Baiduspider/,357,19250649
2026-05,ng/1\.,2,30509
2026-05,nbot,4,17950
2026-05,YandexBot/,17,210111
2026-05,python,70,51331676
2026-05,checker,10,91049
2026-05,spider,11,235065
2026-05,YisouSpider,140,3612247
2026-05,panscient,178,2379840
2026-05,coccoc,259,37918393
2026-05,Googlebot\-Image/,117,14565573
2026-05,yeti,29,844117
2026-05,Windows[\x20]95,7,185679
2026-05,link,218,2441031
2026-05,java,27,6726562
2026-05,Screaming[\x20]Frog[\x20]SEO[\x20]Spider/,1,12115
2026-05,scanner,35,67922
2026-05,Windows[\x20]98,15,160409
2026-05,microsoft\-webdav\-miniredir,14,154378
2026-05,getbot,25,137900
2026-05,y!j,9,49091
2026-05,smtbot,48,637016
2026-05,urllib,2,16368
2026-05,360Spider,2,24867
2017-06,"bot[\s_+:,\.\;\/\\-]",10833,2140710121
2017-06,googlebot,2660,407632989
2017-06,crawl,2015,150855264
2017-06,robot,1566,72270942
2017-06,spider,615,25062537
2017-06,bingpreview,588,1130762870
2017-06,google[_+\s]web[_+\s]preview,393,26209346
2017-06,slurp,383,37043177
2017-06,no_user_agent,379,404764259
2017-06,php,333,15384593
2017-06,googlebot\-image,262,23764908
2017-06,"[\s_+:,\.\;\/\\-]bot",203,13800385
2017-06,ia_archiver,126,2449743
2017-06,curl,13,20150178
2017-06,checker,2,78640
2017-06,netcraft,1,36258
2021-06,Googlebot/,6149,946301096
2021-06,bingbot/,4094,1070110820
2021-06,core,3387,380607292
2021-06,baidu,1404,59240929
2021-06,"bot[\s_+:,\.\;\/\\-]",1271,75929127
2021-06,infobot,1248,38122206
2021-06,AhrefsBot/,964,23535569
2021-06,SemrushBot/,729,2377207
2021-06,YandexBot/,560,84245968
2021-06,Applebot/,484,129561689
2021-06,Googlebot\-Image/,259,8938376
2021-06,spider,164,9571548
2021-06,DotBot/,7,539
2021-06,yeti,75,1769891
2021-06,curl,88,3486037
2021-06,custo,26,302595
2021-06,Apache\-HttpClient/,307,45446
2021-06,SurdotlyBot/,3,20044
2021-06,fetcher,3,29949
2021-06,twitterbot,18,96073
2021-06,MJ12bot/,465,1080273
2021-06,ltx71,52,3268794
2021-06,GrapeshotCrawler/,4,20125
2021-06,Slackbot\-LinkExpanding,16,112017
2021-06,crawl,429,56310658
2021-06,CCBot/,55,399541
2021-06,Python\-urllib/,12,793225
2021-06,motor,23,503296
2021-06,360Spider,41,409258
2021-06,MSIE[\x20]6,3,15033
2021-06,MojeekBot/,39,104988
2021-06,PhantomJS,9,731137
2021-06,DuckDuckGo\-Favicons\-Bot/,52,466937
2021-06,qwantify,110,3790984
2021-06,YisouSpider,126,5888732
2021-06,python,94,8044780
2021-06,java,63,20083182
2021-06,wordpress,19,121823
2021-06,favicon,333,2743196
2021-06,SeznamBot/,432,14858788
2021-06,internetarchive,1,0
2021-06,Discordbot/,51,13925980
2021-06,yandex,10,13062346
2021-06,[^a]fish,11,265454
2021-06,2345Explorer/,39,307855
2021-06,RukiCrawler/,14,148584
2021-06,(firefox/)([0-9]\.|[0-1][0]\.),13,34639
2021-06,commons\-httpclient,23,722133
2021-06,no_user_agent,252,31421280
2021-06,oBot/,85,75645
2021-06,Dalvik/,393,53915315
2021-06,MSIE[\x20]5,1,361438
2021-06,AdsBot\-Google[\x20]\(,4,132746
2021-06,bingpreview,375,66644043
2021-06,"[\s_+:,\.\;\/\\-]bot",6,4344
2021-06,drupal,2,66824
2021-06,proximic,18,125973
2021-06,Yahoo![\x20]Slurp,1,9969
2021-06,Mail\.RU_Bot/,132,6886914
2021-06,libwww\-perl,6,1787920
2021-06,LinkCheck,5,63569
2021-06,discover,4,39929
2021-06,YandexImages/,13,49471
2021-06,Google[\x20]Web[\x20]Preview,228,19556741
2021-06,^mozilla\/5\.0$,98,676843
2021-06,fido,16,535922
2021-06,DomainStatsBot/,24,794843
2021-06,BLEXBot/,434,86439425
2021-06,rome[\x20]client,2,129316
2021-06,Wget/,22,5032447
2021-06,LinkedInBot/,19,918777
2021-06,seokicks\.de,196,2430604
2021-06,CFNetwork,281,2519088
2021-06,smtbot,6,24292
2021-06,unknown,173,13130
2021-06,coccoc,229,83908787
2021-06,Sogou[\x20]web[\x20]spider/,428,4823905
2021-06,robot,117,1156655
2021-06,link,47,17828
2021-06,feed,3,84620
2021-06,blog,9,485766
2021-06,TelegramBot,8,142102
2021-06,SafeDNSBot,3,33524
2021-06,facebookexternalhit/,441,15444387
2022-06,core,6203,472028390
2022-06,Googlebot/,5886,864307777
2022-06,bingbot/,5032,389440528
2022-06,YandexBot/,1439,104373473
2022-06,BLEXBot/,1207,88294722
2022-06,AhrefsBot/,1171,12629432
2022-06,baidu,871,56849273
2022-06,Applebot/,818,58512358
2022-06,Google[\x20]Web[\x20]Preview,772,11327660
2022-06,crawl,748,65868092
2022-06,Googlebot\-Image/,136,8409571
2022-06,YandexMetrika/,52,513722
2022-06,spider,255,34788249
2022-06,DotBot/,12,823
2022-06,yeti,57,617557
2022-06,anthill,1,851
2022-06,Screaming[\x20]Frog[\x20]SEO[\x20]Spider/,2,13809
2022-06,curl,153,12394602
2022-06,custo,109,2613791
2022-06,Apache\-HttpClient/,175,43851
2022-06,SurdotlyBot/,1,13728
2022-06,Konqueror/,21,433514
2022-06,twitterbot,27,188908
2022-06,MJ12bot/,262,1304366
2022-06,ruby/,60,1129334
2022-06,linkbot,9,17976
2022-06,^mozilla\/4\.0\s\(compatible;\)$,2,102642
2022-06,Slackbot\-LinkExpanding,9,49060
2022-06,CCBot/,72,3528290
2022-06,Python\-urllib/,5,117156
2022-06,KomodiaBot/,20,1085051
2022-06,motor,213,48709793
2022-06,360Spider,58,796040
2022-06,MSIE[\x20]6,13,184318
2022-06,MojeekBot/,6,7052
2022-06,infobot,137,5559909
2022-06,ICC\-Crawler/,1,67
2022-06,qwantify,23,113565
2022-06,YisouSpider,382,3849603
2022-06,DuckDuckGo\-Favicons\-Bot/,86,932440
2022-06,python,167,45339136
2022-06,favicon,11,207157
2022-06,java,92,5429909
2022-06,wordpress,4,18941
2022-06,SeznamBot/,185,6089948
2022-06,TestCrawler,11,372414
2022-06,"bot[\s_+:,\.\;\/\\-]",518,55688749
2022-06,perl,1,851
2022-06,checker,2,13809
2022-06,Discordbot/,29,957006
2022-06,yandex,10,6533470
2022-06,2345Explorer/,65,475592
2022-06,nbot,2,162
2022-06,(firefox/)([0-9]\.|[0-1][0]\.),261,2875559
2022-06,no_user_agent,343,24361728
2022-06,oBot/,728,7159502
2022-06,MSIE[\x20]5,2,109772
2022-06,Dalvik/,448,39821090
2022-06,semanticbot,1,851
2022-06,bingpreview,86,3279949
2022-06,"[\s_+:,\.\;\/\\-]bot",525,9903568
2022-06,Mediapartners-Google,2,214
2022-06,proximic,9,29111
2022-06,Mail\.RU_Bot/,154,14021585
2022-06,MixrankBot,10,132059
2022-06,SemrushBot/,136,58891
2022-06,libwww\-perl,2,209972
2022-06,LinkCheck,21,320656
2022-06,YandexImages/,64,2595175
2022-06,DomainStatsBot/,25,1222256
2022-06,^mozilla\/5\.0$,47,1088096
2022-06,^Mozilla$,2,134
2022-06,rome[\x20]client,1,19664
2022-06,LinkedInBot/,5,208381
2022-06,seokicks\.de,76,1059622
2022-06,Wget/,5,293135
2022-06,CFNetwork,116,1818233
2022-06,smtbot,205,1864089
2022-06,coccoc,374,81971202
2022-06,unknown,230,17139
2022-06,Sogou[\x20]web[\x20]spider/,345,4949499
2022-06,ltbot,1,11160
2022-06,robot,27,2113331
2022-06,link,185,69242845
2022-06,MSIE[\x20]2,1,201178
2022-06,feed,340,6662028
2022-06,archive\.org_bot,8,54108
2022-06,blog,16,1207732
2022-06,TelegramBot,6,91447
2022-06,MSIE[\x20]3,2,93508
2022-06,facebookexternalhit/,357,24049706
2022-06,seek,275,3796079
2023-06,Googlebot/,6991,736913827
2023-06,bingbot/,6620,1725770928
2023-06,feed,5972,155237494
2023-06,core,5193,209444527
2023-06,AhrefsBot/,4222,44796325
2023-06,"bot[\s_+:,\.\;\/\\-]",2033,151331144
2023-06,baidu,1578,20841742
2023-06,spider,1009,121045510
2023-06,no_user_agent,905,29587747
2023-06,Applebot/,905,17474538
2023-06,microsoft.*discovery,1,0
2023-06,Googlebot\-Image/,279,13221663
2023-06,yeti,253,2467891
2023-06,webcopy,3,7638250
2023-06,Google\-Adwords\-Instant,1,11821
2023-06,Screaming[\x20]Frog[\x20]SEO[\x20]Spider/,4,42639
2023-06,jbot,3,95576
2023-06,curl,109,35544095
2023-06,facebook,1,18004
2023-06,custo,1,14543
2023-06,Apache\-HttpClient/,110,322090
2023-06,SurdotlyBot/,7,101137
2023-06,Googlebot\-Mobile/,1,14543
2023-06,twitterbot,16,119909
2023-06,ruby/,95,1828810
2023-06,linkbot,3,1337
2023-06,Slackbot\-LinkExpanding,12,19461
2023-06,crawl,411,3595389
2023-06,CCBot/,53,261032
2023-06,Python\-urllib/,9,243835728
2023-06,motor,54,486026
2023-06,MojeekBot/,43,135897
2023-06,DuckDuckGo\-Favicons\-Bot/,146,1641596
2023-06,qwantify,8,25058
2023-06,YisouSpider,324,4892479
2023-06,python,138,9287400
2023-06,java,8,116328
2023-06,favicon,20,364214
2023-06,wordpress,45,460051
2023-06,Baiduspider\-image,1,1832
2023-06,bbot,9,996035
2023-06,SeznamBot/,174,14195458
2023-06,linkdexbot/,3,32642
2023-06,checker,6,155051
2023-06,Discordbot/,31,1184542
2023-06,2345Explorer/,7,28833
2023-06,nbot,44,267745
2023-06,oBot/,545,2059901
2023-06,Dalvik/,560,75012602
2023-06,"[\s_+:,\.\;\/\\-]bot",54,633502
2023-06,Mediapartners-Google,1,7977
2023-06,proximic,2,38604
2023-06,Yahoo![\x20]Slurp,1,12802
2023-06,MixrankBot,1,11821
2023-06,SemrushBot/,37,47738
2023-06,LinkCheck,17,125752
2023-06,Baiduspider/,256,35123753
2023-06,Google[\x20]Web[\x20]Preview,782,27159202
2023-06,DomainStatsBot/,24,1212227
2023-06,^mozilla\/5\.0$,65,265711
2023-06,BLEXBot/,303,55034077
2023-06,rome[\x20]client,1,21024
2023-06,y!j,21,134414
2023-06,Wget/,5,290897
2023-06,LinkedInBot/,2,76649
2023-06,CFNetwork,285,2798241
2023-06,coccoc,265,22549340
2023-06,Sogou[\x20]web[\x20]spider/,882,10600359
2023-06,unknown,584,76557
2023-06,robot,38,478100
2023-06,link,22,33256
2023-06,dataprovider\.com,69,1053713
2023-06,archive\.org_bot,2,8238
2023-06,blog,20,1541978
2023-06,TelegramBot,8,114948
2023-06,facebookexternalhit/,283,12110701
2023-06,seek,196,122314237
2024-06,bingbot/,6752,1932041312
2024-06,Googlebot/,6283,1409021134
2024-06,core,4287,179468241
2024-06,AhrefsBot/,2397,16822440
2024-06,"bot[\s_+:,\.\;\/\\-]",2186,1093555660
2024-06,baidu,1861,35916761
2024-06,Baiduspider/,1553,142003736
2024-06,Applebot/,1226,52396243
2024-06,facebookexternalhit/,1226,640845974
2024-06,"[\s_+:,\.\;\/\\-]bot",736,26669622
2024-06,TelegramBot,8,90280
2024-06,link,59,746507
2024-06,Slackbot\-LinkExpanding,3,3585
2024-06,CCBot/,32,210578
2024-06,rome[\x20]client,1,21066
2024-06,Links[\x20]\(,37,332699
2024-06,urllib,3,152049
2024-06,Sogou[\x20]web[\x20]spider/,586,48897753
2024-06,SeznamBot/,203,6030882
2024-06,unknown,650,76271
2024-06,linkbot,6,14383
2024-06,facebook,3,6329
2024-06,SurdotlyBot/,3,37481
2024-06,SafeDNSBot,3,51006
2024-06,Screaming[\x20]Frog[\x20]SEO[\x20]Spider/,2,12567
2024-06,(firefox/)([0-9]\.|[0-1][0]\.),1,12432
2024-06,ruby/,114,1960894
2024-06,curl,508,13559706
2024-06,bingpreview,2,434676
2024-06,favicon,20,246130
2024-06,seek,5,20201
2024-06,PhantomJS,24,218244
2024-06,Mediapartners-Google,2,15954
2024-06,custo,3,37301
2024-06,validator,1,12432
2024-06,Discordbot/,26,907655
2024-06,Apache\-HttpClient/,80,39045672
2024-06,java,7,126890
2024-06,CFNetwork,199,2462114
2024-06,netEstate[\x20]NE[\x20]Crawler,2,12790
2024-06,Yahoo![\x20]Slurp,1,4971
2024-06,Python\-urllib/,6,487475904
2024-06,anthill,61,3273295
2024-06,robot,11,116538
2024-06,twitterbot,14,90779
2024-06,seokicks\.de,72,984344
2024-06,feed,34,824202
2024-06,butterfly,7,10173676
2024-06,python,163,7693308
2024-06,blog,11,773223
2024-06,checker,3,75418
2024-06,y!j,21,117995
2024-06,Google[\x20]Web[\x20]Preview,723,188461684
2024-06,gigablastopensource,1,50662
2024-06,wordpress,17,3609718
2024-06,sift,2,361538
2024-06,Googlebot\-Image/,594,45120252
2024-06,TestCrawler,2,50866
2024-06,dataprovider\.com,137,2104662
2024-06,yeti,150,1374100
2024-06,oBot/,438,11356193
2024-06,BLEXBot/,46,405023
2024-06,msnbot\-media/,1,48305
2024-06,Konqueror/,45,400585
2024-06,no_user_agent,368,17429788
2024-06,spider,9,127902
2024-06,^mozilla\/5\.0$,9,17220
2024-06,MojeekBot/,10,27896
2024-06,qwantify,12,42314
2024-06,coccoc,281,30208533
2024-06,Wget/,1,73808967
2024-06,DomainStatsBot/,24,1091144
2024-06,crawl,519,11906277
2024-06,nbot,539,78300421
2024-06,YisouSpider,707,12287464
2024-06,Dalvik/,452,19926273
2024-06,microsoft.*discovery,1,0
2024-06,yacybot,1,136
2024-06,scanner,1,1548
2024-06,LinkCheck,3,14414
2024-06,Seobility,1,12479
2024-06,Googlebot\-Mobile/,1,816
2024-06,2345Explorer/,8,28833
2024-06,motor,6,9021
2024-06,SemrushBot/,645,2787215
2024-06,panscient,195,4896112
2024-06,archive\.org_bot,30,956173
2024-06,ips\-agent,4,41601
2025-06,bingbot/,460211,5616880499
2025-06,AhrefsBot/,12390,17872195
2025-06,wordpress,8505,79956670
2025-06,Googlebot/,2517,1350876595
2025-06,crawl,1942,20643619
2025-06,SemrushBot/,1611,8029283
2025-06,core,1566,519136486
2025-06,Baiduspider/,874,65529409
2025-06,baidu,828,58196381
2025-06,"bot[\s_+:,\.\;\/\\-]",738,31941634
2025-06,favicon,10,172708
2025-06,smtbot,88,1141437
2025-06,YisouSpider,336,28581476
2025-06,BLEXBot/,101,1055516
2025-06,domainchecker,1,49650
2025-06,Sogou[\x20]web[\x20]spider/,579,6853511
2025-06,Yahoo[\x20]Link[\x20]Preview,1,70805
2025-06,dataprovider\.com,38,1166293
2025-06,yandex,18,645106
2025-06,blog,13,920465
2025-06,SeznamBot/,236,7649780
2025-06,Googlebot\-Image/,281,36581894
2025-06,checkbot,2,95102
2025-06,python,104,61338279
2025-06,Google[\x20]Web[\x20]Preview,447,17336326
2025-06,scanner,6,220228
2025-06,linkbot,3,3157
2025-06,TelegramBot,7,6584714
2025-06,nutch,7,22322
2025-06,coccoc,285,24182581
2025-06,seek,4,37886
2025-06,checker,11,122686
2025-06,DomainStatsBot/,36,1708629
2025-06,link,210,27672007
2025-06,Discordbot/,10,304152
2025-06,robot,54,2518862
2025-06,facebookexternalhit/,600,74145232
2025-06,internetarchive,1,0
2025-06,yeti,56,1974390
2025-06,Apache\-HttpClient/,96,13051998
2025-06,proximic,6,55271
2025-06,Windows[\x20]98,65,821721
2025-06,curl,606,69225358
2025-06,CFNetwork,127,24307972
2025-06,anthill,22,1137456
2025-06,feed,125,1514162
2025-06,Yahoo![\x20]Slurp,59,2656730
2025-06,java,162,6038409
2025-06,urllib,1,3100096
2025-06,webcopy,3,7638250
2025-06,oBot/,107,779099
2025-06,bingpreview,1,11010
2025-06,youdao,1,5057
2025-06,bbot,8,76972
2025-06,spider,8,5166157
2025-06,y!j,24,150465
2025-06,facebook,2,29937
2025-06,MojeekBot/,74,348759
2025-06,MixrankBot,11,100383
2025-06,360Spider,101,3310498
2025-06,AdsBot\-Google[\x20]\(,23,20582125
2025-06,^mozilla\/5\.0$,44,2017287
2025-06,Applebot/,690,26662873
2025-06,2345Explorer/,3,32680
2025-06,ips\-agent,6,45143
2025-06,Slackbot\-LinkExpanding,14,110778
2025-06,YandexImages/,10,1050337
2025-06,nbot,7,18086
2025-06,custo,1,11772
2025-06,no_user_agent,628,7159970
2025-06,php,25,1048594
2025-06,Python\-urllib/,2,15954
2025-06,YandexBot/,256,41429153
2025-06,Dalvik/,43,41920414
2025-06,SurdotlyBot/,1,11758
2025-06,unknown,234,28948
2026-06,"[\s_+:,\.\;\/\\-]bot",20265,2870039287
2026-06,bingbot/,3063,524977449
2026-06,Googlebot/,2408,1884641408
2026-06,Baiduspider/,1477,44268704
2026-06,Applebot/,1195,293441948
2026-06,crawl,1139,47299326
2026-06,Sogou[\x20]web[\x20]spider/,927,28819646
2026-06,no_user_agent,801,17506006
2026-06,unknown,687,167988
2026-06,"bot[\s_+:,\.\;\/\\-]",684,55744966
2026-06,Google[\x20]Web[\x20]Preview,180,12939606
2026-06,seek,4,5316
2026-06,smtbot,48,615544
2026-06,yeti,14,128880
2026-06,validator,2,33892
2026-06,robot,9,1455805
2026-06,YandexBot/,109,16465879
2026-06,Apache\-HttpClient/,21,61721
2026-06,^mozilla\/5\.0$,89,3579571
2026-06,checker,80,231572
2026-06,SeznamBot/,39,3293177
2026-06,SemrushBot/,2,488
2026-06,blog,3,50840
2026-06,bingpreview,3,27298
2026-06,Seobility,1,12190
2026-06,Windows[\x20]95,7,51710
2026-06,ResearchBot,1,14948
2026-06,argus,343,5785851
2026-06,archive\.org_bot,23,446421
2026-06,DomainStatsBot/,1,244
2026-06,Googlebot\-Image/,108,21053411
2026-06,MojeekBot/,16,35803
2026-06,scanner,21,208606
2026-06,AhrefsBot/,10,2391
2026-06,360Spider,40,514162
2026-06,LinkedInBot/,25,564230
2026-06,Discordbot/,19,2679249
2026-06,spider,44,613686
2026-06,nbot,4,12922
2026-06,java,13,0
2026-06,discover,1,75265
2026-06,Baiduspider\-image,16,178914
2026-06,feed,30,1557026
2026-06,sitemap,38,41021
2026-06,seekbot,4,16460
2026-06,dataprovider\.com,16,172013
2026-06,favicon,2,33894
2026-06,microsoft\-webdav\-miniredir,16,225772
2026-06,y!j,15,125152
2026-06,Windows[\x20]98,23,116751
2026-06,Mediapartners-Google,28,175674
2026-06,wordpress,47,572503
2026-06,yandex,12,471907
2026-06,python,69,25233524
2026-06,Konqueror/,1,3933
2026-06,CFNetwork,35,1344876
2026-06,link,39,834333
2026-06,curl,258,8786487
2026-06,baidu,42,717258
2026-06,Slackbot\-LinkExpanding,6,55793
2026-06,TelegramBot,12,6670773
2026-06,proximic,7,108168
2026-06,YisouSpider,112,3310586
2026-06,linkchecker,10,0
2026-06,core,139,28622865
2026-06,pegasus,4,486532
2026-06,php,20,328315
2026-06,AdsBot\-Google[\x20]\(,17,804425
2026-06,facebookexternalhit/,513,62370626
2026-06,Dalvik/,41,22228128
2017-07,"bot[\s_+:,\.\;\/\\-]",13854,1713400975
2017-07,robot,2988,300811392
2017-07,googlebot,2046,438267378
2017-07,spider,876,27766722
2017-07,crawl,783,28442181
2017-07,bingpreview,550,941931253
2017-07,no_user_agent,429,79006099
2017-07,googlebot\-image,281,34471162
2017-07,php,263,44200050
2017-07,ia_archiver,255,17612156
2017-07,slurp,250,19698346
2017-07,"[\s_+:,\.\;\/\\-]bot",204,18380328
2017-07,google[_+\s]web[_+\s]preview,127,2640678
2017-07,curl,14,119273
2017-07,discovery,1,39349
2017-07,checker,1,39349
2021-07,Googlebot/,8501,1241269964
2021-07,bingbot/,3672,698259168
2021-07,core,1643,341126494
2021-07,infobot,1398,81342648
2021-07,baidu,1200,74278368
2021-07,AhrefsBot/,908,21543449
2021-07,YandexBot/,826,117817791
2021-07,MJ12bot/,697,1182003
2021-07,seokicks\.de,671,12504624
2021-07,SemrushBot/,533,2599833
2021-07,microsoft.*discovery,1,33727
2021-07,Googlebot\-Image/,175,7010538
2021-07,YandexMetrika/,5,520290
2021-07,spider,127,26808153
2021-07,DotBot/,399,27164570
2021-07,netEstate[\x20]NE[\x20]Crawler,147,879410
2021-07,yeti,80,10802083
2021-07,ips\-agent,4,34756
2021-07,curl,90,3608129
2021-07,custo,12,302025
2021-07,Apache\-HttpClient/,259,137559
2021-07,yacybot,2,160
2021-07,SurdotlyBot/,2,19928
2021-07,fetcher,4,40072
2021-07,Konqueror/,1,6075
2021-07,twitterbot,22,145882
2021-07,ltx71,28,75636
2021-07,GrapeshotCrawler/,6,30239
2021-07,Applebot/,275,29407080
2021-07,crawl,182,64537676
2021-07,Slackbot\-LinkExpanding,13,79827
2021-07,CCBot/,115,882676
2021-07,Python\-urllib/,7,6585
2021-07,motor,100,10205502
2021-07,360Spider,59,591419
2021-07,MSIE[\x20]6,18,7682753
2021-07,MojeekBot/,74,411040
2021-07,DuckDuckGo\-Favicons\-Bot/,60,539873
2021-07,PhantomJS,12,891028
2021-07,YisouSpider,86,2997135
2021-07,qwantify,62,186916
2021-07,python,101,1724052
2021-07,java,51,7388445
2021-07,favicon,332,2775557
2021-07,wordpress,18,89599
2021-07,SeznamBot/,390,16636106
2021-07,linkdexbot/,17,540100
2021-07,"bot[\s_+:,\.\;\/\\-]",488,77372925
2021-07,Discordbot/,12,306591
2021-07,yandex,10,60480
2021-07,2345Explorer/,10,136347
2021-07,ichiro,1,77
2021-07,(firefox/)([0-9]\.|[0-1][0]\.),63,428320
2021-07,oBot/,22,6841383
2021-07,no_user_agent,227,8207566
2021-07,MSIE[\x20]5,6,1864463
2021-07,Dalvik/,302,90100235
2021-07,AdsBot\-Google[\x20]\(,10,880171
2021-07,bingpreview,308,49181926
2021-07,"[\s_+:,\.\;\/\\-]bot",16,11576
2021-07,proximic,4,15131
2021-07,Mail\.RU_Bot/,84,13302990
2021-07,libwww\-perl,1,104986
2021-07,LinkCheck,2,29602
2021-07,discover,1,9963
2021-07,YandexImages/,29,957728
2021-07,Google[\x20]Web[\x20]Preview,202,9336964
2021-07,DomainStatsBot/,24,791850
2021-07,^mozilla\/5\.0$,200,362414
2021-07,BLEXBot/,225,46035427
2021-07,rome[\x20]client,1,64656
2021-07,Wget/,5,249153
2021-07,LinkedInBot/,2,173682
2021-07,CFNetwork,292,2255545
2021-07,smtbot,12,48587
2021-07,coccoc,221,27180448
2021-07,unknown,168,13028
2021-07,Sogou[\x20]web[\x20]spider/,366,3774296
2021-07,robot,128,954632
2021-07,link,15,16006
2021-07,feed,3,84806
2021-07,archive\.org_bot,6,4471
2021-07,blog,10,539400
2021-07,TelegramBot,7,7699784
2021-07,facebookexternalhit/,302,27938995
2022-07,Googlebot/,8122,892967013
2022-07,bingbot/,5078,403366807
2022-07,core,3135,144035786
2022-07,AhrefsBot/,1656,18345517
2022-07,YandexBot/,1203,45543767
2022-07,BLEXBot/,1187,47491387
2022-07,"bot[\s_+:,\.\;\/\\-]",1065,107958980
2022-07,oBot/,1006,19162468
2022-07,crawl,992,66574927
2022-07,MJ12bot/,725,4557930
2022-07,Googlebot\-Image/,174,12630778
2022-07,spider,154,706609
2022-07,DotBot/,275,20895695
2022-07,anthill,1,54377
2022-07,yeti,98,1063094
2022-07,Screaming[\x20]Frog[\x20]SEO[\x20]Spider/,1,102
2022-07,curl,184,14326078
2022-07,custo,236,8651423
2022-07,msnbot/,23,359840
2022-07,Apache\-HttpClient/,279,37714
2022-07,yacybot,4,27669
2022-07,SurdotlyBot/,4,42003
2022-07,Konqueror/,1,13736
2022-07,twitterbot,22,158808
2022-07,ruby/,62,1164308
2022-07,Applebot/,506,31093204
2022-07,Slackbot\-LinkExpanding,15,33389
2022-07,Python\-urllib/,6,158635
2022-07,motor,179,1537844
2022-07,360Spider,49,620364
2022-07,MSIE[\x20]6,146,923721
2022-07,MojeekBot/,22,37575
2022-07,infobot,115,5121889
2022-07,qwantify,10,33156
2022-07,DuckDuckGo\-Favicons\-Bot/,98,1066104
2022-07,YisouSpider,431,4412130
2022-07,rogerbot/,1,52615
2022-07,python,407,17930728
2022-07,java,118,4152949
2022-07,wordpress,5,32408
2022-07,favicon,13,244294
2022-07,SeznamBot/,194,2138279
2022-07,linkdexbot/,4,50114
2022-07,internetarchive,1,0
2022-07,Discordbot/,15,442964
2022-07,yandex,22,26165205
2022-07,2345Explorer/,8,32952
2022-07,nbot,44,13951
2022-07,Seobility,1,587
2022-07,(firefox/)([0-9]\.|[0-1][0]\.),18,671216
2022-07,no_user_agent,245,4167785
2022-07,Dalvik/,343,73583367
2022-07,MSIE[\x20]5,21,234730
2022-07,bingpreview,266,104649136
2022-07,"[\s_+:,\.\;\/\\-]bot",622,11911052
2022-07,Mediapartners-Google,1,107
2022-07,proximic,6,22711
2022-07,Mail\.RU_Bot/,338,62106757
2022-07,Yahoo![\x20]Slurp,1,13729
2022-07,MixrankBot,32,433491
2022-07,SemrushBot/,259,181115
2022-07,tweetedtimes,1,13729
2022-07,LinkCheck,10,143919
2022-07,linkchecker,4,76280
2022-07,YandexImages/,8,1487806
2022-07,Google[\x20]Web[\x20]Preview,441,7675861
2022-07,DomainStatsBot/,25,1223266
2022-07,^mozilla\/5\.0$,93,1049984
2022-07,^Mozilla$,1,52615
2022-07,rome[\x20]client,1,19664
2022-07,y!j,1,2463
2022-07,Mediatoolkitbot,4,28009
2022-07,Wget/,22,98278090
2022-07,LinkedInBot/,12,379226
2022-07,seokicks\.de,50,723947
2022-07,CFNetwork,169,1703992
2022-07,smtbot,123,1118469
2022-07,baidu,207,2664989
2022-07,Sogou[\x20]web[\x20]spider/,311,4291041
2022-07,unknown,244,22753
2022-07,coccoc,376,54169074
2022-07,robot,62,3136237
2022-07,link,61,437669
2022-07,MSIE[\x20]2,1,64321
2022-07,feed,62,1262179
2022-07,blog,17,1278801
2022-07,TelegramBot,4,38266
2022-07,My[\x20]Nutch[\x20]Spider/,1,102
2022-07,MSIE[\x20]3,1,42739
2022-07,facebookexternalhit/,337,19250924
2022-07,seek,422,70955821
2023-07,bingbot/,7744,1481159365
2023-07,Googlebot/,5529,593720193
2023-07,AhrefsBot/,3839,31011848
2023-07,core,2583,165054010
2023-07,feed,2268,56008501
2023-07,unknown,950,128059
2023-07,baidu,902,13934265
2023-07,Applebot/,886,10822525
2023-07,no_user_agent,738,52965397
2023-07,"bot[\s_+:,\.\;\/\\-]",735,72419848
2023-07,Googlebot\-Image/,250,7463783
2023-07,spider,319,14950679
2023-07,webcopy,2,0
2023-07,yeti,214,2029814
2023-07,ips\-agent,4,46859
2023-07,Screaming[\x20]Frog[\x20]SEO[\x20]Spider/,1,136
2023-07,curl,265,8118694
2023-07,msnbot\-media/,1,7638250
2023-07,FirePHP/,1,206
2023-07,custo,3,43626
2023-07,Apache\-HttpClient/,97,132206
2023-07,YandexBot/,1,57891
2023-07,SurdotlyBot/,10,130319
2023-07,Konqueror/,1,14543
2023-07,twitterbot,8,52959
2023-07,ruby/,124,2387196
2023-07,linkbot,6,2521
2023-07,^mozilla\/4\.0\s\(compatible;\)$,2,115782
2023-07,Slackbot\-LinkExpanding,4,5227
2023-07,crawl,514,32335486
2023-07,grub,1,13980
2023-07,Python\-urllib/,13,244137403
2023-07,motor,1,124
2023-07,MojeekBot/,85,245229
2023-07,DuckDuckGo\-Favicons\-Bot/,206,2312698
2023-07,qwantify,23,63161
2023-07,YisouSpider,395,7671621
2023-07,python,264,11977277
2023-07,wordpress,25,7841063
2023-07,favicon,18,328578
2023-07,java,1,54881
2023-07,bbot,1,136
2023-07,SeznamBot/,168,3870349
2023-07,linkdexbot/,3,33979
2023-07,Discordbot/,8,7832927
2023-07,2345Explorer/,7,28833
2023-07,nbot,214,352032
2023-07,oBot/,436,10058611
2023-07,Dalvik/,573,70249767
2023-07,microsoft\-webdav\-miniredir,8,52372
2023-07,bingpreview,3,128987
2023-07,"[\s_+:,\.\;\/\\-]bot",40,305396
2023-07,Mediapartners-Google,3,23931
2023-07,panscient,277,6288854
2023-07,urllib,9,3193467
2023-07,SemrushBot/,62,82858
2023-07,linkchecker,1,486778
2023-07,LinkCheck,14,120933
2023-07,discover,2,5028
2023-07,Baiduspider/,713,47827144
2023-07,Google[\x20]Web[\x20]Preview,628,90012134
2023-07,^mozilla\/5\.0$,50,20897785
2023-07,DomainStatsBot/,24,1210118
2023-07,BLEXBot/,664,47869103
2023-07,rome[\x20]client,1,21024
2023-07,y!j,9,73627
2023-07,LinkedInBot/,2,76649
2023-07,CFNetwork,292,2845329
2023-07,coccoc,279,18878789
2023-07,Sogou[\x20]web[\x20]spider/,624,8519830
2023-07,^mozilla\/4\.0$,1,14542
2023-07,robot,13,137682
2023-07,dataprovider\.com,71,1112424
2023-07,link,185,68843041
2023-07,blog,20,1533654
2023-07,TelegramBot,9,118759
2023-07,perman,5,1013
2023-07,facebookexternalhit/,242,38054797
2023-07,seek,74,680980
2024-07,bingbot/,5828,1470525172
2024-07,Googlebot/,5510,1072230146
2024-07,AhrefsBot/,2505,15507363
2024-07,core,2065,116304322
2024-07,Baiduspider/,1390,83291070
2024-07,"bot[\s_+:,\.\;\/\\-]",1363,298762283
2024-07,baidu,1328,29623799
2024-07,Applebot/,1285,44336089
2024-07,crawl,1159,20167847
2024-07,facebookexternalhit/,1085,85079250
2024-07,Seobility,3,37300
2024-07,y!j,24,149356
2024-07,^mozilla\/4\.0\s\(compatible;\)$,4,188487
2024-07,curl,81,2504248
2024-07,motor,1,7977
2024-07,python,81,1033463
2024-07,coccoc,266,22689069
2024-07,Discordbot/,17,578116
2024-07,2345Explorer/,2,8238
2024-07,daumoa,2,366
2024-07,unknown,308,38590
2024-07,SurdotlyBot/,1,12460
2024-07,link,296,72647995
2024-07,oBot/,542,83319304
2024-07,Slackbot\-LinkExpanding,4,4755
2024-07,SeznamBot/,152,5386829
2024-07,^mozilla\/5\.0$,29,143617
2024-07,BLEXBot/,185,45660956
2024-07,MojeekBot/,39,50810
2024-07,Exabot/,30,326006
2024-07,blog,19,1336897
2024-07,anthill,53,2812369
2024-07,Google[\x20]Web[\x20]Preview,568,180446681
2024-07,SemrushBot/,686,3518573
2024-07,nbot,830,112813736
2024-07,TelegramBot,7,3174655
2024-07,Yahoo![\x20]Slurp,5,124632
2024-07,bingpreview,10,78202
2024-07,spider,181,51839647
2024-07,dataprovider\.com,69,1049832
2024-07,seek,161,121489297
2024-07,sift,124,927044
2024-07,Googlebot\-News,37,332814
2024-07,Screaming[\x20]Frog[\x20]SEO[\x20]Spider/,2,24639
2024-07,ning,2,19972
2024-07,rome[\x20]client,1,21066
2024-07,Dalvik/,269,13172394
2024-07,CFNetwork,199,1797470
2024-07,Windows[\x20]98,999,622196889
2024-07,Konqueror/,1,732
2024-07,favicon,16,242878
2024-07,LinkCheck,1,10086
2024-07,CCBot/,49,334960
2024-07,Xenu[\x20]Link[\x20]Sleuth,37,332698
2024-07,yeti,679,6486541
2024-07,Googlebot\-Image/,346,27700053
2024-07,no_user_agent,264,26193026
2024-07,yacybot,2,12570
2024-07,Apache\-HttpClient/,90,39122249
2024-07,Sogou[\x20]web[\x20]spider/,721,43161799
2024-07,YisouSpider,575,33592837
2024-07,custo,2,24907
2024-07,ruby/,124,2135136
2024-07,Wget/,4,915034
2024-07,microsoft[_+\s]url[_+\s]control,1,823
2024-07,wordpress,13,4555115
2024-07,twitterbot,16,95526
2024-07,MSIE[\x20]4,1,12160
2024-07,feed,35,725480
2024-07,DomainStatsBot/,24,1089465
2024-07,proximic,1,17055
2024-07,robot,18,112023
2024-07,^Mozilla$,1,50949
2024-07,facebook,13,148259
2024-07,Python\-urllib/,16,974979858
2024-07,seokicks\.de,55,671564
2024-07,"[\s_+:,\.\;\/\\-]bot",763,31351539
2025-07,bingbot/,318159,3646477825
2025-07,AhrefsBot/,10818,27527508
2025-07,wordpress,5298,49798494
2025-07,"bot[\s_+:,\.\;\/\\-]",2727,229129185
2025-07,Googlebot/,2599,1609596506
2025-07,crawl,1990,15873517
2025-07,SemrushBot/,1232,6681877
2025-07,Sogou[\x20]web[\x20]spider/,1118,76849162
2025-07,Applebot/,790,52046513
2025-07,no_user_agent,761,8834476
2025-07,SurdotlyBot/,3,23639
2025-07,robot,14,137763
2025-07,spider,17,968411
2025-07,yandex,64,4892641
2025-07,TelegramBot,7,14192903
2025-07,java,109,3966679
2025-07,Baiduspider/,705,157381903
2025-07,checker,5,54038
2025-07,proximic,2,29043
2025-07,facebookexternalhit/,526,105187215
2025-07,Slackbot\-LinkExpanding,6,48132
2025-07,Wget/,2,1017418
2025-07,core,694,20941161
2025-07,nutch,118,1200432
2025-07,CFNetwork,91,2838864
2025-07,blog,13,920465
2025-07,Apache\-HttpClient/,95,20472
2025-07,nbot,3,408
2025-07,smtbot,43,559290
2025-07,oBot/,373,9416046
2025-07,python,83,9666836
2025-07,Googlebot\-Image/,183,38721911
2025-07,YandexBot/,326,27376906
2025-07,anthill,44,2274912
2025-07,scanner,1,49629
2025-07,MojeekBot/,93,377837
2025-07,facebook,1,17271
2025-07,domainchecker,4,47084
2025-07,Yahoo![\x20]Slurp,11,289505
2025-07,LinkedInBot/,4,33812
2025-07,DomainStatsBot/,36,1764731
2025-07,bingpreview,2,434676
2025-07,y!j,24,150477
2025-07,360Spider,2,34544
2025-07,favicon,4,69113
2025-07,seek,221,125320399
2025-07,Discordbot/,13,551715
2025-07,^mozilla\/5\.0$,36,1972932
2025-07,YisouSpider,264,49620090
2025-07,Dalvik/,19,31072736
2025-07,Seobility,3,68407
2025-07,Google[\x20]Web[\x20]Preview,423,16431939
2025-07,baidu,556,38089158
2025-07,feed,48,930634
2025-07,Screaming[\x20]Frog[\x20]SEO[\x20]Spider/,3,23676
2025-07,unknown,296,38396
2025-07,Python\-urllib/,7,3866795
2025-07,coccoc,286,27869335
2025-07,2345Explorer/,1,17256
2025-07,BLEXBot/,123,659233
2025-07,SeznamBot/,231,9118495
2025-07,dataprovider\.com,74,2313792
2025-07,link,58,1971714
2025-07,YandexImages/,33,2140304
2025-07,Mediapartners-Google,60,923699
2025-07,curl,593,45988414
2025-07,yeti,60,2321431
2026-07,"[\s_+:,\.\;\/\\-]bot",14790,2212590089
2026-07,bingbot/,2605,457811630
2026-07,Baiduspider/,2071,56579347
2026-07,Googlebot/,1966,261387943
2026-07,Sogou[\x20]web[\x20]spider/,1307,13620885
2026-07,Applebot/,856,151220699
2026-07,facebookexternalhit/,799,35635085
2026-07,"bot[\s_+:,\.\;\/\\-]",755,66009296
2026-07,unknown,727,173555
2026-07,no_user_agent,504,5941629
2026-07,yeti,46,1152634
2026-07,Baiduspider\-image,38,986627
2026-07,Windows[\x20]98,13,819397
2026-07,harvest,3,87132
2026-07,CFNetwork,26,945485
2026-07,domainchecker,4,0
2026-07,MojeekBot/,45,209469
2026-07,ResearchBot,2,2126
2026-07,discover,3,28321
2026-07,python,73,41783815
2026-07,anthill,1,14757
2026-07,LinkedInBot/,5,227021
2026-07,Yahoo![\x20]Slurp,3,50892
2026-07,AdsBot\-Google[\x20]\(,1,143420
2026-07,Python\-urllib/,5,1100251
2026-07,YisouSpider,144,3373791
2026-07,DomainStatsBot/,1,244
2026-07,archive\.org_bot,1,12190
2026-07,seek,1,244
2026-07,bingpreview,4,39491
2026-07,FurlBot/,3,56169
2026-07,spider,79,952252
2026-07,SeznamBot/,100,1119260
2026-07,fetcher,4,645780
2026-07,nbot,9,42034
2026-07,proximic,6,91403
2026-07,Windows[\x20]95,6,697946
2026-07,facebook,10,73521
2026-07,Who\.is[\x20]Bot,2,24389
2026-07,YandexMobileBot/,1,7668
2026-07,Apache\-HttpClient/,21,5124
2026-07,oBot/,1,12190
2026-07,dataprovider\.com,31,623157
2026-07,robot,67,288896
2026-07,crawl,384,10770129
2026-07,scanner,24,55884
2026-07,Links[\x20]\(,1,3933
2026-07,Screaming[\x20]Frog[\x20]SEO[\x20]Spider/,4,17734
2026-07,smtbot,48,637690
2026-07,FirePHP/,1,3933
2026-07,^mozilla\/5\.0$,117,7011266
2026-07,core,72,1304825
2026-07,Wget/,3,99643
2026-07,Googlebot\-Image/,130,17198952
2026-07,y!j,17,121908
2026-07,motor,4,199085
2026-07,feed,83,4330493
2026-07,360Spider,35,491052
2026-07,baidu,38,600688
2026-07,AhrefsBot/,5,1220
2026-07,curl,269,29365302
2026-07,Mediapartners-Google,27,276275
2026-07,Dalvik/,25,13269071
2026-07,twitterbot,35,328740
2026-07,YandexBot/,215,8525499
2026-07,MixrankBot,8,101856
2026-07,argus,71,1144788
2026-07,Discordbot/,29,5202322
2026-07,checker,19,123745
2026-07,yandex,24,869328
2026-07,blog,2,34000
2026-07,nutch,10,29608
2026-07,wordpress,40,463337
2026-07,link,149,2098972
2026-07,Slackbot\-LinkExpanding,42,3436638
2026-07,TelegramBot,17,464449
2026-07,java,12,0
2026-07,Google[\x20]Web[\x20]Preview,122,15636847
2026-07,SemrushBot/,12,2928
2026-07,YandexImages/,1,168964
2026-07,LinkCheck,19,0
2017-08,"bot[\s_+:,\.\;\/\\-]",14885,2387529694
2017-08,crawl,2156,92670663
2017-08,googlebot,2091,571241557
2017-08,robot,1641,309439556
2017-08,spider,701,32200816
2017-08,bingpreview,575,1254278380
2017-08,google[_+\s]web[_+\s]preview,397,7118576
2017-08,no_user_agent,361,310290472
2017-08,slurp,350,43851960
2017-08,php,343,35189384
2017-08,"[\s_+:,\.\;\/\\-]bot",156,32142591
2017-08,googlebot\-image,131,11831546
2017-08,ia_archiver,120,2277492
2017-08,curl,82,10760327
2017-08,checker,2,89463
2017-08,netcraft,2,76538
2021-08,Googlebot/,7490,1268451696
2021-08,bingbot/,2973,668352162
2021-08,core,1596,268147494
2021-08,baidu,1112,41549123
2021-08,infobot,942,65190580
2021-08,AhrefsBot/,929,23427258
2021-08,MJ12bot/,870,18914371
2021-08,DotBot/,797,72371675
2021-08,YandexBot/,735,156613006
2021-08,BLEXBot/,723,86691557
2021-08,Googlebot\-Image/,489,25370760
2021-08,spider,156,27886248
2021-08,crawl/Nutch,3,10230
2021-08,yeti,71,1983400
2021-08,Screaming[\x20]Frog[\x20]SEO[\x20]Spider/,5,49369
2021-08,curl,108,13478667
2021-08,custo,21,170271
2021-08,Apache\-HttpClient/,236,20536
2021-08,yacybot,2,160
2021-08,SurdotlyBot/,5,40356
2021-08,fetcher,9,90622
2021-08,Konqueror/,4,53367
2021-08,twitterbot,29,158519
2021-08,ltx71,81,3328556
2021-08,GrapeshotCrawler/,6,30446
2021-08,Applebot/,286,1778566
2021-08,Slackbot\-LinkExpanding,8,59434
2021-08,crawl,193,36453004
2021-08,nutch,104,620950
2021-08,Python\-urllib/,9,1473781
2021-08,motor,43,1619894
2021-08,KomodiaBot/,16,558544
2021-08,360Spider,1,10073
2021-08,MSIE[\x20]6,32,551028
2021-08,MojeekBot/,10,28847
2021-08,sohu,1,27473
2021-08,PhantomJS,6,426417
2021-08,qwantify,50,270717
2021-08,DuckDuckGo\-Favicons\-Bot/,64,577501
2021-08,YisouSpider,80,4106987
2021-08,python,246,4863378
2021-08,wordpress,15,83650
2021-08,java,4,8238
2021-08,favicon,323,2700785
2021-08,SeznamBot/,373,22236307
2021-08,"bot[\s_+:,\.\;\/\\-]",378,37758433
2021-08,Discordbot/,12,301445
2021-08,2345Explorer/,16,3157556
2021-08,yandex,12,13070584
2021-08,nbot,2,160
2021-08,(firefox/)([0-9]\.|[0-1][0]\.),111,93075
2021-08,no_user_agent,378,14558511
2021-08,oBot/,35,13231108
2021-08,MSIE[\x20]5,9,674104
2021-08,Dalvik/,373,65144789
2021-08,bingpreview,293,58074439
2021-08,"[\s_+:,\.\;\/\\-]bot",30,501850
2021-08,panscient,215,1449401
2021-08,proximic,7,30172
2021-08,Mail\.RU_Bot/,256,43213287
2021-08,SemrushBot/,613,2540718
2021-08,LinkCheck,5,74431
2021-08,discover,1,10070
2021-08,YandexImages/,13,131231
2021-08,Google[\x20]Web[\x20]Preview,265,7644856
2021-08,DomainStatsBot/,25,802884
2021-08,^mozilla\/5\.0$,39,239322
2021-08,^Mozilla$,2,176
2021-08,rome[\x20]client,1,64656
2021-08,Wget/,3,108240
2021-08,Mediatoolkitbot,2,14962
2021-08,seokicks\.de,48,607703
2021-08,LinkedInBot/,2,173682
2021-08,CFNetwork,225,1763808
2021-08,smtbot,6,24294
2021-08,Sogou[\x20]web[\x20]spider/,281,2729422
2021-08,unknown,217,16758
2021-08,coccoc,212,34913673
2021-08,robot,117,1140983
2021-08,link,27,247785
2021-08,feed,3,84796
2021-08,blog,9,487080
2021-08,TelegramBot,5,15018497
2021-08,ning,1,54120
2021-08,facebookexternalhit/,495,16154264
2022-08,Googlebot/,6504,937403263
2022-08,bingbot/,5591,685573496
2022-08,core,3191,175474895
2022-08,AhrefsBot/,1223,16387669
2022-08,crawl,1189,71617384
2022-08,"bot[\s_+:,\.\;\/\\-]",743,50623201
2022-08,DotBot/,735,45588201
2022-08,MJ12bot/,706,1882818
2022-08,Applebot/,645,32972949
2022-08,facebookexternalhit/,596,35803558
2022-08,Googlebot\-Image/,108,8061507
2022-08,spider,110,310369
2022-08,yeti,226,2154466
2022-08,ips\-agent,4,46486
2022-08,Screaming[\x20]Frog[\x20]SEO[\x20]Spider/,2,14212
2022-08,curl,170,3693732
2022-08,custo,38,1305271
2022-08,Apache\-HttpClient/,85,16980
2022-08,YandexBot/,241,2858450
2022-08,SurdotlyBot/,6,84603
2022-08,bubing,3,14312
2022-08,fetcher,1,7977
2022-08,Konqueror/,1,24503
2022-08,twitterbot,22,157150
2022-08,ruby/,82,1542600
2022-08,linkbot,9,6927
2022-08,Slackbot\-LinkExpanding,3,3605
2022-08,CCBot/,68,7613763
2022-08,Python\-urllib/,2,4226
2022-08,Windows[\x20]98,1,14109
2022-08,motor,121,879286
2022-08,360Spider,46,647960
2022-08,MSIE[\x20]6,146,1545615
2022-08,MojeekBot/,30,37564
2022-08,infobot,86,2732941
2022-08,DuckDuckGo\-Favicons\-Bot/,178,1927513
2022-08,qwantify,12,49428
2022-08,YisouSpider,506,4799359
2022-08,python,89,1189784
2022-08,rambler,1,88
2022-08,favicon,11,206878
2022-08,java,16,1453677
2022-08,wordpress,2,1
2022-08,SeznamBot/,200,3169109
2022-08,linkdexbot/,3,26697
2022-08,Discordbot/,21,488385
2022-08,yandex,3,60993
2022-08,2345Explorer/,5,12357
2022-08,nbot,3,306
2022-08,(firefox/)([0-9]\.|[0-1][0]\.),157,283688
2022-08,no_user_agent,261,3946609
2022-08,oBot/,411,12923207
2022-08,Dalvik/,366,101062329
2022-08,MSIE[\x20]5,9,963
2022-08,bingpreview,351,18257322
2022-08,panscient,201,4400714
2022-08,proximic,3,306
2022-08,Mail\.RU_Bot/,6,46982
2022-08,SemrushBot/,162,88872
2022-08,MixrankBot,26,355900
2022-08,linkchecker,1,18837
2022-08,LinkCheck,10,126111
2022-08,discover,154,6348575
2022-08,YandexImages/,1,4119
2022-08,Google[\x20]Web[\x20]Preview,473,10736740
2022-08,^mozilla\/5\.0$,66,84492
2022-08,DomainStatsBot/,24,1202894
2022-08,BLEXBot/,63,207931
2022-08,rome[\x20]client,1,21024
2022-08,y!j,8,54001
2022-08,seokicks\.de,53,822416
2022-08,LinkedInBot/,4,216296
2022-08,Wget/,4,63239
2022-08,CFNetwork,103,791046
2022-08,smtbot,187,1933272
2022-08,baidu,409,5123993
2022-08,Sogou[\x20]web[\x20]spider/,274,3892147
2022-08,coccoc,336,69130368
2022-08,unknown,360,35315
2022-08,ltbot,1,11420
2022-08,robot,23,1047315
2022-08,link,169,2227600
2022-08,i\-bot,60,692544
2022-08,MSIE[\x20]2,3,321
2022-08,feed,36,822836
2022-08,blog,14,774224
2022-08,TelegramBot,8,3254855
2022-08,seek,255,11100138
2023-08,bingbot/,6221,1611888378
2023-08,Googlebot/,6076,620451371
2023-08,core,2209,43901180
2023-08,AhrefsBot/,2103,7816952
2023-08,"bot[\s_+:,\.\;\/\\-]",1938,208890843
2023-08,crawl,1233,61743463
2023-08,baidu,1142,15856504
2023-08,feed,1123,30688484
2023-08,Applebot/,896,10468347
2023-08,Sogou[\x20]web[\x20]spider/,882,9136310
2023-08,Googlebot\-Image/,146,5678131
2023-08,Yahoo[\x20]Link[\x20]Preview,3,685168
2023-08,spider,97,15827
2023-08,yeti,341,2731404
2023-08,Screaming[\x20]Frog[\x20]SEO[\x20]Spider/,7,31001
2023-08,curl,388,9958265
2023-08,facebook,2,22518
2023-08,Apache\-HttpClient/,166,881331
2023-08,YandexBot/,1,57891
2023-08,yacybot,2,15045
2023-08,SurdotlyBot/,7,91873
2023-08,Konqueror/,2,412
2023-08,twitterbot,24,154732
2023-08,ruby/,124,2240052
2023-08,linkbot,3,13761
2023-08,Slackbot\-LinkExpanding,6,8791
2023-08,Python\-urllib/,18,786541397
2023-08,motor,7,26620
2023-08,MojeekBot/,100,492406
2023-08,gigablastopensource,1,16084
2023-08,qwantify,211,87812
2023-08,DuckDuckGo\-Favicons\-Bot/,194,2067238
2023-08,YisouSpider,411,10629741
2023-08,python,276,14528850
2023-08,heritrix,2,351399
2023-08,wordpress,44,312957
2023-08,ELinks/,1,206
2023-08,java,4,803427
2023-08,favicon,14,235506
2023-08,bbot,1,136
2023-08,SeznamBot/,179,17358924
2023-08,checker,5,157460
2023-08,Discordbot/,8,300100
2023-08,2345Explorer/,5,20595
2023-08,nbot,74,360726
2023-08,no_user_agent,534,15269091
2023-08,oBot/,605,2901536
2023-08,Dalvik/,537,60316301
2023-08,bingpreview,1,56841
2023-08,Mediapartners-Google,422,43816903
2023-08,panscient,11,1326
2023-08,urllib,2,129818
2023-08,proximic,1,17368
2023-08,Yahoo![\x20]Slurp,3,549
2023-08,SemrushBot/,88,259956
2023-08,linkchecker,14,134969
2023-08,LinkCheck,19,87807
2023-08,validator,1,14542
2023-08,Baiduspider/,811,26494964
2023-08,Google[\x20]Web[\x20]Preview,810,20537625
2023-08,^mozilla\/5\.0$,62,72871
2023-08,DomainStatsBot/,24,1168566
2023-08,BLEXBot/,571,91066909
2023-08,rome[\x20]client,1,21024
2023-08,y!j,302,136576484
2023-08,Wget/,1,27
2023-08,seokicks\.de,62,846368
2023-08,LinkedInBot/,2,76649
2023-08,CFNetwork,367,3804905
2023-08,coccoc,314,34217276
2023-08,unknown,574,77067
2023-08,^mozilla\/4\.0$,1,14543
2023-08,robot,26,1144792
2023-08,dataprovider\.com,71,1119399
2023-08,link,111,672497
2023-08,archive\.org_bot,1,128
2023-08,blog,17,1252420
2023-08,TelegramBot,5,65034
2023-08,MSIE[\x20]3,1,51474
2023-08,facebookexternalhit/,250,21784663
2023-08,seek,226,123163224
2024-08,Googlebot/,6840,1983262595
2024-08,bingbot/,5702,829665271
2024-08,crawl,4880,607570149
2024-08,core,2559,119225870
2024-08,facebookexternalhit/,2334,149394636
2024-08,AhrefsBot/,2293,17001041
2024-08,baidu,1708,59594824
2024-08,Applebot/,1554,189597648
2024-08,Baiduspider/,1141,98994146
2024-08,"bot[\s_+:,\.\;\/\\-]",1112,67620842
2024-08,Wget/,4,118135205
2024-08,linkbot,6,25511
2024-08,Slackbot\-LinkExpanding,4,4796
2024-08,dataprovider\.com,138,2104113
2024-08,ning,2,19972
2024-08,unknown,251,30972
2024-08,feed,36,919379
2024-08,coccoc,322,63275785
2024-08,curl,156,25312971
2024-08,wordpress,1,10153
2024-08,SeznamBot/,213,14547858
2024-08,nbot,3,408
2024-08,python,174,5670597
2024-08,DomainStatsBot/,24,1092906
2024-08,SemrushBot/,810,3869384
2024-08,MojeekBot/,29,90533
2024-08,favicon,13,174751
2024-08,motor,3,366872
2024-08,link,3,12744
2024-08,LinkCheck,1,10153
2024-08,MixrankBot,1,10153
2024-08,urllib,1,50949
2024-08,Yahoo![\x20]Slurp,5,99847
2024-08,^mozilla\/5\.0$,12,822125
2024-08,twitterbot,12,78487
2024-08,YisouSpider,888,32823429
2024-08,Screaming[\x20]Frog[\x20]SEO[\x20]Spider/,5,42475
2024-08,Google[\x20]Web[\x20]Preview,1024,190912091
2024-08,yeti,139,1214138
2024-08,y!j,24,149745
2024-08,anthill,62,3319723
2024-08,Apache\-HttpClient/,101,19533508
2024-08,BLEXBot/,70,419104
2024-08,robot,12,119239
2024-08,rome[\x20]client,1,21066
2024-08,oBot/,547,5391788
2024-08,webcopy,8,150530
2024-08,Dalvik/,320,24983527
2024-08,no_user_agent,293,7942498
2024-08,CFNetwork,195,2176008
2024-08,blog,10,701862
2024-08,spider,301,91850737
2024-08,Python\-urllib/,3,16215
2024-08,TelegramBot,6,81488
2024-08,DuckDuckGo\-Favicons\-Bot/,1,8494
2024-08,Discordbot/,11,446662
2024-08,"[\s_+:,\.\;\/\\-]bot",38,939258
2024-08,archive\.org_bot,2,18548
2024-08,Googlebot\-Image/,436,29470015
2024-08,Sogou[\x20]web[\x20]spider/,785,57441842
2024-08,facebook,29,417254
2024-08,ruby/,124,2138220
2024-08,bingpreview,1,196287
2024-08,SurdotlyBot/,8,75008
2025-08,bingbot/,416818,4588449969
2025-08,"bot[\s_+:,\.\;\/\\-]",7670,271270395
2025-08,wordpress,6348,57045939
2025-08,"[\s_+:,\.\;\/\\-]bot",2481,1389199388
2025-08,crawl,2441,15299305
2025-08,Googlebot/,2257,1294017474
2025-08,AhrefsBot/,2192,27586337
2025-08,Sogou[\x20]web[\x20]spider/,1565,234674642
2025-08,Baiduspider/,1260,131785964
2025-08,SemrushBot/,1218,6531507
2025-08,unknown,360,44350
2025-08,robot,15,380447
2025-08,SurdotlyBot/,1,11756
2025-08,facebook,1,12834
2025-08,feed,36,40884
2025-08,favicon,7,120977
2025-08,blog,10,708050
2025-08,Apache\-HttpClient/,66,146613
2025-08,SeznamBot/,230,11413761
2025-08,YandexImages/,51,1100744
2025-08,CFNetwork,104,3968598
2025-08,Yahoo![\x20]Slurp,2,47562
2025-08,python,71,2920373
2025-08,core,443,12297320
2025-08,baidu,652,49729603
2025-08,no_user_agent,622,41499861
2025-08,yandex,36,1495913
2025-08,YandexBot/,454,67492527
2025-08,360Spider,1,17284
2025-08,YisouSpider,305,10411835
2025-08,twitterbot,4,27402
2025-08,DomainStatsBot/,36,1864104
2025-08,yacybot,1,136
2025-08,MixrankBot,1,9402
2025-08,^mozilla\/5\.0$,32,3468326
2025-08,y!j,24,150489
2025-08,Wget/,4,973891
2025-08,Discordbot/,4,550792
2025-08,Google[\x20]Web[\x20]Preview,338,8020874
2025-08,MojeekBot/,60,234411
2025-08,bubing,19,91092
2025-08,riddler,1,136
2025-08,nbot,10,32327
2025-08,linkbot,6,16085
2025-08,fetcher,3,410686
2025-08,Python\-urllib/,4,31908
2025-08,ELinks/,1,181
2025-08,facebookexternalhit/,643,67193392
2025-08,scanner,1,10819
2025-08,dataprovider\.com,37,1156905
2025-08,spider,12,10424629
2025-08,Screaming[\x20]Frog[\x20]SEO[\x20]Spider/,10,53389
2025-08,oBot/,109,1465701
2025-08,AdsBot\-Google[\x20]\(,7,226930
2025-08,Slackbot\-LinkExpanding,11,94676
2025-08,link,53,1528659
2025-08,BLEXBot/,1051,3042861
2025-08,TelegramBot,6,6785401
2025-08,LinkCheck,1,9403
2025-08,curl,658,21903208
2025-08,checker,26,419499
2025-08,anthill,53,2728069
2025-08,coccoc,299,18808279
2025-08,Dalvik/,30,45389732
2025-08,nutch,7,43686
2025-08,Googlebot\-Image/,267,36603684
2025-08,Mediapartners-Google,31,1416760
2025-08,Applebot/,689,40394863
2025-08,cscrawler,20,17835105
2025-08,motor,1,20504
2025-08,yeti,47,2332086
2025-08,java,186,5640726
2025-08,urllib,2,18805
2025-08,LinkedInBot/,1,202143
2026-08,"[\s_+:,\.\;\/\\-]bot",5834,1017541451
2026-08,bingbot/,2593,504410290
2026-08,nbot,2324,82451848
2026-08,"bot[\s_+:,\.\;\/\\-]",2075,169459549
2026-08,Baiduspider/,1900,72199468
2026-08,Googlebot/,1786,108502477
2026-08,facebookexternalhit/,1257,69889864
2026-08,Sogou[\x20]web[\x20]spider/,1207,18376616
2026-08,unknown,1033,216411
2026-08,Applebot/,807,104226268
2026-08,robot,212,550879
2026-08,oBot/,1,3793
2026-08,link,300,4828023
2026-08,netnewswire,2,66496
2026-08,AdsBot\-Google[\x20]\(,6,360014
2026-08,spider,9,224528
2026-08,dataprovider\.com,16,166147
2026-08,checker,14,124461
2026-08,MojeekBot/,22,92468
2026-08,LinkCheck,6,28621
2026-08,MixrankBot,1,11758
2026-08,Seobility,1,11757
2026-08,ResearchBot,22,170388
2026-08,baidu,35,808400
2026-08,y!j,25,137745
2026-08,core,86,1698677
2026-08,domainchecker,1,11726
2026-08,Windows[\x20]98,5,33141
2026-08,twitterbot,6,30464
2026-08,SeznamBot/,128,1683331
2026-08,python,245,214584481
2026-08,FurlBot/,1,16396
2026-08,CFNetwork,22,1033104
2026-08,smtbot,96,1239149
2026-08,^mozilla\/5\.0$,143,497858297
2026-08,victoria,2,0
2026-08,yeti,38,1142804
2026-08,Discordbot/,20,3789767
2026-08,facebook,7,225341
2026-08,bingpreview,5,53433
2026-08,SemrushBot/,17,4132
2026-08,no_user_agent,309,11352220
2026-08,seek,2,4828
2026-08,Slackbot\-LinkExpanding,41,6529728
2026-08,360Spider,37,670852
2026-08,TelegramBot,6,56805
2026-08,Windows[\x20]95,3,37985
2026-08,webcopy,2,0
2026-08,Apache\-HttpClient/,24,5840
2026-08,feed,155,8386042
2026-08,CCBot/,1,243
2026-08,Python\-urllib/,3,3804953
2026-08,Baiduspider\-image,58,1729106
2026-08,yandex,71,2842323
2026-08,fetcher,3,297276
2026-08,scanner,23,57638
2026-08,Dalvik/,28,22061030
2026-08,LinkedInBot/,20,1120124
2026-08,wordpress,59,651921
2026-08,Who\.is[\x20]Bot,1,12195
2026-08,java,22,23514
2026-08,yacybot,2,12002
2026-08,nutch,8,16628
2026-08,Yahoo![\x20]Slurp,6,3174748
2026-08,AhrefsBot/,5,1217
2026-08,YisouSpider,141,3359380
2026-08,urllib,1,12195
2026-08,Screaming[\x20]Frog[\x20]SEO[\x20]Spider/,1,243
2026-08,blog,3,49821
2026-08,Wget/,1,121633
2026-08,Google[\x20]Web[\x20]Preview,116,15089413
2026-08,Googlebot\-Image/,168,21358435
2026-08,archive\.org_bot,57,3112682
2026-08,cursor,1,10950
2026-08,2345Explorer/,2,19054
2026-08,argus,83,1756182
2026-08,curl,205,42438978
2026-08,jbot,3,28425
2026-08,DomainStatsBot/,1,243
2026-08,YandexBot/,218,17634742
2026-08,crawl,207,1100666
2026-08,ng/1\.,2,15276500
2026-08,custo,4,35271
2021-09,Googlebot/,7384,873843678
2021-09,core,6304,444161866
2021-09,baidu,3429,87609817
2021-09,bingbot/,3060,309043841
2021-09,"bot[\s_+:,\.\;\/\\-]",1621,794421914
2021-09,YandexBot/,1328,139433762
2021-09,AhrefsBot/,1066,18179896
2021-09,facebookexternalhit/,1043,56108219
2021-09,Google[\x20]Web[\x20]Preview,664,34939385
2021-09,infobot,640,62191846
2021-09,Googlebot\-Image/,309,17877853
2021-09,spider,148,48124621
2021-09,DotBot/,11,737
2021-09,yeti,192,2257589
2021-09,Screaming[\x20]Frog[\x20]SEO[\x20]Spider/,3,31047
2021-09,curl,34,4130132
2021-09,FirePHP/,1,17015
2021-09,custo,22,619455
2021-09,Apache\-HttpClient/,119,39217
2021-09,SurdotlyBot/,1,12213
2021-09,fetcher,5,66723
2021-09,twitterbot,18,150473
2021-09,MJ12bot/,581,2763700
2021-09,GrapeshotCrawler/,6,36882
2021-09,ltx71,44,118843
2021-09,linkbot,3,4509
2021-09,Applebot/,321,28831802
2021-09,crawl,271,50587532
2021-09,Slackbot\-LinkExpanding,19,194338
2021-09,nutch,337,22037473
2021-09,CCBot/,62,5521776
2021-09,Python\-urllib/,14,792727
2021-09,Windows[\x20]98,1,0
2021-09,motor,74,770116
2021-09,360Spider,3,0
2021-09,MSIE[\x20]6,12,10656
2021-09,MojeekBot/,26,128245
2021-09,YisouSpider,397,5376852
2021-09,qwantify,96,1712997
2021-09,PhantomJS,9,83922
2021-09,DuckDuckGo\-Favicons\-Bot/,52,522225
2021-09,python,130,49117203
2021-09,heritrix,3,590741
2021-09,wordpress,21,162289
2021-09,java,3,4119
2021-09,favicon,374,3525426
2021-09,bbot,2,12293
2021-09,SeznamBot/,353,13580858
2021-09,internetarchive,1,0
2021-09,Discordbot/,54,11280991
2021-09,2345Explorer/,150,3748245
2021-09,yandex,10,13058488
2021-09,commons\-httpclient,3,119484
2021-09,(firefox/)([0-9]\.|[0-1][0]\.),75,624336
2021-09,oBot/,153,53178457
2021-09,no_user_agent,265,14856757
2021-09,Dalvik/,255,177671611
2021-09,MSIE[\x20]5,11,1675936
2021-09,bingpreview,86,8743450
2021-09,"[\s_+:,\.\;\/\\-]bot",628,12042633
2021-09,drupal,3,54507
2021-09,proximic,16,75404
2021-09,Mail\.RU_Bot/,185,3221580
2021-09,Yahoo![\x20]Slurp,1,17338
2021-09,SemrushBot/,468,2930865
2021-09,LinkCheck,2,34661
2021-09,discover,5,60691
2021-09,YandexImages/,24,736904
2021-09,^mozilla\/5\.0$,26,108355
2021-09,DomainStatsBot/,25,1038668
2021-09,BLEXBot/,324,51392418
2021-09,rome[\x20]client,1,19654
2021-09,LinkedInBot/,2,173682
2021-09,seokicks\.de,50,669198
2021-09,Wget/,12,5923301
2021-09,CFNetwork,236,2028291
2021-09,smtbot,12,48585
2021-09,coccoc,215,20112381
2021-09,unknown,260,19878
2021-09,Sogou[\x20]web[\x20]spider/,273,16118953
2021-09,Validator\.nu/,1,12212
2021-09,robot,117,1012555
2021-09,link,23,159132
2021-09,feed,1,19654
2021-09,yie8,1,0
2021-09,archive\.org_bot,1,67
2021-09,blog,9,605728
2021-09,TelegramBot,3,44220
2022-09,bingbot/,6377,1367240532
2022-09,core,6083,433398369
2022-09,Googlebot/,2347,566654720
2022-09,AhrefsBot/,1772,27849579
2022-09,DotBot/,1682,131958295
2022-09,Google[\x20]Web[\x20]Preview,1157,19549097
2022-09,heritrix,1104,587993420
2022-09,"bot[\s_+:,\.\;\/\\-]",776,78412281
2022-09,Applebot/,734,5409944
2022-09,facebookexternalhit/,703,29027061
2022-09,Googlebot\-Image/,61,3337500
2022-09,spider,661,541818938
2022-09,yeti,269,3905783
2022-09,Screaming[\x20]Frog[\x20]SEO[\x20]Spider/,2,14188
2022-09,curl,244,32328809
2022-09,custo,60,1946673
2022-09,Apache\-HttpClient/,85,45094
2022-09,YandexBot/,38,3282349
2022-09,SurdotlyBot/,11,126975
2022-09,twitterbot,24,183435
2022-09,MJ12bot/,408,1460757
2022-09,ruby/,121,2270218
2022-09,Slackbot\-LinkExpanding,4,4821
2022-09,crawl,506,5912188
2022-09,CCBot/,95,8799233
2022-09,Python\-urllib/,6,36415
2022-09,motor,183,3091214
2022-09,360Spider,36,507012
2022-09,MSIE[\x20]6,75,35591790
2022-09,MojeekBot/,19,37916
2022-09,infobot,86,958470
2022-09,ICC\-Crawler/,2,18947
2022-09,PhantomJS,8,85305
2022-09,qwantify,23,101397
2022-09,YisouSpider,508,5281853
2022-09,DuckDuckGo\-Favicons\-Bot/,164,1600873
2022-09,python,248,31427060
2022-09,favicon,13,228407
2022-09,java,12,135023
2022-09,wordpress,10,76529
2022-09,SeznamBot/,41,142479
2022-09,linkdexbot/,1,102
2022-09,internetarchive,1,0
2022-09,Discordbot/,27,262770
2022-09,2345Explorer/,5,35277
2022-09,yandex,3,23931
2022-09,nbot,2,204
2022-09,(firefox/)([0-9]\.|[0-1][0]\.),3,42151
2022-09,oBot/,182,8286451
2022-09,no_user_agent,196,171173356
2022-09,Dalvik/,614,104944520
2022-09,microsoft\-webdav\-miniredir,17,142371
2022-09,MSIE[\x20]5,4,14409
2022-09,AdsBot\-Google[\x20]\(,1,14086
2022-09,bingpreview,260,66273142
2022-09,"[\s_+:,\.\;\/\\-]bot",1,18812
2022-09,proximic,5,71719
2022-09,Mail\.RU_Bot/,3,8313
2022-09,MixrankBot,9,137739
2022-09,SemrushBot/,305,1621084
2022-09,LinkCheck,11,112093
2022-09,linkchecker,4,39474
2022-09,YandexImages/,2,385281
2022-09,^mozilla\/5\.0$,108,176348
2022-09,DomainStatsBot/,24,306950
2022-09,^Mozilla$,2,28172
2022-09,BLEXBot/,549,40626072
2022-09,rome[\x20]client,1,21024
2022-09,y!j,23,205219
2022-09,Wget/,13,340032125
2022-09,LinkedInBot/,4,198280
2022-09,seokicks\.de,52,806522
2022-09,CFNetwork,125,1408702
2022-09,smtbot,424,4943438
2022-09,baidu,567,6441439
2022-09,coccoc,284,108472106
2022-09,unknown,456,50592
2022-09,Sogou[\x20]web[\x20]spider/,339,4782239
2022-09,ltbot,1,14086
2022-09,robot,19,776586
2022-09,dataprovider\.com,145,1702424
2022-09,link,61,587216
2022-09,feed,33,679918
2022-09,archive\.org_bot,1,102
2022-09,blog,11,206060
2022-09,TelegramBot,6,7728958
2022-09,seek,178,29905137
2023-09,bingbot/,5964,3856067849
2023-09,Googlebot/,5397,607119496
2023-09,AhrefsBot/,3069,23372028
2023-09,core,2781,62688220
2023-09,baidu,1238,17790669
2023-09,heritrix,1103,595249462
2023-09,Sogou[\x20]web[\x20]spider/,1006,9089779
2023-09,BLEXBot/,942,91144073
2023-09,Baiduspider/,937,218599255
2023-09,Applebot/,915,10894513
2023-09,Googlebot\-Image/,137,9170821
2023-09,spider,26,3454145
2023-09,yeti,322,2819923
2023-09,anthill,71,3927263
2023-09,riddler,3,408
2023-09,Screaming[\x20]Frog[\x20]SEO[\x20]Spider/,4,39431
2023-09,curl,507,36462436
2023-09,custo,1,12578
2023-09,Apache\-HttpClient/,101,162843
2023-09,Who\.is[\x20]Bot,1,54881
2023-09,yacybot,4,12986
2023-09,SurdotlyBot/,15,176031
2023-09,Konqueror/,1,119
2023-09,testbot,20,2690
2023-09,twitterbot,12,78244
2023-09,ruby/,120,2093376
2023-09,linkbot,3,1622
2023-09,Slackbot\-LinkExpanding,3,3982
2023-09,crawl,852,12801870
2023-09,CCBot/,51,2843477
2023-09,Python\-urllib/,10,1096895514
2023-09,motor,58,605795
2023-09,MojeekBot/,50,135058
2023-09,qwantify,10,41190
2023-09,DuckDuckGo\-Favicons\-Bot/,152,1576156
2023-09,YisouSpider,338,3968078
2023-09,python,117,10808251
2023-09,java,13,117492
2023-09,wordpress,30,265731
2023-09,favicon,13,210413
2023-09,bbot,2,272
2023-09,SeznamBot/,185,1506487
2023-09,"bot[\s_+:,\.\;\/\\-]",600,43952865
2023-09,checker,6,138682
2023-09,Discordbot/,52,2327012
2023-09,2345Explorer/,13,53547
2023-09,nbot,350,13346550
2023-09,oBot/,222,2452409
2023-09,no_user_agent,624,60101349
2023-09,Dalvik/,351,60955923
2023-09,bingpreview,1,32791
2023-09,"[\s_+:,\.\;\/\\-]bot",7,3143807
2023-09,Mediapartners-Google,2,15954
2023-09,proximic,9,86221
2023-09,SemrushBot/,353,1058320
2023-09,linkchecker,2,34736
2023-09,LinkCheck,19,112634
2023-09,Google[\x20]Web[\x20]Preview,579,5602946
2023-09,DomainStatsBot/,24,1178522
2023-09,^mozilla\/5\.0$,47,3632
2023-09,rome[\x20]client,1,21024
2023-09,y!j,344,218133536
2023-09,Wget/,4,370748987
2023-09,LinkedInBot/,2,76649
2023-09,seokicks\.de,423,604251
2023-09,CFNetwork,430,16847101
2023-09,coccoc,315,23600911
2023-09,unknown,521,71286
2023-09,robot,26,1281770
2023-09,dataprovider\.com,69,1077104
2023-09,link,42,190322
2023-09,feed,237,4028877
2023-09,archive\.org_bot,1,4119
2023-09,blog,15,1068575
2023-09,TelegramBot,10,7744588
2023-09,facebookexternalhit/,273,11973429
2023-09,seek,37,410850
2024-09,bingbot/,6079,1472366481
2024-09,Googlebot/,5467,1166321863
2024-09,core,4538,156725512
2024-09,AhrefsBot/,3215,19537160
2024-09,"bot[\s_+:,\.\;\/\\-]",2270,68285465
2024-09,facebookexternalhit/,1824,50074396
2024-09,crawl,1594,61614780
2024-09,Applebot/,1440,13685238
2024-09,baidu,1354,19755226
2024-09,Baiduspider/,1170,128717594
2024-09,blog,9,631896
2024-09,feed,35,759965
2024-09,oBot/,70,439728
2024-09,BLEXBot/,44,355412
2024-09,python,299,4371989
2024-09,Google[\x20]Web[\x20]Preview,857,192461158
2024-09,YisouSpider,875,36067862
2024-09,spider,330,54703120
2024-09,Yahoo![\x20]Slurp,16,1437824
2024-09,Sogou[\x20]web[\x20]spider/,765,44913134
2024-09,SurdotlyBot/,5,61454
2024-09,Apache\-HttpClient/,97,45553236
2024-09,"[\s_+:,\.\;\/\\-]bot",1,125
2024-09,favicon,12,172658
2024-09,^mozilla\/5\.0$,2,12283
2024-09,^Mozilla$,3,117808
2024-09,motor,1,736
2024-09,Dalvik/,249,81353804
2024-09,ning,1,9969
2024-09,unknown,357,43417
2024-09,nbot,44,298419
2024-09,Discordbot/,34,1415622
2024-09,no_user_agent,312,19321084
2024-09,seokicks\.de,57,698271
2024-09,seek,198,118416160
2024-09,link,3,2754
2024-09,ruby/,120,2049580
2024-09,wordpress,9,84782
2024-09,heritrix,1158,600183144
2024-09,robot,26,233210
2024-09,bingpreview,4,30104
2024-09,rome[\x20]client,1,20895
2024-09,SemrushBot/,727,3617829
2024-09,Wget/,16,948703561
2024-09,anthill,53,2828363
2024-09,TelegramBot,8,4113569
2024-09,Slackbot\-LinkExpanding,12,25645
2024-09,Windows[\x20]98,2,37156
2024-09,curl,307,7684784
2024-09,facebook,7,68594
2024-09,SeznamBot/,193,5499512
2024-09,CFNetwork,255,2226163
2024-09,coccoc,276,22161199
2024-09,MojeekBot/,17,52549
2024-09,ips\-agent,4,41113
2024-09,Seobility,1,12304
2024-09,DomainStatsBot/,24,1084956
2024-09,java,5,4463
2024-09,dataprovider\.com,69,1050496
2024-09,Windows[\x20]95,1,12233
2024-09,Python\-urllib/,6,243746373
2024-09,y!j,24,148747
2024-09,Mediapartners-Google,1,7977
2024-09,Googlebot\-Image/,616,42818269
2024-09,php,87,779265
2024-09,yacybot,2,12783
2024-09,twitterbot,6,37887
2024-09,yeti,3,12744
2024-09,Screaming[\x20]Frog[\x20]SEO[\x20]Spider/,13,132840
2024-09,LinkCheck,1,7300
2024-09,proximic,12,105410
2025-09,bingbot/,392375,4398585004
2025-09,"[\s_+:,\.\;\/\\-]bot",13298,7913597497
2025-09,wordpress,7267,68310355
2025-09,"bot[\s_+:,\.\;\/\\-]",5376,225899926
2025-09,AhrefsBot/,3049,30798954
2025-09,Googlebot/,2593,1237650648
2025-09,crawl,2231,10230487
2025-09,Baiduspider/,1595,95765783
2025-09,curl,1458,180738816
2025-09,heritrix,1455,663579498
2025-09,blog,13,920534
2025-09,YisouSpider,212,24074307
2025-09,robot,21,869567
2025-09,Sogou[\x20]web[\x20]spider/,1230,78485650
2025-09,facebookexternalhit/,682,76243315
2025-09,Yahoo![\x20]Slurp,3,64844
2025-09,ips\-agent,6,45124
2025-09,Wget/,3,55216533
2025-09,Dalvik/,26,25300137
2025-09,nbot,4,13239
2025-09,no_user_agent,520,7231434
2025-09,facebook,1,12627
2025-09,yandex,1,7977
2025-09,feed,33,40820
2025-09,baidu,961,61219236
2025-09,Googlebot\-Image/,251,30504830
2025-09,SurdotlyBot/,5,47145
2025-09,urllib,3,25357
2025-09,Google[\x20]Web[\x20]Preview,211,4049678
2025-09,CFNetwork,103,9990328
2025-09,BLEXBot/,40,78454
2025-09,php,59,2348824
2025-09,riddler,1,136
2025-09,Baiduspider\-image,4,5483
2025-09,link,56,1704322
2025-09,Applebot/,818,29201807
2025-09,LinkedInBot/,9,449706
2025-09,smtbot,41,555917
2025-09,TelegramBot,8,249920
2025-09,favicon,8,116025
2025-09,checker,5,44179
2025-09,SemrushBot/,1236,6324363
2025-09,spider,24,1032095
2025-09,yeti,77,3058334
2025-09,Apache\-HttpClient/,60,15240
2025-09,Screaming[\x20]Frog[\x20]SEO[\x20]Spider/,7,18099
2025-09,360Spider,25,402225
2025-09,nutch,3,21778
2025-09,dataprovider\.com,37,1156903
2025-09,oBot/,210,2129122
2025-09,bbot,21,266465
2025-09,python,87,28438638
2025-09,Mediapartners-Google,32,2145699
2025-09,YandexBot/,25,282580
2025-09,coccoc,337,21137040
2025-09,Python\-urllib/,6,1957420
2025-09,java,113,4259182
2025-09,proximic,1,12063
2025-09,SeznamBot/,279,8313037
2025-09,Slackbot\-LinkExpanding,8,61479
2025-09,MojeekBot/,61,280455
2025-09,seek,21,3303964
2025-09,^mozilla\/5\.0$,38,14252117
2025-09,y!j,21,150085
2025-09,motor,1,20504
2025-09,anthill,54,2797379
2025-09,bubing,8,45179
2025-09,core,833,130285797
2025-09,Discordbot/,16,1010309
2025-09,custo,2,61420
2025-09,unknown,411,50444
2025-09,twitterbot,6,503812
2025-09,bingpreview,10,86827
2026-09,"bot[\s_+:,\.\;\/\\-]",2667,169808042
2026-09,nbot,2487,51259404
2026-09,bingbot/,2370,429326776
2026-09,"[\s_+:,\.\;\/\\-]bot",2175,345786676
2026-09,Baiduspider/,1689,51919070
2026-09,Googlebot/,1593,164596935
2026-09,heritrix,1215,49843049
2026-09,Applebot/,1151,105437689
2026-09,crawl,863,40117259
2026-09,Sogou[\x20]web[\x20]spider/,844,11441356
2026-09,MojeekBot/,23,69271
2026-09,scanner,29,63945
2026-09,panscient,162,2125336
2026-09,YisouSpider,218,4773120
2026-09,checker,101,297820
2026-09,fetcher,306,631579
2026-09,argus,84,1270059
2026-09,^mozilla\/5\.0$,160,6838300
2026-09,oBot/,4,24701
2026-09,python,135,109482794
2026-09,wordpress,40,430547
2026-09,Wget/,37,241144
2026-09,curl,183,234586004
2026-09,facebookexternalhit/,636,34996037
2026-09,SemrushBot/,16,3888
2026-09,twitterbot,3,14698
2026-09,AdsBot\-Google[\x20]\(,7,194363
2026-09,bingpreview,6,55942
2026-09,seek,36,399229
2026-09,Yahoo![\x20]Slurp[\x20]China,1,11759
2026-09,Windows[\x20]98,2,105900
2026-09,no_user_agent,153,21258418
2026-09,cursor,2,27819
2026-09,Googlebot\-Image/,155,13229076
2026-09,Discordbot/,22,1117520
2026-09,y!j,20,90420
2026-09,yeti,29,421851
2026-09,CFNetwork,17,1782074
2026-09,dataprovider\.com,30,495138
2026-09,core,92,1944873
2026-09,robot,200,96022
2026-09,YandexBot/,162,15343435
2026-09,Baiduspider\-image,50,1557011
2026-09,AhrefsBot/,7,1701
2026-09,java,15,0
2026-09,blog,3,49279
2026-09,feed,44,2316312
2026-09,CCBot/,3,729
2026-09,Google[\x20]Web[\x20]Preview,59,967716
2026-09,proximic,8,110268
2026-09,Dalvik/,49,475623
2026-09,custo,1,0
2026-09,netnewswire,1,54737
2026-09,Slackbot\-LinkExpanding,129,4194422
2026-09,unknown,745,174384
2026-09,TelegramBot,4,48430
2026-09,seokicks\.de,77,960103
2026-09,Links[\x20]\(,1,3793
2026-09,yandex,52,3213778
2026-09,Windows[\x20]95,3,105014
2026-09,validator,1,31584
2026-09,SeznamBot/,128,6115812
2026-09,cfetch,5,99678
2026-09,Seobility,1,11758
2026-09,Apache\-HttpClient/,24,28864
2026-09,DomainStatsBot/,2,486
2026-09,urllib,4,4002
2026-09,YandexImages/,2,25634
2026-09,nutch,525,6168682
2026-09,baidu,16,214082
2026-09,link,46,231176
2026-09,Python\-urllib/,2,34828
2026-09,360Spider,34,566138
2026-09,ResearchBot,3,23289
2021-10,Googlebot/,8073,1079565886
2021-10,core,5901,167610994
2021-10,bingbot/,4159,526530461
2021-10,baidu,3731,58364487
2021-10,YandexBot/,3072,150217011
2021-10,AhrefsBot/,1144,21601066
2021-10,"[\s_+:,\.\;\/\\-]bot",881,16799745
2021-10,"bot[\s_+:,\.\;\/\\-]",826,142669875
2021-10,Google[\x20]Web[\x20]Preview,770,10352802
2021-10,SemrushBot/,707,3438774
2021-10,Googlebot\-Image/,263,6617545
2021-10,YandexMetrika/,1,12213
2021-10,Yahoo[\x20]Link[\x20]Preview,1,17335
2021-10,spider,92,12044903
2021-10,DotBot/,432,20628464
2021-10,yeti,219,2450522
2021-10,Screaming[\x20]Frog[\x20]SEO[\x20]Spider/,4,55062
2021-10,curl,59,2596684
2021-10,FirePHP/,1,12212
2021-10,custo,25,543972
2021-10,Apache\-HttpClient/,161,58169
2021-10,SurdotlyBot/,3,24509
2021-10,fetcher,18,231342
2021-10,Konqueror/,1,17335
2021-10,twitterbot,25,168079
2021-10,MJ12bot/,621,2320852
2021-10,ltx71,9,729
2021-10,Applebot/,353,30056676
2021-10,Slackbot\-LinkExpanding,13,97055
2021-10,nutch,38,788235
2021-10,crawl,210,39452426
2021-10,CCBot/,95,792754
2021-10,Python\-urllib/,14,27692258
2021-10,motor,312,2714599
2021-10,MSIE[\x20]6,65,528078
2021-10,MojeekBot/,31,105394
2021-10,infobot,350,50529480
2021-10,qwantify,49,7832623
2021-10,PhantomJS,9,83922
2021-10,YisouSpider,254,2730059
2021-10,DuckDuckGo\-Favicons\-Bot/,74,746300
2021-10,python,326,24885966
2021-10,wordpress,31,263187
2021-10,favicon,570,5756719
2021-10,java,37,7851951
2021-10,SeznamBot/,348,15540843
2021-10,Discordbot/,58,17012426
2021-10,yandex,21,32577241
2021-10,2345Explorer/,15,3157762
2021-10,nbot,6,642
2021-10,commons\-httpclient,2,79656
2021-10,(firefox/)([0-9]\.|[0-1][0]\.),20,855492
2021-10,cfetch,1,7977
2021-10,oBot/,469,83357701
2021-10,no_user_agent,277,20654416
2021-10,MSIE[\x20]5,3,249507
2021-10,Dalvik/,246,150808737
2021-10,bingpreview,85,1553867
2021-10,proximic,12,49200
2021-10,Yahoo![\x20]Slurp,1,67
2021-10,Mail\.RU_Bot/,183,38813734
2021-10,LinkCheck,2,34664
2021-10,discover,3,12468
2021-10,YandexImages/,56,1518943
2021-10,scanner,2,34669
2021-10,DomainStatsBot/,25,1023812
2021-10,fido,110,1034294
2021-10,^mozilla\/5\.0$,27,23994179
2021-10,YandexMobileBot/,148,1587975
2021-10,BLEXBot/,638,46699845
2021-10,ia_archiver,1,46154
2021-10,rome[\x20]client,1,19654
2021-10,LinkedInBot/,5,408527
2021-10,seokicks\.de,50,667194
2021-10,Wget/,9,523267
2021-10,CFNetwork,285,2427263
2021-10,smtbot,90,908400
2021-10,Deepnet[\x20]Explorer,3,321
2021-10,unknown,181,13401
2021-10,coccoc,201,12767233
2021-10,Sogou[\x20]web[\x20]spider/,313,3886304
2021-10,robot,202,1991184
2021-10,link,174,66917227
2021-10,feed,3,44082
2021-10,archive\.org_bot,42,265786
2021-10,blog,9,608778
2021-10,TelegramBot,8,127682
2021-10,facebookexternalhit/,618,30137313
2022-10,core,7900,308016354
2022-10,Googlebot/,4320,759979096
2022-10,bingbot/,3909,1091319072
2022-10,"bot[\s_+:,\.\;\/\\-]",3400,379324281
2022-10,AhrefsBot/,2898,30177047
2022-10,Windows[\x20]98,1997,957547297
2022-10,Wget/,1154,772048019
2022-10,Google[\x20]Web[\x20]Preview,1049,14367505
2022-10,baidu,1025,10806763
2022-10,BLEXBot/,854,89866303
2022-10,microsoft.*discovery,1,0
2022-10,Googlebot\-Image/,435,25451426
2022-10,spider,376,9334817
2022-10,yeti,261,2800061
2022-10,Screaming[\x20]Frog[\x20]SEO[\x20]Spider/,15,121115
2022-10,curl,207,31273969
2022-10,custo,3,42260
2022-10,Apache\-HttpClient/,76,50597
2022-10,YandexBot/,54,7722641
2022-10,SurdotlyBot/,6,84410
2022-10,twitterbot,23,240033
2022-10,MJ12bot/,181,972260
2022-10,ruby/,142,2439578
2022-10,linkbot,9,29258
2022-10,GrapeshotCrawler/,10,728020
2022-10,^mozilla\/4\.0\s\(compatible;\)$,5,47958
2022-10,Applebot/,413,20899585
2022-10,Slackbot\-LinkExpanding,7,43725
2022-10,crawl,649,22437818
2022-10,CCBot/,4,1646556
2022-10,Python\-urllib/,280,366702425
2022-10,motor,107,4730795
2022-10,360Spider,34,478818
2022-10,MojeekBot/,4,3576
2022-10,qwantify,42,165032
2022-10,PhantomJS,4,64093
2022-10,DuckDuckGo\-Favicons\-Bot/,203,1714444
2022-10,YisouSpider,412,3832660
2022-10,python,258,3290845
2022-10,java,21,3309017
2022-10,ELinks/,1,2841
2022-10,favicon,14,247235
2022-10,wordpress,34,656281
2022-10,SeznamBot/,65,811841
2022-10,linkdexbot/,8,119916
2022-10,Discordbot/,36,7939279
2022-10,2345Explorer/,2,8238
2022-10,yandex,8,24600719
2022-10,nbot,2,272
2022-10,(firefox/)([0-9]\.|[0-1][0]\.),3,42163
2022-10,no_user_agent,292,87516843
2022-10,oBot/,84,934374
2022-10,Dalvik/,708,153333097
2022-10,bingpreview,413,6634783
2022-10,"[\s_+:,\.\;\/\\-]bot",1,18808
2022-10,SemrushBot/,415,154251
2022-10,MixrankBot,8,109825
2022-10,LinkCheck,15,155243
2022-10,linkchecker,7,82994
2022-10,YandexImages/,4,234845
2022-10,^mozilla\/5\.0$,25,64854
2022-10,DomainStatsBot/,24,307105
2022-10,^Mozilla$,1,14084
2022-10,rome[\x20]client,1,21024
2022-10,y!j,19,164614
2022-10,seokicks\.de,159,2400067
2022-10,LinkedInBot/,6,326980
2022-10,CFNetwork,140,7516170
2022-10,coccoc,253,29071452
2022-10,unknown,547,74009
2022-10,Sogou[\x20]web[\x20]spider/,357,4972194
2022-10,robot,20,511400
2022-10,link,287,72818459
2022-10,dataprovider\.com,59,691687
2022-10,feed,38,757270
2022-10,blog,14,263058
2022-10,TelegramBot,2,36022
2022-10,facebookexternalhit/,574,16748693
2022-10,seek,193,2513104
2023-10,bingbot/,6502,4155840109
2023-10,Googlebot/,5619,765034898
2023-10,core,5153,261386168
2023-10,AhrefsBot/,3836,37763127
2023-10,baidu,1235,37078129
2023-10,Applebot/,1158,13899961
2023-10,Sogou[\x20]web[\x20]spider/,869,8881757
2023-10,"bot[\s_+:,\.\;\/\\-]",812,55979898
2023-10,oBot/,811,3438607
2023-10,unknown,775,106673
2023-10,microsoft.*discovery,2,0
2023-10,Googlebot\-Image/,182,7126371
2023-10,spider,2,25124
2023-10,Yahoo[\x20]Link[\x20]Preview,1,70945
2023-10,anthill,120,6652747
2023-10,webcopy,2,0
2023-10,yeti,285,2084801
2023-10,Screaming[\x20]Frog[\x20]SEO[\x20]Spider/,3,408
2023-10,ips\-agent,4,43517
2023-10,curl,545,15123767
2023-10,facebook,4,25136
2023-10,Apache\-HttpClient/,124,819135
2023-10,SurdotlyBot/,8,103305
2023-10,Konqueror/,2,113535
2023-10,testbot,66,7982
2023-10,twitterbot,14,90956
2023-10,ruby/,124,2162860
2023-10,GrapeshotCrawler/,2,13924
2023-10,nutch,7,50700
2023-10,crawl,544,42146395
2023-10,Slackbot\-LinkExpanding,14,111931
2023-10,CCBot/,8,29591
2023-10,Python\-urllib/,6,7670419
2023-10,motor,1,19416
2023-10,MojeekBot/,49,89234
2023-10,qwantify,10,41190
2023-10,YisouSpider,463,5213664
2023-10,DuckDuckGo\-Favicons\-Bot/,130,1341452
2023-10,python,82,10112068
2023-10,wordpress,40,344131
2023-10,favicon,23,334484
2023-10,java,14,100593
2023-10,bbot,1,136
2023-10,SeznamBot/,150,935872
2023-10,internetarchive,4,0
2023-10,checker,1,31492
2023-10,Discordbot/,48,1994390
2023-10,2345Explorer/,4,16476
2023-10,nbot,194,590503
2023-10,no_user_agent,679,8133831
2023-10,Dalvik/,519,93858936
2023-10,bingpreview,2,65582
2023-10,"[\s_+:,\.\;\/\\-]bot",596,2069219
2023-10,Mediapartners-Google,3,23931
2023-10,proximic,7,73505
2023-10,urllib,4,225477
2023-10,Yahoo![\x20]Slurp,32,382423
2023-10,SemrushBot/,205,507784
2023-10,LinkCheck,23,33012
2023-10,Baiduspider/,766,81694473
2023-10,Google[\x20]Web[\x20]Preview,565,5026220
2023-10,DomainStatsBot/,24,1144885
2023-10,^mozilla\/5\.0$,51,13935
2023-10,Googlebot\-News,1,100957
2023-10,BLEXBot/,566,1765702
2023-10,rome[\x20]client,1,21024
2023-10,y!j,131,74633061
2023-10,LinkedInBot/,2,76649
2023-10,seokicks\.de,109,1432477
2023-10,Wget/,2,21070974
2023-10,CFNetwork,458,3827042
2023-10,coccoc,325,23743872
2023-10,robot,48,1202153
2023-10,dataprovider\.com,69,1076311
2023-10,link,112,875053
2023-10,feed,755,12842055
2023-10,archive\.org_bot,3,793177
2023-10,blog,15,1066639
2023-10,TelegramBot,10,118241
2023-10,microsoft[_+\s]url[_+\s]control,1,12573
2023-10,facebookexternalhit/,371,37054363
2023-10,seek,174,125045499
2024-10,bingbot/,7051,1451955366
2024-10,Googlebot/,5982,1650283873
2024-10,core,4076,143046174
2024-10,AhrefsBot/,3413,19091186
2024-10,"bot[\s_+:,\.\;\/\\-]",2234,84059201
2024-10,crawl,1861,27215071
2024-10,Applebot/,1470,14529348
2024-10,baidu,1312,38953716
2024-10,Baiduspider/,1295,158104350
2024-10,facebookexternalhit/,1011,53400933
2024-10,ning,1,12317
2024-10,no_user_agent,330,9019848
2024-10,Konqueror/,1,12317
2024-10,spider,14,268559
2024-10,java,61,660532
2024-10,BLEXBot/,233,16598348
2024-10,twitterbot,10,62920
2024-10,Mediapartners-Google,6,30623
2024-10,Python\-urllib/,6,243746295
2024-10,curl,373,12172429
2024-10,^Mozilla/6\.0[\x20]\(compatible\)$,5,93215
2024-10,facebook,4,6156
2024-10,YisouSpider,645,25762488
2024-10,linkbot,3,647
2024-10,SeznamBot/,169,5683412
2024-10,dataprovider\.com,69,1054928
2024-10,blog,9,632070
2024-10,anthill,53,2825428
2024-10,bingpreview,1,269635
2024-10,seek,3,3768
2024-10,unknown,520,60726
2024-10,^Mozilla$,1,50620
2024-10,motor,2,667
2024-10,TelegramBot,10,6607786
2024-10,favicon,10,154737
2024-10,link,470,28471637
2024-10,Apache\-HttpClient/,100,6523528
2024-10,python,214,19856315
2024-10,2345Explorer/,6,24714
2024-10,SurdotlyBot/,13,147830
2024-10,proximic,1,17089
2024-10,ruby/,124,2118968
2024-10,y!j,25,160594
2024-10,Wget/,1,50620
2024-10,MojeekBot/,24,77783
2024-10,LinkCheck,2,20092
2024-10,LinkedInBot/,1,19416
2024-10,feed,39,906771
2024-10,Discordbot/,46,1639835
2024-10,Google[\x20]Web[\x20]Preview,669,148728059
2024-10,Sogou[\x20]web[\x20]spider/,826,41346048
2024-10,oBot/,427,3083000
2024-10,nbot,3,408
2024-10,yeti,88,1056082
2024-10,Screaming[\x20]Frog[\x20]SEO[\x20]Spider/,13,47863
2024-10,commons\-httpclient,1,4119
2024-10,msnbot/,1,50620
2024-10,^mozilla\/5\.0$,15,34181
2024-10,CFNetwork,227,2673604
2024-10,rome[\x20]client,1,20895
2024-10,yacybot,1,136
2024-10,Googlebot\-Image/,804,43850919
2024-10,Google\-Adwords\-Instant,1,10051
2024-10,Dalvik/,243,25642633
2024-10,SemrushBot/,645,3455646
2024-10,coccoc,291,10862615
2024-10,Slackbot\-LinkExpanding,2,2568
2024-10,robot,27,256253
2024-10,DomainStatsBot/,24,1092155
2025-10,bingbot/,456575,5308620529
2025-10,"[\s_+:,\.\;\/\\-]bot",16939,10129776015
2025-10,wordpress,6444,60580366
2025-10,"bot[\s_+:,\.\;\/\\-]",6342,313331626
2025-10,AhrefsBot/,4745,54666042
2025-10,Baiduspider/,2936,312812371
2025-10,crawl,2768,15323998
2025-10,Googlebot/,2541,897494906
2025-10,SemrushBot/,1386,6620315
2025-10,baidu,1312,68234414
2025-10,nbot,3,408
2025-10,robot,57,3487749
2025-10,fetcher,1,11761
2025-10,Python\-urllib/,7,32457
2025-10,CFNetwork,142,5651421
2025-10,no_user_agent,550,12973302
2025-10,Yahoo![\x20]Slurp,5,129971
2025-10,bbot,21,256239
2025-10,360Spider,93,1730554
2025-10,unknown,489,58374
2025-10,MojeekBot/,77,312240
2025-10,facebook,4,167186
2025-10,Google[\x20]Web[\x20]Preview,257,6314694
2025-10,Sogou[\x20]web[\x20]spider/,996,62749766
2025-10,checker,8,90270
2025-10,riddler,1,136
2025-10,Apache\-HttpClient/,62,15748
2025-10,feed,33,47092
2025-10,urllib,1,9402
2025-10,spider,5,23948
2025-10,facebookexternalhit/,689,66722978
2025-10,Windows[\x20]98,1,2117
2025-10,nutch,7,43694
2025-10,Screaming[\x20]Frog[\x20]SEO[\x20]Spider/,6,27009
2025-10,Discordbot/,64,6807419
2025-10,Applebot/,789,28687755
2025-10,Baiduspider\-image,7,2173
2025-10,discover,3,35278
2025-10,dataprovider\.com,37,1157049
2025-10,oBot/,56,564008
2025-10,link,347,44336532
2025-10,proximic,2,29050
2025-10,Googlebot\-Image/,122,15396054
2025-10,archive\.org_bot,20,246768
2025-10,Dalvik/,191,31800196
2025-10,y!j,23,138541
2025-10,Xenu[\x20]Link[\x20]Sleuth,1,0
2025-10,yacybot,4,10976
2025-10,Wget/,36,714066
2025-10,YandexBot/,19,223646
2025-10,anthill,55,2843640
2025-10,^mozilla\/5\.0$,66,414875
2025-10,LinkedInBot/,1,19416
2025-10,Slackbot\-LinkExpanding,15,110016
2025-10,YisouSpider,256,36957266
2025-10,SeznamBot/,220,6807729
2025-10,Konqueror/,1,11771
2025-10,bingpreview,4,34733
2025-10,panscient,4,35496
2025-10,curl,630,129425737
2025-10,TelegramBot,14,9755144
2025-10,python,67,14710084
2025-10,twitterbot,2,13698
2025-10,coccoc,350,19374402
2025-10,DomainStatsBot/,36,1764544
2025-10,core,941,107418437
2025-10,java,208,5981530
2025-10,favicon,3,51845
2025-10,blog,7,495635
2025-10,BLEXBot/,44,191773
2025-10,motor,2,51270
2025-10,Mediapartners-Google,20,1872050
2025-10,php,20,411506
2025-10,yeti,41,1651673
2025-10,SurdotlyBot/,3,35278
2025-10,scanner,2,19748
2025-10,Seobility,1,9390
2017-11,no_user_agent,101,4195188
2021-11,core,9394,449712761
2021-11,Googlebot/,8699,1318504196
2021-11,baidu,4249,66784847
2021-11,bingbot/,4167,443809265
2021-11,YandexBot/,2392,158875210
2021-11,AhrefsBot/,1093,20060002
2021-11,MJ12bot/,1072,7663158
2021-11,"[\s_+:,\.\;\/\\-]bot",838,16048812
2021-11,DotBot/,746,67373686
2021-11,facebookexternalhit/,697,36464259
2021-11,Googlebot\-Image/,201,7866683
2021-11,spider,102,19190718
2021-11,webcopy,4,34772
2021-11,yeti,186,1823590
2021-11,curl,28,9882884
2021-11,facebook,16,66106
2021-11,custo,14,408961
2021-11,Apache\-HttpClient/,250,54644
2021-11,yacybot,2,12338
2021-11,SurdotlyBot/,1,12257
2021-11,Konqueror/,235,25145
2021-11,twitterbot,22,143013
2021-11,sitemap,10,1070
2021-11,ltx71,87,3372825
2021-11,Applebot/,493,4148819
2021-11,nutch,82,308263
2021-11,Slackbot\-LinkExpanding,17,129810
2021-11,crawl,276,49655906
2021-11,CCBot/,44,293210
2021-11,Python\-urllib/,3,460646
2021-11,KomodiaBot/,20,920300
2021-11,motor,113,1160095
2021-11,MSIE[\x20]6,11,26585
2021-11,MojeekBot/,20,52344
2021-11,infobot,379,51950599
2021-11,PhantomJS,42,479940
2021-11,DuckDuckGo\-Favicons\-Bot/,76,767038
2021-11,YisouSpider,609,8472983
2021-11,qwantify,76,385941
2021-11,python,147,13992369
2021-11,wordpress,56,369081
2021-11,java,30,131323
2021-11,favicon,619,6455470
2021-11,SeznamBot/,354,21949630
2021-11,linkdexbot/,3,22768
2021-11,"bot[\s_+:,\.\;\/\\-]",469,108247448
2021-11,Discordbot/,52,1531359
2021-11,2345Explorer/,10,37996
2021-11,yandex,10,6541340
2021-11,nbot,2,162
2021-11,Yahoo![\x20]Slurp[\x20]China,1,107
2021-11,(firefox/)([0-9]\.|[0-1][0]\.),59,558964
2021-11,commons\-httpclient,67,2668476
2021-11,cfetch,1,7977
2021-11,no_user_agent,191,99768593
2021-11,oBot/,572,58062712
2021-11,MSIE[\x20]5,7,1361916
2021-11,Dalvik/,271,66463144
2021-11,bingpreview,49,1482078
2021-11,panscient,239,2140887
2021-11,proximic,8,29758
2021-11,Mail\.RU_Bot/,250,1187427
2021-11,SemrushBot/,464,2785956
2021-11,LinkCheck,2,34765
2021-11,discover,2,19761
2021-11,YandexImages/,16,160509
2021-11,Google[\x20]Web[\x20]Preview,647,21528728
2021-11,DomainStatsBot/,25,1036351
2021-11,^mozilla\/5\.0$,1,107
2021-11,BLEXBot/,497,721406
2021-11,ia_archiver,3,99965
2021-11,rome[\x20]client,1,19654
2021-11,Wget/,33,2096800
2021-11,seokicks\.de,99,1332175
2021-11,LinkedInBot/,5,282937
2021-11,CFNetwork,293,2849838
2021-11,smtbot,92,1687711
2021-11,unknown,149,11095
2021-11,coccoc,218,42574688
2021-11,Sogou[\x20]web[\x20]spider/,321,3973093
2021-11,robot,123,1073632
2021-11,link,3,162
2021-11,feed,3,44166
2021-11,archive\.org_bot,98,1099767
2021-11,blog,10,677408
2021-11,TelegramBot,6,94464
2022-11,core,8817,882848256
2022-11,Googlebot/,5731,443339708
2022-11,bingbot/,5248,1392843000
2022-11,"bot[\s_+:,\.\;\/\\-]",3241,279561028
2022-11,AhrefsBot/,2832,27985316
2022-11,Google[\x20]Web[\x20]Preview,1036,13149825
2022-11,baidu,941,10060136
2022-11,BLEXBot/,757,45914811
2022-11,facebookexternalhit/,744,37092018
2022-11,spider,688,440598813
2022-11,Googlebot\-Image/,337,17336521
2022-11,Yahoo[\x20]Link[\x20]Preview,1,17060
2022-11,yeti,279,3162126
2022-11,webcopy,4,0
2022-11,Screaming[\x20]Frog[\x20]SEO[\x20]Spider/,8,115404
2022-11,ips\-agent,4,47813
2022-11,curl,140,1940248
2022-11,facebook,38,399899
2022-11,custo,3,43033
2022-11,Apache\-HttpClient/,67,47230
2022-11,YandexBot/,54,11095486
2022-11,yacybot,2,272
2022-11,SurdotlyBot/,9,101981
2022-11,twitterbot,22,172958
2022-11,MJ12bot/,60,263828
2022-11,ruby/,129,2351419
2022-11,linkbot,3,1527
2022-11,Applebot/,609,49980191
2022-11,crawl,583,4950522
2022-11,Slackbot\-LinkExpanding,4,5544
2022-11,CCBot/,44,3548848
2022-11,Python\-urllib/,6,454146
2022-11,motor,175,8948298
2022-11,360Spider,11,157660
2022-11,MojeekBot/,13,50942
2022-11,infobot,232,2827768
2022-11,PhantomJS,94,824870
2022-11,qwantify,37,152240
2022-11,YisouSpider,393,3325807
2022-11,DuckDuckGo\-Favicons\-Bot/,148,1660541
2022-11,python,113,25260264
2022-11,rambler,1,33816
2022-11,java,7,74110
2022-11,favicon,9,156221
2022-11,wordpress,30,339922
2022-11,SeznamBot/,38,217466
2022-11,linkdexbot/,3,408
2022-11,Discordbot/,51,8188753
2022-11,2345Explorer/,3,57693
2022-11,yandex,6,30568954
2022-11,RukiCrawler/,14,208112
2022-11,nbot,4,544
2022-11,(firefox/)([0-9]\.|[0-1][0]\.),6,86848
2022-11,Seobility,2,7807
2022-11,oBot/,12,117620
2022-11,no_user_agent,272,4096680
2022-11,microsoft\-webdav\-miniredir,18,263281
2022-11,Dalvik/,659,213528741
2022-11,bingpreview,247,3944446
2022-11,"[\s_+:,\.\;\/\\-]bot",10,176170
2022-11,urllib,4,218590
2022-11,proximic,1,19217
2022-11,Mail\.RU_Bot/,20,6757690
2022-11,Yahoo![\x20]Slurp,2,14116
2022-11,SemrushBot/,65,573624
2022-11,LinkCheck,24,218567
2022-11,YandexImages/,3,322441
2022-11,DomainStatsBot/,24,311456
2022-11,^mozilla\/5\.0$,25,119242
2022-11,rome[\x20]client,1,21024
2022-11,y!j,19,118058
2022-11,seokicks\.de,106,1659314
2022-11,LinkedInBot/,12,309183
2022-11,Wget/,4,20920087
2022-11,CFNetwork,202,18955631
2022-11,Sogou[\x20]web[\x20]spider/,293,4130900
2022-11,unknown,475,63211
2022-11,coccoc,247,95480661
2022-11,ltbot,2,28559
2022-11,robot,32,492379
2022-11,link,186,1826008
2022-11,feed,33,680694
2022-11,blog,10,190452
2022-11,TelegramBot,8,102226
2022-11,seek,249,119585596
2023-11,bingbot/,6608,4820412515
2023-11,Googlebot/,5550,1305879350
2023-11,core,5248,166606155
2023-11,AhrefsBot/,3116,31581529
2023-11,unknown,1767,238338
2023-11,Sogou[\x20]web[\x20]spider/,1625,49928549
2023-11,baidu,1561,23775083
2023-11,Applebot/,1193,15480434
2023-11,crawl,1095,54203733
2023-11,"[\s_+:,\.\;\/\\-]bot",1036,3325563
2023-11,Googlebot\-Image/,383,20611594
2023-11,spider,2,366
2023-11,netEstate[\x20]NE[\x20]Crawler,2,14116
2023-11,anthill,70,3831871
2023-11,yeti,159,1204589
2023-11,Screaming[\x20]Frog[\x20]SEO[\x20]Spider/,4,25431
2023-11,curl,206,6183337
2023-11,facebook,1,679
2023-11,Apache\-HttpClient/,114,124960
2023-11,SurdotlyBot/,12,139784
2023-11,Konqueror/,3,30763
2023-11,twitterbot,33,304975
2023-11,ruby/,118,2049360
2023-11,GrapeshotCrawler/,2,17503
2023-11,Slackbot\-LinkExpanding,7,9226
2023-11,CCBot/,31,230894
2023-11,Python\-urllib/,12,487522062
2023-11,MSIE[\x20]6,5,744
2023-11,MojeekBot/,13,18541
2023-11,DuckDuckGo\-Favicons\-Bot/,116,1200836
2023-11,YisouSpider,568,6403147
2023-11,qwantify,18,74142
2023-11,python,393,36667630
2023-11,heritrix,2,351399
2023-11,favicon,15,243984
2023-11,wordpress,36,340603
2023-11,java,20,142705
2023-11,SeznamBot/,167,14465700
2023-11,"bot[\s_+:,\.\;\/\\-]",690,53319756
2023-11,Discordbot/,47,2019103
2023-11,2345Explorer/,15,66475
2023-11,nbot,64,11070476
2023-11,(firefox/)([0-9]\.|[0-1][0]\.),13,1916
2023-11,no_user_agent,374,47743380
2023-11,oBot/,34,362141
2023-11,Dalvik/,509,69650854
2023-11,AdsBot\-Google[\x20]\(,1,12579
2023-11,bingpreview,1,31492
2023-11,php,1,51562
2023-11,Mediapartners-Google,2,15954
2023-11,Feedfetcher\-Google,3,103124
2023-11,urllib,3,180659
2023-11,proximic,12,66056
2023-11,SemrushBot/,41,262193
2023-11,libwww\-perl,1,51562
2023-11,LinkCheck,7,28505
2023-11,Baiduspider/,802,84970909
2023-11,Google[\x20]Web[\x20]Preview,873,8306804
2023-11,^mozilla\/5\.0$,28,479
2023-11,DomainStatsBot/,23,1114014
2023-11,BLEXBot/,43,403344
2023-11,rome[\x20]client,1,21024
2023-11,y!j,234,1960635
2023-11,Wget/,2,20995249
2023-11,CFNetwork,416,4836383
2023-11,coccoc,291,12110359
2023-11,robot,42,1010471
2023-11,dataprovider\.com,216,3716519
2023-11,link,24,17434
2023-11,i\-bot,2,51541
2023-11,feed,727,12370294
2023-11,blog,17,1208629
2023-11,TelegramBot,14,3224180
2023-11,facebookexternalhit/,384,10562782
2023-11,seek,1,3568
2024-11,bingbot/,8145,1517598741
2024-11,Googlebot/,5925,1652185011
2024-11,core,4529,453023912
2024-11,AhrefsBot/,3420,19491951
2024-11,crawl,2848,28528220
2024-11,"bot[\s_+:,\.\;\/\\-]",2412,64281095
2024-11,Applebot/,1573,14368362
2024-11,baidu,1469,23360861
2024-11,curl,1275,179483045
2024-11,SemrushBot/,813,4116623
2024-11,python,90,33183769
2024-11,ruby/,158,2700490
2024-11,Wget/,2,21045187
2024-11,Seobility,1,12304
2024-11,SeznamBot/,188,11186910
2024-11,Discordbot/,43,1598992
2024-11,yeti,177,1645443
2024-11,Baiduspider/,545,130998492
2024-11,SurdotlyBot/,7,86264
2024-11,riddler,1,136
2024-11,Sogou[\x20]web[\x20]spider/,730,27964108
2024-11,LinkedInBot/,2,38832
2024-11,blog,10,700465
2024-11,linkbot,27,41745
2024-11,dataprovider\.com,69,1050498
2024-11,Windows[\x20]98,3,14937
2024-11,y!j,25,156924
2024-11,Yahoo![\x20]Slurp,1,4971
2024-11,CFNetwork,190,1852668
2024-11,panscient,201,4810651
2024-11,wordpress,39,178269
2024-11,no_user_agent,488,4688694
2024-11,Googlebot\-Image/,493,30897961
2024-11,MojeekBot/,55,194507
2024-11,anthill,54,2873836
2024-11,nutch,1,111
2024-11,link,27,329597
2024-11,fetcher,5,55078
2024-11,archive\.org_bot,1,175015
2024-11,YisouSpider,697,51621332
2024-11,Python\-urllib/,18,488122654
2024-11,nbot,6,17770
2024-11,Dalvik/,202,49363435
2024-11,seek,161,121491214
2024-11,DomainStatsBot/,24,1084528
2024-11,custo,1,12317
2024-11,twitterbot,11,84386
2024-11,coccoc,289,21366574
2024-11,Google[\x20]Web[\x20]Preview,577,122042772
2024-11,Screaming[\x20]Frog[\x20]SEO[\x20]Spider/,5,25042
2024-11,proximic,2,17679
2024-11,2345Explorer/,3,12357
2024-11,MixrankBot,1,10046
2024-11,^mozilla\/5\.0$,6,92840
2024-11,feed,32,651484
2024-11,php,38,8182039
2024-11,java,45,619484
2024-11,oBot/,102,748811
2024-11,facebookexternalhit/,615,127009533
2024-11,spider,138,99853059
2024-11,robot,17,158155
2024-11,Slackbot\-LinkExpanding,6,7406
2024-11,Mediapartners-Google,1,13295
2024-11,BLEXBot/,17,77594
2024-11,TelegramBot,21,3312608
2024-11,unknown,394,51235
2024-11,favicon,12,156576
2024-11,Apache\-HttpClient/,96,13027984
2024-11,rome[\x20]client,1,20895
2025-11,bingbot/,448812,4979831290
2025-11,"[\s_+:,\.\;\/\\-]bot",16603,13053578661
2025-11,"bot[\s_+:,\.\;\/\\-]",7279,249662510
2025-11,wordpress,5781,52170953
2025-11,AhrefsBot/,5112,33175827
2025-11,Googlebot/,2082,1062277096
2025-11,crawl,1642,11590772
2025-11,core,1160,32227214
2025-11,SemrushBot/,1076,6230607
2025-11,Sogou[\x20]web[\x20]spider/,985,71725549
2025-11,ips\-agent,1,136
2025-11,Screaming[\x20]Frog[\x20]SEO[\x20]Spider/,1,11772
2025-11,favicon,6,103674
2025-11,no_user_agent,573,13719236
2025-11,TelegramBot,18,7927989
2025-11,fetcher,1,11771
2025-11,yeti,46,2000872
2025-11,baidu,906,39402633
2025-11,blog,10,708050
2025-11,^mozilla\/5\.0$,27,3109057
2025-11,DomainStatsBot/,36,1762750
2025-11,coccoc,370,21605593
2025-11,java,156,4593179
2025-11,SurdotlyBot/,4,47032
2025-11,bingpreview,6,52102
2025-11,Windows[\x20]98,4,42871
2025-11,Google[\x20]Web[\x20]Preview,266,5991570
2025-11,seek,3,3768
2025-11,Wget/,3,1279569
2025-11,Googlebot\-Image/,165,21845673
2025-11,twitterbot,4,13940
2025-11,urllib,3,43962
2025-11,Baiduspider/,640,58563508
2025-11,robot,141,1440902
2025-11,domainchecker,1,11773
2025-11,scanner,2,18800
2025-11,SeznamBot/,167,6376381
2025-11,feed,27,23544
2025-11,Applebot/,879,47134985
2025-11,archive\.org_bot,4,118811
2025-11,curl,564,869031518
2025-11,y!j,24,150487
2025-11,oBot/,98,1296048
2025-11,checker,8,86460
2025-11,facebookexternalhit/,748,92106641
2025-11,motor,23,455325
2025-11,php,20,528299
2025-11,Mediapartners-Google,9,1248116
2025-11,Windows[\x20]95,2,200093
2025-11,BLEXBot/,346,3225078
2025-11,Baiduspider\-image,1,1121
2025-11,LinkedInBot/,10,785516
2025-11,360Spider,334,12650846
2025-11,CFNetwork,126,4263071
2025-11,nutch,6,816
2025-11,proximic,3,46328
2025-11,MojeekBot/,96,475238
2025-11,Dalvik/,76,864767
2025-11,Discordbot/,67,9738069
2025-11,Slackbot\-LinkExpanding,12,91600
2025-11,Python\-urllib/,7,16869
2025-11,smtbot,44,564097
2025-11,YisouSpider,367,40644591
2025-11,Yahoo![\x20]Slurp,3,50016
2025-11,facebook,98,6739817
2025-11,LinkCheck,1,9404
2025-11,YandexBot/,19,223666
2025-11,link,667,182520975
2025-11,nbot,7,952
2025-11,python,68,21778232
2025-11,dataprovider\.com,62,1818126
2025-11,unknown,425,49874
2025-11,Apache\-HttpClient/,66,186407
2016-12,"bot[\s_+:,\.\;\/\\-]",887,14120504
2016-12,googlebot,428,3821329
2016-12,"[\s_+:,\.\;\/\\-]bot",125,10476290
2016-12,googlebot\-image,123,5909137
2016-12,robot,121,2515114
2016-12,crawl,84,637325
2016-12,no_user_agent,76,336639
2016-12,unknown,55,1650
2016-12,slurp,45,400301
2016-12,bingpreview,37,564681
2016-12,spider,35,565006
2016-12,php,30,1127396
2016-12,msnbot\-media,8,197311
2016-12,ia_archiver,3,39226
2016-12,google[_+\s]web[_+\s]preview,2,2070
2016-12,curl,1,306
2016-12,discovery,1,0
2017-12,no_user_agent,26,918059
2021-12,Googlebot/,7255,1302329478
2021-12,core,5865,363545121
2021-12,baidu,4868,63092895
2021-12,bingbot/,4173,564862210
2021-12,YandexBot/,2160,218392990
2021-12,BLEXBot/,1734,179810206
2021-12,AhrefsBot/,1135,20591146
2021-12,oBot/,1032,29124757
2021-12,SemrushBot/,1008,4413501
2021-12,MJ12bot/,991,1860670
2021-12,Googlebot\-Image/,116,3785867
2021-12,YandexMetrika/,1,12257
2021-12,spider,69,243121
2021-12,DotBot/,10,712
2021-12,yeti,245,2419714
2021-12,curl,103,19574677
2021-12,custo,17,461925
2021-12,Apache\-HttpClient/,201,20701
2021-12,SurdotlyBot/,2,12338
2021-12,twitterbot,23,159320
2021-12,ruby/,9,156421
2021-12,linkbot,7,17601
2021-12,^mozilla\/4\.0\s\(compatible;\)$,3,73355
2021-12,ltx71,58,3263297
2021-12,Applebot/,539,57683685
2021-12,nutch,36,264277
2021-12,Slackbot\-LinkExpanding,18,124942
2021-12,crawl,873,128120217
2021-12,CCBot/,1,29533
2021-12,Python\-urllib/,8,12582
2021-12,Windows[\x20]98,1,81
2021-12,motor,182,9055218
2021-12,360Spider,34,416278
2021-12,MSIE[\x20]6,130,1066359
2021-12,MojeekBot/,51,101059
2021-12,infobot,507,57123361
2021-12,gigablastopensource,2,46364
2021-12,qwantify,186,10407590
2021-12,DuckDuckGo\-Favicons\-Bot/,68,686601
2021-12,YisouSpider,471,5511242
2021-12,python,236,1814426
2021-12,wordpress,13,110861
2021-12,java,56,808438
2021-12,favicon,596,6095614
2021-12,SeznamBot/,321,13140692
2021-12,"bot[\s_+:,\.\;\/\\-]",495,94863783
2021-12,checker,2,12338
2021-12,Discordbot/,53,10158475
2021-12,2345Explorer/,16,140281
2021-12,yandex,19,74050807
2021-12,(firefox/)([0-9]\.|[0-1][0]\.),8,91209
2021-12,no_user_agent,208,32550044
2021-12,Dalvik/,277,111293394
2021-12,MSIE[\x20]5,9,1235323
2021-12,bingpreview,62,15646577
2021-12,"[\s_+:,\.\;\/\\-]bot",807,15415580
2021-12,proximic,6,28202
2021-12,Mail\.RU_Bot/,228,74264379
2021-12,LinkCheck,3,51785
2021-12,YandexImages/,62,1726752
2021-12,Google[\x20]Web[\x20]Preview,692,16568972
2021-12,DomainStatsBot/,25,1029439
2021-12,rome[\x20]client,1,19654
2021-12,ia_archiver,31,884475
2021-12,Wget/,48,405694301
2021-12,LinkedInBot/,2,173682
2021-12,seokicks\.de,50,651400
2021-12,CFNetwork,116,829626
2021-12,smtbot,118,2203564
2021-12,Sogou[\x20]web[\x20]spider/,209,2649589
2021-12,unknown,120,8796
2021-12,coccoc,346,95755621
2021-12,robot,111,1025910
2021-12,link,5,324
2021-12,feed,4,63822
2021-12,archive\.org_bot,5,5165
2021-12,blog,8,539415
2021-12,TelegramBot,13,1112087
2021-12,facebookexternalhit/,446,24557502
2022-12,Googlebot/,9162,568463854
2022-12,core,7270,398140142
2022-12,bingbot/,6021,2637492270
2022-12,"bot[\s_+:,\.\;\/\\-]",2978,244407481
2022-12,AhrefsBot/,2029,18887329
2022-12,baidu,1181,12783769
2022-12,Google[\x20]Web[\x20]Preview,1022,13713053
2022-12,Applebot/,714,71028655
2022-12,spider,699,534439495
2022-12,Dalvik/,679,215036538
2022-12,microsoft.*discovery,1,0
2022-12,Googlebot\-Image/,264,7662262
2022-12,yeti,218,2123450
2022-12,Screaming[\x20]Frog[\x20]SEO[\x20]Spider/,1,136
2022-12,curl,114,8022667
2022-12,custo,1,14475
2022-12,Apache\-HttpClient/,82,195580
2022-12,YandexBot/,191,49127968
2022-12,yacybot,2,272
2022-12,SurdotlyBot/,6,86849
2022-12,Konqueror/,3,24286
2022-12,twitterbot,28,223048
2022-12,ruby/,145,2480297
2022-12,MJ12bot/,640,2564671
2022-12,linkbot,3,565
2022-12,Slackbot\-LinkExpanding,4,51427
2022-12,crawl,508,4256650
2022-12,CCBot/,11,147904
2022-12,Python\-urllib/,3,7654204
2022-12,motor,52,11517093
2022-12,360Spider,7,101326
2022-12,MSIE[\x20]6,5,71877
2022-12,MojeekBot/,26,94077
2022-12,infobot,86,914070
2022-12,ICC\-Crawler/,1,136
2022-12,DuckDuckGo\-Favicons\-Bot/,167,1874039
2022-12,PhantomJS,28,262099
2022-12,qwantify,30,94867
2022-12,YisouSpider,452,3944846
2022-12,python,87,21361389
2022-12,java,12,109697
2022-12,favicon,17,309513
2022-12,wordpress,39,13462881
2022-12,SeznamBot/,42,334737
2022-12,linkdexbot/,5,50256
2022-12,perl,1,19231
2022-12,internetarchive,1,0
2022-12,checker,3,94476
2022-12,Discordbot/,41,466485
2022-12,2345Explorer/,1,19231
2022-12,[^a]fish,36,290616
2022-12,yandex,4,7662181
2022-12,nbot,2,272
2022-12,(firefox/)([0-9]\.|[0-1][0]\.),6,322202
2022-12,oBot/,11,85044
2022-12,no_user_agent,325,16867835
2022-12,bingpreview,400,2944302
2022-12,"[\s_+:,\.\;\/\\-]bot",4,59698
2022-12,panscient,302,5773387
2022-12,proximic,1,4
2022-12,urllib,1,3100096
2022-12,Mail\.RU_Bot/,20,136122
2022-12,sunrise,1,12669
2022-12,MixrankBot,18,246104
2022-12,SemrushBot/,343,2201077
2022-12,LinkCheck,27,190993
2022-12,YandexImages/,2,31492
2022-12,Baiduspider/,65,8901364
2022-12,^mozilla\/5\.0$,13,6075
2022-12,DomainStatsBot/,24,309417
2022-12,BLEXBot/,292,70135983
2022-12,rome[\x20]client,1,21024
2022-12,y!j,20,135927
2022-12,LinkedInBot/,4,250331
2022-12,seokicks\.de,106,1651774
2022-12,Wget/,174,393805141
2022-12,CFNetwork,172,9182638
2022-12,unknown,661,85422
2022-12,coccoc,268,62984306
2022-12,Sogou[\x20]web[\x20]spider/,349,4925983
2022-12,robot,28,648019
2022-12,dataprovider\.com,60,693383
2022-12,link,221,2093456
2022-12,i\-bot,2,14474
2022-12,feed,35,709644
2022-12,blog,19,363984
2022-12,TelegramBot,4,66706
2022-12,facebookexternalhit/,445,19971129
2022-12,seek,214,119086586
2023-12,Googlebot/,9332,1445296734
2023-12,bingbot/,7446,1411911757
2023-12,core,5083,145796160
2023-12,AhrefsBot/,2428,17291773
2023-12,Sogou[\x20]web[\x20]spider/,2257,89149811
2023-12,Baiduspider/,1649,126960515
2023-12,baidu,1628,97604419
2023-12,Applebot/,1069,12308634
2023-12,unknown,832,106867
2023-12,feed,748,12993752
2023-12,Googlebot\-Image/,260,7223798
2023-12,yeti,273,4891297
2023-12,anthill,57,3115079
2023-12,Google\-Adwords\-Instant,1,10227
2023-12,Screaming[\x20]Frog[\x20]SEO[\x20]Spider/,1,136
2023-12,curl,482,12504925
2023-12,custo,2,25170
2023-12,msnbot/,1,3237
2023-12,Apache\-HttpClient/,92,39171489
2023-12,SurdotlyBot/,8,100578
2023-12,Googlebot\-Mobile/,1,798
2023-12,Konqueror/,6,89061
2023-12,twitterbot,14,92317
2023-12,ruby/,122,2123146
2023-12,Slackbot\-LinkExpanding,8,9476
2023-12,crawl,545,31240014
2023-12,CCBot/,21,340095
2023-12,Python\-urllib/,8,122950
2023-12,motor,46,380068
2023-12,MojeekBot/,30,52024
2023-12,qwantify,12,49428
2023-12,YisouSpider,490,5237809
2023-12,DuckDuckGo\-Favicons\-Bot/,64,660791
2023-12,python,52,10235537
2023-12,wordpress,1,1
2023-12,favicon,14,206022
2023-12,java,24,3557429
2023-12,SeznamBot/,239,6584350
2023-12,"bot[\s_+:,\.\;\/\\-]",496,53798828
2023-12,Discordbot/,26,984902
2023-12,2345Explorer/,5,16476
2023-12,nbot,121,29938585
2023-12,no_user_agent,307,23403562
2023-12,oBot/,212,10090277
2023-12,Dalvik/,205,69113040
2023-12,bingpreview,42,224538
2023-12,"[\s_+:,\.\;\/\\-]bot",234,1311992
2023-12,Feedfetcher\-Google,1,12587
2023-12,proximic,7,109444
2023-12,urllib,4,335945
2023-12,SemrushBot/,151,1143998
2023-12,LinkCheck,9,67672
2023-12,Google[\x20]Web[\x20]Preview,585,5161020
2023-12,^mozilla\/5\.0$,15,8238
2023-12,DomainStatsBot/,24,1172848
2023-12,BLEXBot/,103,1000986
2023-12,rome[\x20]client,1,21024
2023-12,y!j,359,151486031
2023-12,LinkedInBot/,2,76649
2023-12,seokicks\.de,7,88874
2023-12,Wget/,4,21476692
2023-12,CFNetwork,277,8518386
2023-12,coccoc,293,19777959
2023-12,robot,38,638760
2023-12,link,152,12113549
2023-12,dataprovider\.com,211,3470831
2023-12,blog,14,993566
2023-12,TelegramBot,18,7893158
2023-12,facebookexternalhit/,444,28950408
2023-12,seek,56,1290919
2024-12,bingbot/,9805,1101043589
2024-12,Googlebot/,7032,1703478708
2024-12,core,3947,237346603
2024-12,AhrefsBot/,3638,31582469
2024-12,crawl,2959,326330816
2024-12,curl,2823,146601360
2024-12,unknown,2092,285282
2024-12,baidu,1543,76667497
2024-12,Applebot/,1516,20650736
2024-12,SemrushBot/,1465,9070230
2024-12,Sogou[\x20]web[\x20]spider/,770,9775199
2024-12,anthill,77,4383996
2024-12,oBot/,279,46339995
2024-12,Python\-urllib/,16,251487679
2024-12,SurdotlyBot/,7,77656
2024-12,yacybot,1,136
2024-12,proximic,2,34693
2024-12,LinkCheck,2,12272
2024-12,Apache\-HttpClient/,106,65572
2024-12,Mediapartners-Google,9,1318205
2024-12,Slackbot\-LinkExpanding,2,17014
2024-12,bingpreview,1,174452
2024-12,iaskspider,1,49904
2024-12,Dalvik/,215,50966397
2024-12,postrank,1,100
2024-12,nbot,54,382581
2024-12,"[\s_+:,\.\;\/\\-]bot",10,97189
2024-12,Googlebot\-Image/,376,56127064
2024-12,robot,8,90911
2024-12,facebookexternalhit/,800,69828606
2024-12,ruby/,192,3469302
2024-12,facebook,3,5477
2024-12,twitterbot,12,78426
2024-12,custo,2,31837
2024-12,Windows[\x20]98,1,5879
2024-12,Baiduspider/,605,132380130
2024-12,DomainStatsBot/,35,1767602
2024-12,MojeekBot/,42,79775
2024-12,archive\.org_bot,1,12804
2024-12,YandexBot/,3,16191
2024-12,blog,13,975366
2024-12,feed,147,1344803
2024-12,rome[\x20]client,1,66586
2024-12,BLEXBot/,71,683590
2024-12,ips\-agent,2,272
2024-12,link,271,11261545
2024-12,LinkedInBot/,1,19416
2024-12,python,68,17267725
2024-12,wordpress,142,1505338
2024-12,"bot[\s_+:,\.\;\/\\-]",1373,59833760
2024-12,Wget/,2,66178
2024-12,linkbot,40,150256
2024-12,ELinks/,1,65743
2024-12,yeti,166,3068870
2024-12,spider,136,37061285
2024-12,SeznamBot/,199,9374443
2024-12,coccoc,307,26364743
2024-12,nutch,7,14672
2024-12,java,161,33152321
2024-12,Screaming[\x20]Frog[\x20]SEO[\x20]Spider/,4,21533
2024-12,y!j,25,154221
2024-12,Google[\x20]Web[\x20]Preview,602,93969230
2024-12,TelegramBot,14,9637045
2024-12,spbot/,1,100
2024-12,dataprovider\.com,68,7234223
2024-12,microsoft\-webdav\-miniredir,5,344692
2024-12,CFNetwork,167,1825034
2024-12,^mozilla\/5\.0$,29,1385341
2024-12,favicon,13,201039
2024-12,Seobility,1,11438
2024-12,Google\-Adwords\-Instant,1,9111
2024-12,motor,81,13190049
2024-12,2345Explorer/,5,33584
2024-12,checker,273,1225760
2024-12,Discordbot/,43,1301178
2024-12,YisouSpider,1017,27438147
2024-12,riddler,2,272
2024-12,no_user_agent,672,9014946
2025-12,bingbot/,549529,6131117258
2025-12,"[\s_+:,\.\;\/\\-]bot",12047,9433929750
2025-12,"bot[\s_+:,\.\;\/\\-]",5763,309614097
2025-12,AhrefsBot/,4433,51200555
2025-12,wordpress,3403,33489316
2025-12,Googlebot/,2356,972490291
2025-12,SemrushBot/,1396,6518734
2025-12,Sogou[\x20]web[\x20]spider/,1167,99800053
2025-12,crawl,1059,7938169
2025-12,core,992,27837490
2025-12,Apache\-HttpClient/,63,15935
2025-12,yacybot,3,408
2025-12,robot,231,1317643
2025-12,baidu,431,13399827
2025-12,archive\.org_bot,280,5122930
2025-12,facebook,160,10524253
2025-12,Mediapartners-Google,2,31953
2025-12,Windows[\x20]98,1,118540
2025-12,bingpreview,8,79639
2025-12,TelegramBot,14,166552
2025-12,Python\-urllib/,1,183
2025-12,facebookexternalhit/,667,43888054
2025-12,spider,7,91464
2025-12,YandexBot/,8,104914
2025-12,Slackbot\-LinkExpanding,4,36187
2025-12,dataprovider\.com,25,620504
2025-12,360Spider,385,15071114
2025-12,CFNetwork,143,11634305
2025-12,coccoc,394,20858437
2025-12,domainchecker,1,13116
2025-12,unknown,381,44623
2025-12,Konqueror/,1,1548
2025-12,linkchecker,1,0
2025-12,Discordbot/,55,7886229
2025-12,microsoft\-webdav\-miniredir,9,509021
2025-12,Yahoo![\x20]Slurp,5,68321
2025-12,y!j,24,155740
2025-12,Googlebot\-Image/,186,17047580
2025-12,FurlBot/,3,42187
2025-12,Dalvik/,39,1340534
2025-12,no_user_agent,299,4103798
2025-12,urllib,1,7977
2025-12,MojeekBot/,82,353289
2025-12,java,148,4400045
2025-12,fetcher,6,280066
2025-12,SurdotlyBot/,2,26204
2025-12,DomainStatsBot/,36,1765065
2025-12,seek,228,125557233
2025-12,oBot/,122,1644453
2025-12,YisouSpider,226,7611926
2025-12,MixrankBot,1,9401
2025-12,checker,89,312080
2025-12,Screaming[\x20]Frog[\x20]SEO[\x20]Spider/,1,13113
2025-12,Wget/,10,82680934
2025-12,internetarchive,4,0
2025-12,LinkedInBot/,1,19416
2025-12,2345Explorer/,7,99063
2025-12,SeznamBot/,191,9596718
2025-12,yeti,88,3667615
2025-12,curl,425,15761008
2025-12,blog,9,679850
2025-12,feed,34,123274
2025-12,favicon,3,54469
2025-12,nbot,4,544
2025-12,Applebot/,838,33686949
2025-12,LinkCheck,2,19918
2025-12,nutch,6,46146
2025-12,ips\-agent,5,44994
2025-12,MSIE[\x20]5,1,58297
2025-12,link,688,233999598
2025-12,smtbot,41,73217479
2025-12,python,64,16298055
2025-12,Baiduspider/,7,55401
2025-12,^mozilla\/5\.0$,57,164773
2025-12,Google[\x20]Web[\x20]Preview,269,5801848
2025-12,BLEXBot/,2,272
