month,section,url,hits,bytes
2017-01,downloads,/RTB/robot.pdf,2215,21177637347
2017-01,downloads,/doc/rtb_dh.pdf,916,457831105
2017-01,downloads,/MVTB/vision.pdf,467,3962997344
2017-01,downloads,/RTB/ARA95.pdf,461,40926968
2017-01,downloads,/bluebook/book.pdf,369,1399121506
2017-01,downloads,/doc/robotarm.pdf,147,141631979
2017-01,downloads,/RVC/top/toc/toc.pdf,133,10709361
2017-01,downloads,/RTB/r9/robot.pdf,128,1341379478
2017-01,downloads,/doc/simple_systematic.pdf,108,22039605
2017-01,downloads,/doc/descartes.pdf,79,70946424
2017-01,downloads,/doc/rtb_4dof.pdf,76,79132158
2017-01,downloads,/rtbpython.pdf,74,6335265
2017-01,downloads,/RVC1/top/toc/toc.pdf,68,5381568
2017-01,downloads,/axes.pdf,56,1256463
2017-01,downloads,/MVTB/r3/vision.pdf,52,456208915
2017-01,downloads,/RVC/top/errata/pumaaxis.pdf,5,119745
2017-01,downloads,/spa/data/graph_053.txt.gz,4,1077648
2017-01,downloads,/spa/data/graph_001.txt.gz,4,7112
2017-01,downloads,/spa/data/graph_024.txt.gz,4,172400
2017-01,downloads,/spa/data/graph_028.txt.gz,4,247604
2017-01,downloads,/spa/data/graph_043.txt.gz,4,627272
2017-01,downloads,/spa/data/graph_018.txt.gz,4,107652
2017-01,downloads,/spa/data/graph_034.txt.gz,4,348832
2017-01,downloads,/spa/data/graph_055.txt.gz,4,1048240
2017-01,downloads,/spa/data/graph_031.txt.gz,4,336432
2017-01,downloads,/spa/data/graph_025.txt.gz,4,178676
2017-01,downloads,/spa/data/graph_020.txt.gz,4,148152
2017-01,downloads,/spa/data/graph_037.txt.gz,4,426368
2017-01,downloads,/spa/data/graph_027.txt.gz,4,248904
2017-01,downloads,/spa/data/graph_048.txt.gz,4,766344
2017-01,downloads,/spa/data/graph_032.txt.gz,4,337512
2017-01,downloads,/spa/data/graph_030.txt.gz,4,344516
2017-01,downloads,/spa/data/graph_057.txt.gz,4,1224788
2017-01,downloads,/spa/data/graph_010.txt.gz,4,70660
2017-01,downloads,/spa/data/graph_041.txt.gz,4,569464
2017-01,downloads,/spa/data/graph_029.txt.gz,4,251808
2017-01,downloads,/spa/data/graph_047.txt.gz,4,739976
2017-01,downloads,/spa/data/graph_039.txt.gz,4,540816
2017-01,downloads,/spa/data/graph_046.txt.gz,4,687992
2017-01,downloads,/spa/data/graph_038.txt.gz,4,477656
2017-01,downloads,/spa/data/graph_044.txt.gz,4,643092
2017-01,downloads,/spa/data/graph_060.txt.gz,4,1491152
2017-01,downloads,/spa/data/graph_042.txt.gz,4,559620
2017-01,downloads,/spa/data/graph_040.txt.gz,4,563836
2017-01,downloads,/spa/data/graph_019.txt.gz,4,107308
2017-01,downloads,/spa/data/graph_015.txt.gz,3,83256
2017-01,downloads,/spa/data/graph_022.txt.gz,3,115929
2017-01,downloads,/spa/data/graph_036.txt.gz,3,306897
2017-01,downloads,/spa/data/graph_023.txt.gz,3,123819
2017-01,downloads,/spa/data/graph_033.txt.gz,3,254313
2017-01,downloads,/spa/data/graph_007.txt.gz,3,44052
2017-01,downloads,/spa/data/graph_005.txt.gz,3,42648
2017-01,downloads,/spa/data/graph_056.txt.gz,3,802614
2017-01,downloads,/spa/data/graph_026.txt.gz,3,173718
2017-01,downloads,/spa/data/graph_002.txt.gz,3,11655
2017-01,downloads,/spa/data/graph_049.txt.gz,3,817662
2017-01,downloads,/spa/data/graph_021.txt.gz,3,107361
2017-01,downloads,/spa/data/graph_009.txt.gz,3,49254
2017-01,downloads,/spa/data/graph_035.txt.gz,3,307533
2017-01,downloads,/spa/data/graph_058.txt.gz,3,1184427
2017-01,downloads,/spa/data/graph_004.txt.gz,3,17520
2017-01,downloads,/spa/data/graph_061.txt.gz,3,1150809
2017-01,downloads,/spa/data/graph_051.txt.gz,3,782202
2017-01,downloads,/spa/data/graph_017.txt.gz,3,76692
2017-01,downloads,/spa/data/graph_014.txt.gz,3,58926
2017-01,downloads,/spa/data/graph_045.txt.gz,3,498888
2017-01,downloads,/spa/data/graph_050.txt.gz,3,756042
2017-01,downloads,/suttor/GeorgeAndSarahSuttorBook-index.pdf,3,587145
2017-01,downloads,/spa/data/graph_059.txt.gz,3,1112673
2017-01,downloads,/spa/data/graph_011.txt.gz,3,57558
2017-01,downloads,/spa/data/graph_054.txt.gz,3,784557
2017-01,downloads,/spa/data/graph_052.txt.gz,3,773373
2017-01,downloads,/spa/data/graph_006.txt.gz,3,43962
2017-01,downloads,/spa/data/graph_003.txt.gz,2,10862
2017-01,downloads,/spa/data/graph_012.txt.gz,2,38372
2017-01,downloads,/spa/data/graph_013.txt.gz,2,38372
2017-01,downloads,/spa/data/graph_008.txt.gz,2,29466
2017-01,downloads,/spa/data/graph_016.txt.gz,2,52038
2017-01,downloads,http://www.petercorke.com/RTB/robot.pdf,2,6986308
2017-01,downloads,/robot-9.10.zip,1,20991676
2017-01,downloads,/rtb/robot.pdf,1,670
2017-01,downloads,/suttor/GeorgeAndSarahSuttorBook-TOC.pdf,1,71096
2017-01,downloads,/pdf/book_comic.pdf,1,4790037
2017-01,downloads,/Robot_dynamics_files/robot.tar.gz,1,670
2017-01,downloads,/RVC1/top/errata/pumaaxis.pdf,1,23949
2017-01,urls,/RVC/rvc.bib,1,670
2022-01,downloads,/RTB/robot.pdf,716,5420519430
2022-01,downloads,/MVTB/vision.pdf,556,3537658468
2022-01,downloads,/bluebook/book.pdf,505,1480042178
2022-01,downloads,/download/27/rtb/1011/robot-10-3-1.zip,358,6171554816
2022-01,downloads,/RTB/ARA95.pdf,321,24160065
2022-01,downloads,/download/31/python-tools/1296/python_toolbox_icra_2020-5.pdf,285,145633950
2022-01,downloads,/download/30/rvc2/1182/solutions.pdf,218,197212073
2022-01,downloads,/doc/simple_systematic.pdf,159,28813702
2022-01,downloads,/download/20/articles/1059/urdf-2.pdf,111,85378488
2022-01,downloads,/download/30/rvc2/1208/rvc2-livescripts.zip,75,1793051083
2022-01,downloads,/download/29/books/1256/corke-bluebook.pdf,62,172658385
2022-01,downloads,/download/28/mvtb/1181/contrib2.zip,55,255297148
2022-01,downloads,/download/20/articles/1041/ets_jacobian.pdf,54,13055332
2022-01,downloads,/download/20/articles/1079/the-bones-of-descartes.pdf,48,17424346
2022-01,downloads,/download/20/articles/1063/rtb_real_robot.pdf,42,35494196
2022-01,downloads,/axes.pdf,41,1294944
2022-01,downloads,/download/20/articles/1062/rtb_dh.pdf,39,14705269
2022-01,downloads,/files/MVTB/images-RVC2b.zip,35,5597068365
2022-01,downloads,/files/MVTB/images-RVC2a.zip,35,2225798042
2022-01,downloads,/download/20/articles/1064/rtb_4dof.pdf,32,29120694
2022-01,downloads,/RTB/r9/robot.pdf,28,213871000
2022-01,downloads,/download/20/articles/1060/xml.pdf,24,2479724
2022-01,downloads,/axes/paper-axes2-grey.pdf,22,694848
2022-01,downloads,/download/20/articles/1054/insertion.pdf,19,2399966
2022-01,downloads,/download/20/articles/1057/prcurves.pdf,18,3175578
2022-01,downloads,/MVTB/r3/vision.pdf,17,110585884
2022-01,downloads,/download/20/articles/1055/solving-trig.pdf,17,2480521
2022-01,downloads,/RVC1/top/toc/toc.pdf,11,734283
2022-01,downloads,/download/30/rvc2/1183/rvc2-eps.zip,10,423695512
2022-01,downloads,/suttor/GeorgeAndSarahSuttorBook-index.pdf,9,1761435
2022-01,downloads,/suttor/GeorgeAndSarahSuttorBook-TOC.pdf,9,639864
2022-01,downloads,/download/32/documents/1317/aim-177.pdf,8,48345328
2022-01,downloads,/axes/paper-axes2-red.pdf,7,220990
2022-01,downloads,/download/20/articles/1193/unimate-puma-servo-system-exposed.pdf,6,136305244
2022-01,downloads,/download/30/rvc2/1184/rvc2-svg.zip,6,166041833
2022-01,downloads,/axes/paper-axes2-blue.pdf,6,189552
2022-01,downloads,/RVC1/top/errata/pumaaxis.pdf,6,143694
2022-01,downloads,/spa/data/graph_060.txt.gz,4,1208476
2022-01,downloads,/wp-content/uploads/2020/01/book.pdf,4,12580181
2022-01,downloads,/download/20/articles/1058/urdf.zip,4,47088
2022-01,downloads,/spa/data/graph_021.txt.gz,4,143148
2022-01,downloads,/axes/paper-axes2-green.pdf,4,126280
2022-01,downloads,/RTB/r7/robot.zip,4,3407384
2022-01,downloads,/spa/data/graph_006.txt.gz,3,43962
2022-01,downloads,/spa/data/graph_005.txt.gz,3,42648
2022-01,downloads,/spa/data/graph_003.txt.gz,3,16293
2022-01,downloads,/spa/data/graph_016.txt.gz,3,78057
2022-01,downloads,/spa/data/graph_041.txt.gz,3,427098
2022-01,downloads,/spa/data/graph_010.txt.gz,3,52995
2022-01,downloads,/spa/data/graph_022.txt.gz,3,115929
2022-01,downloads,/spa/data/graph_059.txt.gz,3,831894
2022-01,downloads,/spa/data/graph_044.txt.gz,3,482319
2022-01,downloads,/spa/data/graph_014.txt.gz,3,58926
2022-01,downloads,/spa/data/graph_043.txt.gz,3,470454
2022-01,downloads,/spa/data/graph_045.txt.gz,3,422704
2022-01,downloads,/spa/data/graph_008.txt.gz,3,44199
2022-01,downloads,/spa/data/graph_049.txt.gz,3,411421
2022-01,downloads,/spa/data/graph_058.txt.gz,3,879730
2022-01,downloads,/spa/data/graph_009.txt.gz,2,32836
2022-01,downloads,/spa/data/graph_023.txt.gz,2,82546
2022-01,downloads,/spa/data/graph_036.txt.gz,2,192411
2022-01,downloads,/spa/data/graph_030.txt.gz,2,172258
2022-01,downloads,/spa/data/graph_002.txt.gz,2,7770
2022-01,downloads,/spa/data/graph_018.txt.gz,2,53826
2022-01,downloads,/RTB/r4/robot.zip,2,496058
2022-01,downloads,/spa/data/graph_004.txt.gz,2,11680
2022-01,downloads,/pdf/book_comic.pdf,2,9580074
2022-01,downloads,/spa/data/graph_011.txt.gz,2,38372
2022-01,downloads,/RTB/r6/robot.zip,2,195140
2022-01,downloads,/spa/data/graph_050.txt.gz,2,399073
2022-01,downloads,/spa/data/graph_020.txt.gz,2,74076
2022-01,downloads,/spa/data/graph_054.txt.gz,2,351631
2022-01,downloads,/spa/data/graph_012.txt.gz,2,38372
2022-01,downloads,/spa/data/graph_007.txt.gz,2,29368
2022-01,downloads,/spa/data/graph_046.txt.gz,2,343996
2022-01,downloads,/spa/data/graph_048.txt.gz,2,338645
2022-01,downloads,/license.txt,2,16652
2022-01,downloads,/RTB/r8/robot.zip,2,2514424
2022-01,downloads,/spa/data/graph_001.txt.gz,2,3556
2022-01,downloads,/spa/data/graph_032.txt.gz,2,168756
2022-01,downloads,/spa/data/graph_033.txt.gz,2,169542
2022-01,downloads,/spa/data/graph_029.txt.gz,2,125904
2022-01,downloads,/spa/data/graph_019.txt.gz,2,53654
2022-01,downloads,/spa/data/graph_051.txt.gz,2,473329
2022-01,downloads,/spa/data/graph_040.txt.gz,2,281918
2022-01,downloads,/spa/data/graph_027.txt.gz,2,124452
2022-01,downloads,/spa/data/graph_015.txt.gz,1,27752
2022-01,downloads,/wordpress//wp-config-backup1.txt,1,107
2022-01,downloads,/wordpress//wp-config.php.tar,1,107
2022-01,downloads,/spa/data/graph_013.txt.gz,1,19186
2022-01,downloads,/PayPal.log,1,88
2022-01,downloads,/spa/data/graph_037.txt.gz,1,81523
2022-01,downloads,/download/20/articles/1060/CHANGELOG.txt,1,104986
2022-01,downloads,/spa/data/graph_026.txt.gz,1,57906
2022-01,downloads,/spa/data/graph_031.txt.gz,1,84108
2022-01,downloads,/spa/data/graph_025.txt.gz,1,44669
2022-01,downloads,/spa/data/graph_042.txt.gz,1,139905
2022-01,downloads,/spa/data/graph_052.txt.gz,1,90112
2022-01,downloads,/download/20/articles/1061/xml-2.zip,1,5807
2022-01,downloads,/spa/data/graph_017.txt.gz,1,25564
2022-01,downloads,/wordpress//wp-config.tar,1,107
2022-01,downloads,/spa/data/graph_055.txt.gz,1,262060
2022-01,downloads,/wp-content/plugins/jh-404-logger/readme.txt,1,107
2022-01,downloads,/spa/data/graph_056.txt.gz,1,267538
2022-01,downloads,/spa/data/graph_039.txt.gz,1,135204
2022-01,downloads,/wordpress//wp-config.php.backup.txt,1,107
2022-01,downloads,/spa/data/graph_047.txt.gz,1,147059
2022-01,downloads,/spa/data/graph_035.txt.gz,1,102511
2022-01,downloads,/wordpress//wp-config-backup.txt,1,107
2022-01,downloads,/spa/data/graph_028.txt.gz,1,61901
2022-01,downloads,/spa/data/graph_024.txt.gz,1,43100
2022-01,downloads,/spa/data/graph_038.txt.gz,1,119414
2022-01,downloads,/download/28/mvtb/1181/contrib.zip,1,4965306
2022-01,downloads,/book_comic.pdf,1,107
2022-01,downloads,/logs/orders.log,1,88
2022-01,downloads,/spa/data/graph_034.txt.gz,1,87208
2022-01,downloads,/wordpress//wp-config.zip,1,107
2022-01,downloads,/rtbpython.pdf,0,79907
2022-01,urls,/download/28/mvtb/1109/mvtb-4-3.mltbx,162,9694746387
2022-01,urls,/download/20/articles/1056/sincos.mlx,2,9618
2023-01,downloads,/RTB/robot.pdf,730,6017405143
2023-01,downloads,/MVTB/vision.pdf,481,3517176175
2023-01,downloads,/bluebook/book.pdf,276,896407464
2023-01,downloads,/download/27/rtb/1050/rtb-manual.pdf,243,32573
2023-01,downloads,/RTB/ARA95.pdf,195,16246754
2023-01,downloads,/download/30/rvc2/1182/solutions.pdf,174,150243768
2023-01,downloads,/download/31/python-tools/1349/python_toolbox_icra_2021.pdf,154,88356008
2023-01,downloads,/download/20/articles/1062/rtb_dh.pdf,123,46991884
2023-01,downloads,/download/27/rtb/1011/robot-10-3-1.zip,101,2350954255
2023-01,downloads,/download/30/rvc2/1208/rvc2-livescripts.zip,99,2796561443
2023-01,downloads,/download/20/articles/1059/urdf-2.pdf,95,70369990
2023-01,downloads,/doc/simple_systematic.pdf,84,15592719
2023-01,downloads,/axes.pdf,61,1895040
2023-01,downloads,/download/29/books/1256/corke-bluebook.pdf,58,162725554
2023-01,downloads,/download/20/articles/1063/rtb_real_robot.pdf,46,39841480
2023-01,downloads,/download/20/articles/1041/ets_jacobian.pdf,45,11029950
2023-01,downloads,/download/28/mvtb/1181/contrib2.zip,44,192234346
2023-01,downloads,/download/20/articles/1060/xml.pdf,36,3779496
2023-01,downloads,/download/27/rtb/1351/robot-9-10.zip,34,668080791
2023-01,downloads,/download/20/articles/1064/rtb_4dof.pdf,33,28467582
2023-01,downloads,/download/20/articles/1079/the-bones-of-descartes.pdf,28,10626271
2023-01,downloads,/download/32/documents/1317/aim-177.pdf,25,245209280
2023-01,downloads,/RVC1/top/toc/toc.pdf,25,1735578
2023-01,downloads,/wp-includes/ID3/license.txt,24,3264
2023-01,downloads,/download/20/articles/1057/prcurves.pdf,24,4234104
2023-01,downloads,/files/MVTB/images-RVC2b.zip,22,5212540238
2023-01,downloads,/files/MVTB/images-RVC2a.zip,22,1470317195
2023-01,downloads,/download/31/python-tools/1296/python_toolbox_icra_2020-5.pdf,19,813
2023-01,downloads,/axes/paper-axes2-grey.pdf,18,617929
2023-01,downloads,/download/20/articles/1055/solving-trig.pdf,17,2334608
2023-01,downloads,/axes/paper-axes2-blue.pdf,17,568656
2023-01,downloads,/download/20/articles/1193/unimate-puma-servo-system-exposed.pdf,13,337145851
2023-01,downloads,/download/30/rvc2/1183/rvc2-eps.zip,13,930021261
2023-01,downloads,/download/20/articles/1058/urdf.zip,12,141264
2023-01,downloads,/axes/paper-axes2-green.pdf,12,410410
2023-01,downloads,/axes/paper-axes2-red.pdf,11,396659
2023-01,downloads,/RTB/r9/robot.pdf,11,84020750
2023-01,downloads,/suttor/GeorgeAndSarahSuttorBook-index.pdf,10,1957150
2023-01,downloads,/download/30/rvc2/1184/rvc2-svg.zip,10,302885021
2023-01,downloads,/download/20/articles/1054/insertion.pdf,9,1136826
2023-01,downloads,/spa/data/graph_026.txt.gz,9,521154
2023-01,downloads,/pdf/book_comic.pdf,9,43110333
2023-01,downloads,/MVTB/r3/vision.pdf,9,58545468
2023-01,downloads,/download/28/mvtb/1087/vision-4-3.zip,8,481331911
2023-01,downloads,/RVC1/top/errata/pumaaxis.pdf,7,167643
2023-01,downloads,//wp-includes/ID3/license.txt,7,4367
2023-01,downloads,/files/images/bridge-l.zip,6,698983117
2023-01,downloads,/suttor/GeorgeAndSarahSuttorBook-TOC.pdf,6,426576
2023-01,downloads,/spa/data/graph_036.txt.gz,4,409196
2023-01,downloads,/download/20/articles/1061/xml-2.zip,4,23228
2023-01,downloads,/files/MVTB/images1.zip,4,295366234
2023-01,downloads,/spa/data/graph_031.txt.gz,3,252324
2023-01,downloads,/aa.zip,3,8649129
2023-01,downloads,/spa/data/graph_009.txt.gz,2,32836
2023-01,downloads,/spa/data/graph_023.txt.gz,2,82546
2023-01,downloads,/spa/data/graph_003.txt.gz,2,10862
2023-01,downloads,/spa/data/graph_025.txt.gz,2,89338
2023-01,downloads,/spa/data/graph_050.txt.gz,2,504028
2023-01,downloads,/RTB/r8/robot.zip,2,2514424
2023-01,downloads,/spa/data/graph_014.txt.gz,2,39284
2023-01,downloads,/spa/data/graph_001.txt.gz,2,3556
2023-01,downloads,/spa/data/graph_032.txt.gz,2,168756
2023-01,downloads,/spa/data/graph_034.txt.gz,2,174416
2023-01,downloads,/spa/data/graph_058.txt.gz,2,789618
2023-01,downloads,/spa/data/graph_006.txt.gz,1,14654
2023-01,downloads,/spa/data/graph_015.txt.gz,1,27752
2023-01,downloads,/spa/data/graph_057.txt.gz,1,306197
2023-01,downloads,/spa/data/graph_030.txt.gz,1,86129
2023-01,downloads,/spa/data/graph_060.txt.gz,1,372788
2023-01,downloads,/spa/data/graph_013.txt.gz,1,19186
2023-01,downloads,/spa/data/graph_005.txt.gz,1,14216
2023-01,downloads,/spa/data/graph_037.txt.gz,1,106592
2023-01,downloads,/spa/data/graph_002.txt.gz,1,3885
2023-01,downloads,/wp-content/uploads/2020/01/book.pdf,1,3100096
2023-01,downloads,/RTB/r4/robot.zip,1,248029
2023-01,downloads,/spa/data/graph_018.txt.gz,1,26913
2023-01,downloads,/spa/data/graph_004.txt.gz,1,5840
2023-01,downloads,/spa/data/graph_011.txt.gz,1,19186
2023-01,downloads,/spa/data/graph_016.txt.gz,1,26019
2023-01,downloads,/RTB/r6/robot.zip,1,97570
2023-01,downloads,/spa/data/graph_041.txt.gz,1,142366
2023-01,downloads,/spa/data/graph_020.txt.gz,1,37038
2023-01,downloads,/spa/data/graph_054.txt.gz,1,261519
2023-01,downloads,/files/Octave.zip,1,80393
2023-01,downloads,/spa/data/graph_010.txt.gz,1,17665
2023-01,downloads,/spa/data/graph_012.txt.gz,1,19186
2023-01,downloads,/spa/data/graph_042.txt.gz,1,139905
2023-01,downloads,/spa/data/graph_007.txt.gz,1,14684
2023-01,downloads,/spa/data/graph_046.txt.gz,1,171998
2023-01,downloads,/spa/data/graph_052.txt.gz,1,257791
2023-01,downloads,/spa/data/graph_022.txt.gz,1,38643
2023-01,downloads,/spa/data/graph_048.txt.gz,1,191586
2023-01,downloads,/spa/data/graph_059.txt.gz,1,370891
2023-01,downloads,/spa/data/graph_017.txt.gz,1,25564
2023-01,downloads,/spa/data/graph_055.txt.gz,1,262060
2023-01,downloads,/spa/data/graph_044.txt.gz,1,160773
2023-01,downloads,/spa/data/graph_056.txt.gz,1,267538
2023-01,downloads,/spa/data/graph_039.txt.gz,1,135204
2023-01,downloads,/files/images/bridge-r.zip,1,121762338
2023-01,downloads,/spa/data/graph_021.txt.gz,1,35787
2023-01,downloads,/spa/data/graph_035.txt.gz,1,102511
2023-01,downloads,/spa/data/graph_047.txt.gz,1,184994
2023-01,downloads,/spa/data/graph_043.txt.gz,1,156818
2023-01,downloads,/spa/data/graph_028.txt.gz,1,61901
2023-01,downloads,/spa/data/graph_024.txt.gz,1,43100
2023-01,downloads,/spa/data/graph_038.txt.gz,1,119414
2023-01,downloads,/spa/data/graph_033.txt.gz,1,84771
2023-01,downloads,/spa/data/graph_061.txt.gz,1,383603
2023-01,downloads,/spa/data/graph_029.txt.gz,1,62952
2023-01,downloads,/spa/data/graph_045.txt.gz,1,166296
2023-01,downloads,/spa/data/graph_019.txt.gz,1,26827
2023-01,downloads,/spa/data/graph_040.txt.gz,1,140959
2023-01,downloads,/spa/data/graph_051.txt.gz,1,260734
2023-01,downloads,/spa/data/graph_027.txt.gz,1,62226
2023-01,downloads,/spa/data/graph_008.txt.gz,1,14733
2023-01,downloads,/RTB/r7/robot.zip,1,851846
2023-01,downloads,/spa/data/graph_049.txt.gz,1,272554
2023-01,downloads,/spa/data/graph_053.txt.gz,1,269412
2023-01,urls,/download/28/mvtb/1109/mvtb-4-3.mltbx,163,9772485722
2023-01,urls,/download/20/articles/1056/sincos.mlx,6,28854
2024-01,downloads,/MVTB/vision.pdf,555,3503867552
2024-01,downloads,/RTB/robot.pdf,447,2939256032
2024-01,downloads,/RTB/ARA95.pdf,324,25684169
2024-01,downloads,/bluebook/book.pdf,318,940393941
2024-01,downloads,/download/27/rtb/1011/robot-10-3-1.zip,283,4262059261
2024-01,downloads,/download/30/rvc2/1182/solutions.pdf,212,196692189
2024-01,downloads,/download/31/python-tools/1349/python_toolbox_icra_2021.pdf,198,108125169
2024-01,downloads,/download/20/articles/1062/rtb_dh.pdf,174,64317550
2024-01,downloads,/doc/simple_systematic.pdf,158,29193619
2024-01,downloads,/download/20/articles/1193/unimate-puma-servo-system-exposed.pdf,110,2448814338
2024-01,downloads,/download/20/articles/1059/urdf-2.pdf,100,77641961
2024-01,downloads,/download/30/rvc2/1208/rvc2-livescripts.zip,91,2315013624
2024-01,downloads,/download/29/books/1256/corke-bluebook.pdf,89,270002226
2024-01,downloads,/download/20/articles/1063/rtb_real_robot.pdf,88,74109539
2024-01,downloads,/download/20/articles/1079/the-bones-of-descartes.pdf,60,22277118
2024-01,downloads,/download/27/rtb/1351/robot-9-10.zip,57,1123703666
2024-01,downloads,/download/28/mvtb/1181/contrib2.zip,56,251824106
2024-01,downloads,/download/20/articles/1041/ets_jacobian.pdf,51,12500610
2024-01,downloads,/download/20/articles/1057/prcurves.pdf,49,8566006
2024-01,downloads,/files/MVTB/images-RVC2a.zip,47,2883810191
2024-01,downloads,/axes.pdf,46,1294944
2024-01,downloads,/MVTB/r3/vision.pdf,39,234539167
2024-01,downloads,/download/20/articles/1058/urdf.zip,39,459108
2024-01,downloads,/files/MVTB/images-RVC2b.zip,37,7344213646
2024-01,downloads,/download/20/articles/1055/solving-trig.pdf,33,4815129
2024-01,downloads,/download/20/articles/1060/xml.pdf,32,3359552
2024-01,downloads,/download/30/rvc2/1183/rvc2-eps.zip,32,1580481043
2024-01,downloads,/download/20/articles/1064/rtb_4dof.pdf,32,29633056
2024-01,downloads,/download/30/rvc2/1184/rvc2-svg.zip,31,899186843
2024-01,downloads,/RTB/r9/robot.pdf,29,225908827
2024-01,downloads,/wp-content/uploads/2020/01/book.pdf,22,68202112
2024-01,downloads,/download/32/documents/1317/aim-177.pdf,22,184832023
2024-01,downloads,/download/31/python-tools/1296/python_toolbox_icra_2020-5.pdf,20,632
2024-01,downloads,/RTB/r7/robot.zip,19,16409171
2024-01,downloads,/RTB/r4/robot.zip,17,4297713
2024-01,downloads,/RTB/r6/robot.zip,16,1584481
2024-01,downloads,/spa/data/graph_007.txt.gz,16,234944
2024-01,downloads,/spa/data/graph_051.txt.gz,16,4171744
2024-01,downloads,/spa/data/graph_027.txt.gz,16,995616
2024-01,downloads,/spa/data/graph_006.txt.gz,15,219810
2024-01,downloads,/spa/data/graph_018.txt.gz,15,403695
2024-01,downloads,/pdf/book_comic.pdf,15,71850555
2024-01,downloads,/spa/data/graph_010.txt.gz,15,264975
2024-01,downloads,/spa/data/graph_046.txt.gz,15,2579970
2024-01,downloads,/spa/data/graph_022.txt.gz,15,579645
2024-01,downloads,/axes/paper-axes2-grey.pdf,15,473760
2024-01,downloads,/RTB/r8/robot.zip,15,20491411
2024-01,downloads,/spa/data/graph_014.txt.gz,15,294630
2024-01,downloads,/spa/data/graph_047.txt.gz,15,2774910
2024-01,downloads,/spa/data/graph_043.txt.gz,15,2352270
2024-01,downloads,/spa/data/graph_028.txt.gz,15,928515
2024-01,downloads,/spa/data/graph_034.txt.gz,15,1308120
2024-01,downloads,/spa/data/graph_053.txt.gz,15,4041180
2024-01,downloads,/suttor/GeorgeAndSarahSuttorBook-index.pdf,14,2707747
2024-01,downloads,/spa/data/graph_036.txt.gz,14,1432186
2024-01,downloads,/spa/data/graph_003.txt.gz,14,76034
2024-01,downloads,/spa/data/graph_037.txt.gz,14,1492288
2024-01,downloads,/spa/data/graph_026.txt.gz,14,810684
2024-01,downloads,/spa/data/graph_002.txt.gz,14,54390
2024-01,downloads,/spa/data/graph_016.txt.gz,14,364266
2024-01,downloads,/spa/data/graph_031.txt.gz,14,1177512
2024-01,downloads,/spa/data/graph_041.txt.gz,14,1993124
2024-01,downloads,/spa/data/graph_025.txt.gz,14,625366
2024-01,downloads,/spa/data/graph_020.txt.gz,14,518532
2024-01,downloads,/spa/data/graph_050.txt.gz,14,3528196
2024-01,downloads,/spa/data/graph_012.txt.gz,14,268604
2024-01,downloads,/spa/data/graph_042.txt.gz,14,1958670
2024-01,downloads,/spa/data/graph_044.txt.gz,14,2250822
2024-01,downloads,/spa/data/graph_056.txt.gz,14,3745532
2024-01,downloads,/spa/data/graph_001.txt.gz,14,24892
2024-01,downloads,/spa/data/graph_024.txt.gz,14,603400
2024-01,downloads,/spa/data/graph_032.txt.gz,14,1181292
2024-01,downloads,/spa/data/graph_033.txt.gz,14,1186794
2024-01,downloads,/spa/data/graph_045.txt.gz,14,2328144
2024-01,downloads,/spa/data/graph_019.txt.gz,14,375578
2024-01,downloads,/spa/data/graph_058.txt.gz,14,5527326
2024-01,downloads,/axes/paper-axes2-red.pdf,13,410410
2024-01,downloads,/spa/data/graph_009.txt.gz,13,213434
2024-01,downloads,/spa/data/graph_023.txt.gz,13,536549
2024-01,downloads,/spa/data/graph_057.txt.gz,13,3980561
2024-01,downloads,/spa/data/graph_060.txt.gz,13,4846244
2024-01,downloads,/spa/data/graph_005.txt.gz,13,184808
2024-01,downloads,/download/20/articles/1054/insertion.pdf,13,1642082
2024-01,downloads,/spa/data/graph_004.txt.gz,13,75920
2024-01,downloads,/spa/data/graph_054.txt.gz,13,3399747
2024-01,downloads,/spa/data/graph_052.txt.gz,13,3351283
2024-01,downloads,/spa/data/graph_048.txt.gz,13,2490618
2024-01,downloads,/spa/data/graph_059.txt.gz,13,4821583
2024-01,downloads,/spa/data/graph_017.txt.gz,13,332332
2024-01,downloads,/spa/data/graph_055.txt.gz,13,3406780
2024-01,downloads,/spa/data/graph_039.txt.gz,13,1757652
2024-01,downloads,/axes/paper-axes2-blue.pdf,13,410696
2024-01,downloads,/spa/data/graph_021.txt.gz,13,465231
2024-01,downloads,/spa/data/graph_038.txt.gz,13,1552382
2024-01,downloads,/spa/data/graph_061.txt.gz,13,4986839
2024-01,downloads,/spa/data/graph_040.txt.gz,13,1832467
2024-01,downloads,/spa/data/graph_008.txt.gz,13,191529
2024-01,downloads,/spa/data/graph_015.txt.gz,12,333024
2024-01,downloads,/spa/data/graph_030.txt.gz,12,1033548
2024-01,downloads,/spa/data/graph_013.txt.gz,12,230232
2024-01,downloads,/spa/data/graph_029.txt.gz,12,755424
2024-01,downloads,/spa/data/graph_049.txt.gz,12,3270648
2024-01,downloads,/spa/data/graph_011.txt.gz,11,211046
2024-01,downloads,/RVC1/top/errata/pumaaxis.pdf,11,263439
2024-01,downloads,/axes/paper-axes2-green.pdf,11,347270
2024-01,downloads,/suttor/GeorgeAndSarahSuttorBook-TOC.pdf,10,710960
2024-01,downloads,/download/20/articles/1061/xml-2.zip,9,52263
2024-01,downloads,/spa/data/graph_035.txt.gz,9,922599
2024-01,downloads,/RVC1/top/toc/toc.pdf,7,467271
2024-01,downloads,/download/28/mvtb/1087/vision-4-3.zip,5,339245510
2024-01,downloads,/files/MVTB/images1.zip,4,234736340
2024-01,downloads,http://www.petercorke.com/axes/paper-axes2-red.pdf,1,31570
2024-01,downloads,/files/images/bridge-l.zip,1,121967637
2024-01,downloads,http://www.petercorke.com/axes/paper-axes2-green.pdf,1,31570
2024-01,downloads,//bluebook/book.pdf,1,2880383
2024-01,downloads,http://www.petercorke.com/axes/paper-axes2-blue.pdf,1,31592
2024-01,downloads,/files/images/bridge-r.zip,1,121762338
2024-01,downloads,http://www.petercorke.com/RTB/robot.pdf,1,3238630
2024-01,downloads,http://www.petercorke.com/axes/paper-axes2-grey.pdf,1,31584
2024-01,downloads,/files/MVTB/contrib2.zip,0,9498251
2024-01,urls,/download/28/mvtb/1109/mvtb-4-3.mltbx,209,13189713211
2024-01,urls,/download/20/articles/1056/sincos.mlx,13,62517
2025-01,downloads,/files/salesrank/salesrank.csv,1679,61722680
2025-01,downloads,/MVTB/vision.pdf,691,4322833797
2025-01,downloads,/bluebook/book.pdf,425,1375882825
2025-01,downloads,/download/20/articles/1062/rtb_dh.pdf,363,128292636
2025-01,downloads,/RTB/robot.pdf,285,2054194818
2025-01,downloads,/download/31/python-tools/1349/python_toolbox_icra_2021.pdf,192,110473121
2025-01,downloads,/doc/simple_systematic.pdf,186,34452937
2025-01,downloads,/RTB/ARA95.pdf,156,11861660
2025-01,downloads,/download/30/rvc2/1182/solutions.pdf,142,141688788
2025-01,downloads,/download/20/articles/1063/rtb_real_robot.pdf,139,98213094
2025-01,downloads,/download/20/articles/1057/prcurves.pdf,118,16694459
2025-01,downloads,/download/20/articles/1064/rtb_4dof.pdf,86,57485791
2025-01,downloads,/download/20/articles/1041/ets_jacobian.pdf,77,12998812
2025-01,downloads,/download/20/articles/1058/urdf.zip,75,600372
2025-01,downloads,/download/20/articles/1059/urdf-2.pdf,74,38801478
2025-01,downloads,/axes.pdf,73,2431968
2025-01,downloads,/download/20/articles/1055/solving-trig.pdf,60,5544693
2025-01,downloads,/download/29/books/1256/corke-bluebook.pdf,60,175322154
2025-01,downloads,/download/20/articles/1079/the-bones-of-descartes.pdf,60,13175386
2025-01,downloads,/download/20/articles/1060/xml.pdf,53,2899642
2025-01,downloads,/download/27/rtb/1011/robot-10-3-1.zip,45,1003206649
2025-01,downloads,/download/28/mvtb/1181/contrib2.zip,31,149351589
2025-01,downloads,/download/32/documents/1317/aim-177.pdf,26,175432632
2025-01,downloads,/download/30/rvc2/1208/rvc2-livescripts.zip,25,667211580
2025-01,downloads,/RTB/r9/robot.pdf,20,140543768
2025-01,downloads,/files/MVTB/images-RVC2a.zip,18,1159263125
2025-01,downloads,/axes/paper-axes2-grey.pdf,16,521728
2025-01,downloads,/MVTB/r3/vision.pdf,16,97575780
2025-01,downloads,/download/20/articles/1193/unimate-puma-servo-system-exposed.pdf,15,396987471
2025-01,downloads,/files/MVTB/images-RVC2b.zip,14,3086851321
2025-01,downloads,/spa/data/graph_029.txt.gz,14,881328
2025-01,downloads,/download/27/rtb/1351/robot-9-10.zip,13,264491207
2025-01,downloads,/download/31/python-tools/1296/python_toolbox_icra_2020-5.pdf,13,411
2025-01,downloads,/axes/paper-axes2-red.pdf,11,363654
2025-01,downloads,/download/28/mvtb/1087/vision-4-3.zip,11,659020623
2025-01,downloads,/RVC1/top/toc/toc.pdf,11,734283
2025-01,downloads,/download/30/rvc2/1183/rvc2-eps.zip,10,473147725
2025-01,downloads,/axes/paper-axes2-blue.pdf,9,317096
2025-01,downloads,/wp-content/uploads/2020/01/book.pdf,9,27900864
2025-01,downloads,/download/30/rvc2/1184/rvc2-svg.zip,8,241288178
2025-01,downloads,/suttor/GeorgeAndSarahSuttorBook-index.pdf,7,1355539
2025-01,downloads,/download/20/articles/1054/insertion.pdf,7,884198
2025-01,downloads,/spa/data/graph_054.txt.gz,6,1226300
2025-01,downloads,/axes/paper-axes2-green.pdf,6,205804
2025-01,downloads,/spa/data/graph_042.txt.gz,6,805380
2025-01,downloads,/spa/data/graph_043.txt.gz,5,766536
2025-01,downloads,/spa/data/graph_018.txt.gz,5,134565
2025-01,downloads,/spa/data/graph_050.txt.gz,5,1098168
2025-01,downloads,/spa/data/graph_007.txt.gz,5,73420
2025-01,downloads,/spa/data/graph_048.txt.gz,5,905608
2025-01,downloads,/spa/data/graph_040.txt.gz,5,653948
2025-01,downloads,/spa/data/graph_031.txt.gz,5,420540
2025-01,downloads,/spa/data/graph_051.txt.gz,5,1093498
2025-01,downloads,/spa/data/graph_023.txt.gz,5,206365
2025-01,downloads,/spa/data/graph_044.txt.gz,4,572431
2025-01,downloads,/spa/data/graph_033.txt.gz,4,339084
2025-01,downloads,/spa/data/graph_027.txt.gz,4,248904
2025-01,downloads,/suttor/GeorgeAndSarahSuttorBook-TOC.pdf,4,284384
2025-01,downloads,/RVC1/top/errata/pumaaxis.pdf,4,95796
2025-01,downloads,/spa/data/graph_039.txt.gz,4,495724
2025-01,downloads,/spa/data/graph_022.txt.gz,4,154572
2025-01,downloads,/spa/data/graph_034.txt.gz,4,348832
2025-01,downloads,/spa/data/graph_006.txt.gz,4,58616
2025-01,downloads,/spa/data/graph_025.txt.gz,4,178676
2025-01,downloads,/spa/data/graph_017.txt.gz,4,102256
2025-01,downloads,/spa/data/graph_047.txt.gz,4,677862
2025-01,downloads,/files/MVTB/images1.zip,4,240309170
2025-01,downloads,/spa/data/graph_013.txt.gz,4,76744
2025-01,downloads,/spa/data/graph_037.txt.gz,4,409888
2025-01,downloads,/spa/data/graph_038.txt.gz,4,477656
2025-01,downloads,/spa/data/graph_024.txt.gz,4,172400
2025-01,downloads,https://www.petercorke.com/MVTB/vision.pdf,4,26020208
2025-01,downloads,/spa/data/graph_045.txt.gz,3,422704
2025-01,downloads,/spa/data/graph_028.txt.gz,3,185703
2025-01,downloads,/RTB/r8/robot.zip,3,3771636
2025-01,downloads,/spa/data/graph_011.txt.gz,3,57558
2025-01,downloads,/spa/data/graph_001.txt.gz,3,5334
2025-01,downloads,/spa/data/graph_014.txt.gz,3,58926
2025-01,downloads,/spa/data/graph_052.txt.gz,3,487167
2025-01,downloads,/spa/data/graph_058.txt.gz,3,607801
2025-01,downloads,/spa/data/graph_015.txt.gz,2,55504
2025-01,downloads,/spa/data/graph_053.txt.gz,2,245760
2025-01,downloads,/files/images/bridge-l.zip,2,243935274
2025-01,downloads,/cv/corke-resume.mov,2,266738
2025-01,downloads,/spa/data/graph_004.txt.gz,2,11680
2025-01,downloads,/spa/data/graph_002.txt.gz,2,7770
2025-01,downloads,/RTB/r4/robot.zip,2,496058
2025-01,downloads,/spa/data/graph_061.txt.gz,2,212992
2025-01,downloads,/files/images/bridge-r.zip,2,243524676
2025-01,downloads,/spa/data/graph_046.txt.gz,2,262110
2025-01,downloads,/download/20/articles/1061/xml-2.zip,2,11614
2025-01,downloads,/spa/data/graph_056.txt.gz,2,311296
2025-01,downloads,/files/images/mosaicml.zip,2,12193854
2025-01,downloads,/spa/data/graph_057.txt.gz,2,180224
2025-01,downloads,/pdf/book_comic.pdf,2,9580074
2025-01,downloads,/RTB/r7/robot.zip,2,1703692
2025-01,downloads,/spa/data/graph_010.txt.gz,2,35330
2025-01,downloads,/spa/data/graph_059.txt.gz,2,212992
2025-01,downloads,/spa/data/graph_021.txt.gz,2,71574
2025-01,downloads,/spa/data/graph_049.txt.gz,1,90112
2025-01,downloads,/spa/data/graph_060.txt.gz,1,221184
2025-01,downloads,/spa/data/graph_041.txt.gz,1,90112
2025-01,downloads,/SMTB/spatialmath.pdf,1,3003132
2025-01,downloads,/spa/data/graph_055.txt.gz,1,122880
2025-01,downloads,/spa/data/graph_032.txt.gz,1,84378
2025-01,downloads,/RTB/r6/robot.zip,1,97570
2025-01,downloads,/spa/data/graph_030.txt.gz,1,86129
2025-01,downloads,/spa/data/graph_020.txt.gz,1,37038
2025-01,downloads,/spa/data/graph_016.txt.gz,1,26019
2025-01,downloads,/spa/data/graph_012.txt.gz,1,19186
2025-01,downloads,/spa/data/graph_003.txt.gz,1,5431
2025-01,downloads,/spa/data/graph_026.txt.gz,1,57906
2025-01,downloads,/spa/data/graph_009.txt.gz,1,16418
2025-01,downloads,/spa/data/graph_008.txt.gz,1,14733
2025-01,downloads,/pdf/QUTSchoolCaptainsDinner2017.pdf,1,58507264
2025-01,downloads,/spa/data/graph_005.txt.gz,1,14216
2025-01,downloads,/spa/data/graph_035.txt.gz,1,102511
2025-01,downloads,/spa/data/graph_019.txt.gz,1,26827
2025-01,downloads,/spa/data/graph_036.txt.gz,1,102299
2025-01,urls,/download/20/articles/1056/sincos.mlx,8,38472
2025-01,urls,/download/28/mvtb/1109/mvtb-4-3.mltbx,149,9363817944
2026-01,downloads,/files/salesrank/salesrank.csv,12344,597289128
2026-01,downloads,/RTB/robot.pdf,1550,11371544702
2026-01,downloads,/bluebook/book.pdf,1512,4698729813
2026-01,downloads,/download/20/articles/1062/rtb_dh.pdf,1062,370306565
2026-01,downloads,/doc/simple_systematic.pdf,1035,179404508
2026-01,downloads,/RTB/ARA95.pdf,773,58035976
2026-01,downloads,/MVTB/vision.pdf,731,4641882161
2026-01,downloads,/download/31/python-tools/1349/python_toolbox_icra_2021.pdf,719,412038828
2026-01,downloads,/download/30/rvc2/1182/solutions.pdf,561,492505164
2026-01,downloads,/download/20/articles/1063/rtb_real_robot.pdf,352,293855438
2026-01,downloads,/download/20/articles/1041/ets_jacobian.pdf,344,78177119
2026-01,downloads,/download/31/python-tools/1296/python_toolbox_icra_2020-5.pdf,330,8881
2026-01,downloads,/download/20/articles/1059/urdf-2.pdf,271,198659559
2026-01,downloads,/download/20/articles/1057/prcurves.pdf,174,29638728
2026-01,downloads,/download/20/articles/1064/rtb_4dof.pdf,116,99074378
2026-01,downloads,/download/20/articles/1079/the-bones-of-descartes.pdf,72,25466152
2026-01,downloads,/download/20/articles/1060/xml.pdf,54,5144314
2026-01,downloads,/download/29/books/1256/corke-bluebook.pdf,54,147235963
2026-01,downloads,/RTB/current/robot-9.10.zip,53,1093667234
2026-01,downloads,/RTB/r9/robot.pdf,45,308971110
2026-01,downloads,/download/32/documents/1317/aim-177.pdf,44,294832177
2026-01,downloads,/axes.pdf,38,1217601
2026-01,downloads,/download/20/articles/1055/solving-trig.pdf,36,4669216
2026-01,downloads,/RVC1/top/toc/toc.pdf,32,2302371
2026-01,downloads,/download/27/rtb/1011/robot-10-3-1.zip,30,605427902
2026-01,downloads,/suttor/GeorgeAndSarahSuttorBook-index.pdf,28,5480020
2026-01,downloads,/axes/paper-axes2-red.pdf,19,599830
2026-01,downloads,/download/27/rtb/1351/robot-9-10.zip,19,230250761
2026-01,downloads,/download/30/rvc2/1208/rvc2-livescripts.zip,18,358653691
2026-01,downloads,/download/20/articles/1058/urdf.zip,17,153036
2026-01,downloads,/suttor/GeorgeAndSarahSuttorBook-TOC.pdf,16,1107400
2026-01,downloads,/download/20/articles/1193/unimate-puma-servo-system-exposed.pdf,15,193833385
2026-01,downloads,/download/20/articles/1054/insertion.pdf,14,1768396
2026-01,downloads,/MVTB/r3/vision.pdf,12,60106128
2026-01,downloads,/files/MVTB/images-RVC2a.zip,12,414295197
2026-01,downloads,/axes/paper-axes2-blue.pdf,12,379104
2026-01,downloads,/download/30/rvc2/1183/rvc2-eps.zip,11,280203319
2026-01,downloads,/axes/paper-axes2-grey.pdf,10,315840
2026-01,downloads,/files/MVTB/images-RVC2b.zip,10,1302817227
2026-01,downloads,/download/28/mvtb/1181/contrib2.zip,9,35984920
2026-01,downloads,/axes/paper-axes2-green.pdf,8,252560
2026-01,downloads,/download/30/rvc2/1184/rvc2-svg.zip,7,131174483
2026-01,downloads,/pdf/book_comic.pdf,6,7628043
2026-01,downloads,/RVC1/top/errata/pumaaxis.pdf,6,143694
2026-01,downloads,/wp-content/uploads/2020/01/book.pdf,6,18600576
2026-01,downloads,/SMTB/spatialmath.pdf,6,15281129
2026-01,downloads,/spa/data/graph_005.txt.gz,6,85296
2026-01,downloads,/download/28/mvtb/1087/vision-4-3.zip,6,364435901
2026-01,downloads,/spa/data/graph_035.txt.gz,5,512555
2026-01,downloads,/download/20/articles/1061/xml-2.zip,5,29035
2026-01,downloads,/spa/data/graph_022.txt.gz,5,193215
2026-01,downloads,/spa/data/graph_052.txt.gz,5,1288955
2026-01,downloads,/spa/data/graph_049.txt.gz,5,1362770
2026-01,downloads,/spa/data/graph_024.txt.gz,4,172400
2026-01,downloads,/spa/data/graph_001.txt.gz,4,7112
2026-01,downloads,/spa/data/graph_037.txt.gz,4,426368
2026-01,downloads,/spa/data/graph_046.txt.gz,4,606106
2026-01,downloads,/spa/data/graph_020.txt.gz,4,148152
2026-01,downloads,/spa/data/graph_057.txt.gz,4,1224788
2026-01,downloads,/spa/data/graph_014.txt.gz,4,78568
2026-01,downloads,/spa/data/graph_019.txt.gz,4,107308
2026-01,downloads,/spa/data/graph_061.txt.gz,4,1240921
2026-01,downloads,/spa/data/graph_043.txt.gz,4,627272
2026-01,downloads,/spa/data/graph_003.txt.gz,4,21724
2026-01,downloads,/RTB/r7/robot.zip,4,3125006
2026-01,downloads,/spa/data/graph_042.txt.gz,3,419715
2026-01,downloads,/spa/data/graph_050.txt.gz,3,756042
2026-01,downloads,/files/MVTB/images1.zip,3,126813537
2026-01,downloads,/spa/data/graph_036.txt.gz,3,306897
2026-01,downloads,/spa/data/graph_041.txt.gz,3,427098
2026-01,downloads,/spa/data/graph_039.txt.gz,3,405612
2026-01,downloads,/spa/data/graph_021.txt.gz,3,107361
2026-01,downloads,/spa/data/graph_045.txt.gz,3,498888
2026-01,downloads,/spa/data/graph_017.txt.gz,3,76692
2026-01,downloads,/spa/data/graph_028.txt.gz,3,185703
2026-01,downloads,/spa/data/graph_010.txt.gz,3,52995
2026-01,downloads,/spa/data/graph_032.txt.gz,3,253134
2026-01,downloads,/spa/data/graph_004.txt.gz,3,17520
2026-01,downloads,/spa/data/graph_033.txt.gz,3,254313
2026-01,downloads,/spa/data/graph_009.txt.gz,3,49254
2026-01,downloads,/spa/data/graph_044.txt.gz,2,321546
2026-01,downloads,/spa/data/graph_060.txt.gz,2,745576
2026-01,downloads,/spa/data/graph_007.txt.gz,2,29368
2026-01,downloads,/spa/data/graph_006.txt.gz,2,29308
2026-01,downloads,/spa/data/graph_053.txt.gz,2,538824
2026-01,downloads,/spa/data/graph_025.txt.gz,2,89338
2026-01,downloads,/spa/data/graph_015.txt.gz,2,55504
2026-01,downloads,/spa/data/graph_047.txt.gz,2,369988
2026-01,downloads,/spa/data/graph_056.txt.gz,2,535076
2026-01,downloads,/RTB/r4/robot.zip,2,496058
2026-01,downloads,/spa/data/graph_034.txt.gz,2,174416
2026-01,downloads,/spa/data/graph_011.txt.gz,2,38372
2026-01,downloads,/spa/data/graph_031.txt.gz,2,168216
2026-01,downloads,/spa/data/graph_023.txt.gz,2,82546
2026-01,downloads,/spa/data/graph_058.txt.gz,2,789618
2026-01,downloads,/spa/data/graph_012.txt.gz,2,38372
2026-01,downloads,/spa/data/graph_040.txt.gz,2,239263
2026-01,downloads,/spa/data/graph_013.txt.gz,2,38372
2026-01,downloads,/spa/data/graph_029.txt.gz,2,125904
2026-01,downloads,/spa/data/graph_048.txt.gz,2,383172
2026-01,downloads,/RTB/r8/robot.zip,2,1972091
2026-01,downloads,/spa/data/graph_008.txt.gz,2,29466
2026-01,downloads,/spa/data/graph_002.txt.gz,2,7770
2026-01,downloads,/spa/data/graph_016.txt.gz,2,52038
2026-01,downloads,/spa/data/graph_027.txt.gz,1,62226
2026-01,downloads,/spa/data/graph_055.txt.gz,1,262060
2026-01,downloads,/spa/data/graph_030.txt.gz,1,86129
2026-01,downloads,/spa/data/graph_026.txt.gz,1,57906
2026-01,downloads,/spa/data/graph_038.txt.gz,1,119414
2026-01,downloads,/spa/data/graph_054.txt.gz,1,261519
2026-01,downloads,/spa/data/graph_018.txt.gz,1,26913
2026-01,downloads,/spa/data/graph_059.txt.gz,1,370891
2026-01,downloads,/spa/data/graph_051.txt.gz,1,260734
2026-01,downloads,/RTB/r6/robot.zip,1,97570
2026-01,downloads,/cv/corke-resume.mov,1,78457
2026-01,urls,/download/20/articles/1056/sincos.mlx,6,28854
2026-01,urls,/download/28/mvtb/1109/mvtb-4-3.mltbx,139,8357421742
2017-02,downloads,/RTB/robot.pdf,2110,18820447126
2017-02,downloads,/doc/rtb_dh.pdf,791,364789461
2017-02,downloads,/MVTB/vision.pdf,439,3356644646
2017-02,downloads,/bluebook/book.pdf,378,1279565404
2017-02,downloads,/RTB/ARA95.pdf,345,30772357
2017-02,downloads,/RVC1/top/toc/toc.pdf,196,15162893
2017-02,downloads,/doc/robotarm.pdf,131,129309227
2017-02,downloads,/doc/simple_systematic.pdf,118,23201371
2017-02,downloads,/RTB/r9/robot.pdf,107,1032291935
2017-02,downloads,/axes.pdf,55,1205680
2017-02,downloads,/doc/rtb_4dof.pdf,55,54713262
2017-02,downloads,/doc/descartes.pdf,54,44235445
2017-02,downloads,/MVTB/r3/vision.pdf,49,353188224
2017-02,downloads,/pdf/QUTSchoolCaptainsDinner2017.pdf,34,3648420865
2017-02,downloads,/pdf/book_comic.pdf,14,69107200
2017-02,downloads,/RVC1/top/errata/pumaaxis.pdf,10,239490
2017-02,downloads,/spa/data/graph_001.txt.gz,4,7112
2017-02,downloads,/spa/data/graph_013.txt.gz,3,57558
2017-02,downloads,/spa/data/graph_030.txt.gz,2,172258
2017-02,downloads,/spa/data/graph_002.txt.gz,2,7770
2017-02,downloads,/spa/data/graph_023.txt.gz,2,82546
2017-02,downloads,/spa/data/graph_015.txt.gz,2,55504
2017-02,downloads,/spa/data/graph_056.txt.gz,2,535076
2017-02,downloads,/spa/data/graph_005.txt.gz,2,28432
2017-02,downloads,/spa/data/graph_059.txt.gz,2,741782
2017-02,downloads,/spa/data/graph_040.txt.gz,2,281918
2017-02,downloads,/spa/data/graph_020.txt.gz,2,74076
2017-02,downloads,/spa/data/graph_055.txt.gz,2,524120
2017-02,downloads,/spa/data/graph_044.txt.gz,2,321546
2017-02,downloads,/spa/data/graph_018.txt.gz,2,53826
2017-02,downloads,/spa/data/graph_011.txt.gz,2,38372
2017-02,downloads,/spa/data/graph_031.txt.gz,2,168216
2017-02,downloads,/spa/data/graph_048.txt.gz,2,383172
2017-02,downloads,/spa/data/graph_038.txt.gz,2,238828
2017-02,downloads,/spa/data/graph_009.txt.gz,2,32836
2017-02,downloads,/spa/data/graph_042.txt.gz,2,279810
2017-02,downloads,/spa/data/graph_050.txt.gz,2,504028
2017-02,downloads,/spa/data/graph_053.txt.gz,2,538824
2017-02,downloads,/spa/data/graph_045.txt.gz,2,332592
2017-02,downloads,/spa/data/graph_007.txt.gz,2,29368
2017-02,downloads,/spa/data/graph_043.txt.gz,2,313636
2017-02,downloads,/spa/data/graph_021.txt.gz,2,71574
2017-02,downloads,/spa/data/graph_041.txt.gz,2,284732
2017-02,downloads,/spa/data/graph_012.txt.gz,2,38372
2017-02,downloads,/spa/data/graph_016.txt.gz,2,52038
2017-02,downloads,/spa/data/graph_003.txt.gz,2,10862
2017-02,downloads,/spa/data/graph_033.txt.gz,2,169542
2017-02,downloads,/spa/data/graph_014.txt.gz,2,39284
2017-02,downloads,/spa/data/graph_025.txt.gz,2,89338
2017-02,downloads,/spa/data/graph_060.txt.gz,2,745576
2017-02,downloads,/spa/data/graph_024.txt.gz,2,86200
2017-02,downloads,/spa/data/graph_029.txt.gz,2,125904
2017-02,downloads,/spa/data/graph_052.txt.gz,2,515582
2017-02,downloads,/spa/data/graph_026.txt.gz,2,115812
2017-02,downloads,/spa/data/graph_036.txt.gz,2,204598
2017-02,downloads,/spa/data/graph_046.txt.gz,2,343996
2017-02,downloads,/spa/data/graph_061.txt.gz,2,767206
2017-02,downloads,/spa/data/graph_034.txt.gz,2,174416
2017-02,downloads,/spa/data/graph_017.txt.gz,2,51128
2017-02,downloads,/spa/data/graph_028.txt.gz,2,123802
2017-02,downloads,/spa/data/graph_006.txt.gz,2,29308
2017-02,downloads,/spa/data/graph_057.txt.gz,2,612394
2017-02,downloads,/spa/data/graph_004.txt.gz,2,11680
2017-02,downloads,/spa/data/graph_032.txt.gz,2,168756
2017-02,downloads,/spa/data/graph_019.txt.gz,2,53654
2017-02,downloads,/spa/data/graph_035.txt.gz,2,205022
2017-02,downloads,/spa/data/graph_010.txt.gz,2,35330
2017-02,downloads,/spa/data/graph_051.txt.gz,2,521468
2017-02,downloads,/spa/data/graph_047.txt.gz,2,369988
2017-02,downloads,/spa/data/graph_027.txt.gz,2,124452
2017-02,downloads,/spa/data/graph_039.txt.gz,2,270408
2017-02,downloads,/spa/data/graph_058.txt.gz,2,789618
2017-02,downloads,/spa/data/graph_054.txt.gz,2,523038
2017-02,downloads,/spa/data/graph_008.txt.gz,2,29466
2017-02,downloads,/spa/data/graph_037.txt.gz,2,213184
2017-02,downloads,/spa/data/graph_049.txt.gz,2,545108
2017-02,downloads,/spa/data/graph_022.txt.gz,2,77286
2017-02,downloads,/rtbpython.pdf,1,159814
2017-02,downloads,/suttor/GeorgeAndSarahSuttorBook-index.pdf,1,195715
2021-02,downloads,/RTB/robot.pdf,456,3458141995
2021-02,downloads,/bluebook/book.pdf,401,1122844192
2021-02,downloads,/MVTB/vision.pdf,293,1882190871
2021-02,downloads,/RTB/ARA95.pdf,292,21827064
2021-02,downloads,/download/27/rtb/1011/robot-10-3-1.zip,268,4494565333
2021-02,downloads,/doc/simple_systematic.pdf,231,41680417
2021-02,downloads,/download/30/rvc2/1182/solutions.pdf,188,171099199
2021-02,downloads,/download/31/python-tools/1296/python_toolbox_icra_2020-5.pdf,185,96386008
2021-02,downloads,/download/20/articles/1059/urdf-2.pdf,128,97325238
2021-02,downloads,/download/30/rvc2/1208/rvc2-livescripts.zip,75,1972994323
2021-02,downloads,/download/20/articles/1041/ets_jacobian.pdf,55,13439962
2021-02,downloads,/download/28/mvtb/1181/contrib2.zip,52,192123055
2021-02,downloads,/download/20/articles/1057/prcurves.pdf,49,8644629
2021-02,downloads,/download/29/books/1256/corke-bluebook.pdf,48,136876254
2021-02,downloads,/axes.pdf,40,1263360
2021-02,downloads,/RTB/r9/robot.pdf,36,274977000
2021-02,downloads,/files/MVTB/images-RVC2a.zip,31,1573937878
2021-02,downloads,/download/20/articles/1064/rtb_4dof.pdf,29,26854957
2021-02,downloads,/files/MVTB/images-RVC2b.zip,23,3913046835
2021-02,downloads,/download/20/articles/1062/rtb_dh.pdf,21,8235003
2021-02,downloads,/download/20/articles/1060/xml.pdf,20,2099720
2021-02,downloads,/download/20/articles/1193/unimate-puma-servo-system-exposed.pdf,19,336391790
2021-02,downloads,/download/20/articles/1063/rtb_real_robot.pdf,19,16676908
2021-02,downloads,/download/20/articles/1055/solving-trig.pdf,19,2772347
2021-02,downloads,/MVTB/r3/vision.pdf,16,104080832
2021-02,downloads,/RVC1/top/toc/toc.pdf,13,867789
2021-02,downloads,/download/20/articles/1054/insertion.pdf,12,1515768
2021-02,downloads,/download/20/articles/1079/the-bones-of-descartes.pdf,12,4242667
2021-02,downloads,/suttor/GeorgeAndSarahSuttorBook-index.pdf,11,2152865
2021-02,downloads,/axes/paper-axes2-grey.pdf,10,315840
2021-02,downloads,/spa/data/graph_011.txt.gz,8,153511
2021-02,downloads,/download/32/documents/1317/aim-177.pdf,8,61579679
2021-02,downloads,/spa/data/graph_030.txt.gz,7,490725
2021-02,downloads,/download/30/rvc2/1184/rvc2-svg.zip,7,226633498
2021-02,downloads,/spa/data/graph_022.txt.gz,7,270529
2021-02,downloads,/download/20/articles/1058/urdf.zip,7,82404
2021-02,downloads,/axes/paper-axes2-red.pdf,6,189420
2021-02,downloads,/pdf/QUTSchoolCaptainsDinner2017.pdf,5,447724015
2021-02,downloads,/suttor/GeorgeAndSarahSuttorBook-TOC.pdf,5,355480
2021-02,downloads,/spa/data/graph_035.txt.gz,5,411378
2021-02,downloads,/axes/paper-axes2-green.pdf,5,157850
2021-02,downloads,/spa/data/graph_057.txt.gz,4,1074375
2021-02,downloads,/wp-content/uploads/2020/01/book.pdf,4,12465920
2021-02,downloads,/spa/data/graph_059.txt.gz,4,970187
2021-02,downloads,/download/30/rvc2/1183/rvc2-eps.zip,4,201699380
2021-02,downloads,/RVC1/top/errata/pumaaxis.pdf,4,95796
2021-02,downloads,/spa/data/graph_001.txt.gz,4,7135
2021-02,downloads,/spa/data/graph_024.txt.gz,4,172428
2021-02,downloads,/spa/data/graph_019.txt.gz,4,107331
2021-02,downloads,/RTB/r7/robot.zip,4,2636090
2021-02,downloads,/spa/data/graph_006.txt.gz,3,43985
2021-02,downloads,/spa/data/graph_036.txt.gz,3,286159
2021-02,downloads,/spa/data/graph_013.txt.gz,3,57581
2021-02,downloads,/spa/data/graph_026.txt.gz,3,173746
2021-02,downloads,/spa/data/graph_031.txt.gz,3,252357
2021-02,downloads,/spa/data/graph_025.txt.gz,3,134035
2021-02,downloads,/spa/data/graph_020.txt.gz,3,111142
2021-02,downloads,/spa/data/graph_050.txt.gz,3,550549
2021-02,downloads,/spa/data/graph_010.txt.gz,3,53041
2021-02,downloads,/spa/data/graph_007.txt.gz,3,44075
2021-02,downloads,/spa/data/graph_046.txt.gz,3,434156
2021-02,downloads,/spa/data/graph_017.txt.gz,3,76715
2021-02,downloads,/spa/data/graph_055.txt.gz,3,786238
2021-02,downloads,/spa/data/graph_039.txt.gz,3,405698
2021-02,downloads,/RTB/r8/robot.zip,3,2646096
2021-02,downloads,/axes/paper-axes2-blue.pdf,3,94776
2021-02,downloads,/spa/data/graph_028.txt.gz,3,185731
2021-02,downloads,/spa/data/graph_038.txt.gz,3,358280
2021-02,downloads,/spa/data/graph_033.txt.gz,3,251099
2021-02,downloads,/spa/data/graph_045.txt.gz,3,421703
2021-02,downloads,/spa/data/graph_027.txt.gz,3,186706
2021-02,downloads,/spa/data/graph_008.txt.gz,3,44222
2021-02,downloads,/spa/data/graph_053.txt.gz,3,694535
2021-02,downloads,/spa/data/graph_058.txt.gz,3,1184509
2021-02,downloads,/spa/data/graph_009.txt.gz,2,32859
2021-02,downloads,/spa/data/graph_015.txt.gz,2,55527
2021-02,downloads,/spa/data/graph_023.txt.gz,2,82574
2021-02,downloads,/spa/data/graph_060.txt.gz,2,745654
2021-02,downloads,/spa/data/graph_005.txt.gz,2,28455
2021-02,downloads,/spa/data/graph_003.txt.gz,2,10885
2021-02,downloads,/spa/data/graph_037.txt.gz,2,213222
2021-02,downloads,/spa/data/graph_002.txt.gz,2,7793
2021-02,downloads,/spa/data/graph_018.txt.gz,2,53849
2021-02,downloads,/RTB/r4/robot.zip,2,496058
2021-02,downloads,/spa/data/graph_004.txt.gz,2,11703
2021-02,downloads,/pdf/book_comic.pdf,2,9580074
2021-02,downloads,/spa/data/graph_016.txt.gz,2,52061
2021-02,downloads,/RTB/r6/robot.zip,2,195140
2021-02,downloads,/spa/data/graph_041.txt.gz,2,284775
2021-02,downloads,/spa/data/graph_054.txt.gz,2,523096
2021-02,downloads,/spa/data/graph_012.txt.gz,2,38395
2021-02,downloads,/spa/data/graph_042.txt.gz,2,279853
2021-02,downloads,/spa/data/graph_052.txt.gz,2,515640
2021-02,downloads,/spa/data/graph_048.txt.gz,2,383220
2021-02,downloads,/spa/data/graph_044.txt.gz,2,321589
2021-02,downloads,/files/salesrank/salesrank.txt,2,12665
2021-02,downloads,/spa/data/graph_056.txt.gz,2,535139
2021-02,downloads,/spa/data/graph_047.txt.gz,2,370036
2021-02,downloads,/spa/data/graph_021.txt.gz,2,71602
2021-02,downloads,/spa/data/graph_014.txt.gz,2,39307
2021-02,downloads,/spa/data/graph_043.txt.gz,2,313679
2021-02,downloads,/spa/data/graph_032.txt.gz,2,168789
2021-02,downloads,/spa/data/graph_061.txt.gz,2,767284
2021-02,downloads,/spa/data/graph_029.txt.gz,2,125932
2021-02,downloads,/spa/data/graph_051.txt.gz,2,521526
2021-02,downloads,/spa/data/graph_040.txt.gz,2,281961
2021-02,downloads,/spa/data/graph_034.txt.gz,2,174449
2021-02,downloads,/spa/data/graph_049.txt.gz,2,545171
2021-02,downloads,/download/27/rtb/1050/rtb-manual.pdf,1,64
2021-02,downloads,/files/Octave.zip,1,80393
2021-02,downloads,/download/20/articles/1061/xml-2.zip,1,5807
2021-02,downloads,/license.txt,1,8326
2021-02,urls,/download/28/mvtb/1109/mvtb-4-3.mltbx,250,12174421071
2021-02,urls,/download/20/articles/1056/sincos.mlx,3,14427
2021-02,urls,/download/19/toolbox/1109/mvtb-4-3.mltbx,3,114
2022-02,downloads,/RTB/robot.pdf,678,5122927516
2022-02,downloads,/MVTB/vision.pdf,569,3594524967
2022-02,downloads,/bluebook/book.pdf,480,1409598478
2022-02,downloads,/RTB/ARA95.pdf,348,26041904
2022-02,downloads,/download/27/rtb/1011/robot-10-3-1.zip,301,5764402802
2022-02,downloads,/download/31/python-tools/1296/python_toolbox_icra_2020-5.pdf,216,111924034
2022-02,downloads,/download/30/rvc2/1182/solutions.pdf,196,181903213
2022-02,downloads,/doc/simple_systematic.pdf,180,32495561
2022-02,downloads,/download/20/articles/1059/urdf-2.pdf,86,66708124
2022-02,downloads,/download/30/rvc2/1208/rvc2-livescripts.zip,82,2089810631
2022-02,downloads,/download/29/books/1256/corke-bluebook.pdf,59,174240730
2022-02,downloads,/download/20/articles/1041/ets_jacobian.pdf,54,13039982
2022-02,downloads,/axes.pdf,53,1658859
2022-02,downloads,/download/20/articles/1057/prcurves.pdf,50,8821050
2022-02,downloads,/download/28/mvtb/1181/contrib2.zip,40,158864442
2022-02,downloads,/download/20/articles/1064/rtb_4dof.pdf,40,34847985
2022-02,downloads,/download/20/articles/1079/the-bones-of-descartes.pdf,37,13889153
2022-02,downloads,/download/20/articles/1062/rtb_dh.pdf,32,12548576
2022-02,downloads,/download/20/articles/1063/rtb_real_robot.pdf,32,28087424
2022-02,downloads,/RTB/r9/robot.pdf,31,236785750
2022-02,downloads,/MVTB/r3/vision.pdf,26,169131352
2022-02,downloads,/download/20/articles/1060/xml.pdf,25,2624650
2022-02,downloads,/download/32/documents/1317/aim-177.pdf,21,183685156
2022-02,downloads,/files/MVTB/images-RVC2a.zip,21,1103989618
2022-02,downloads,/download/20/articles/1055/solving-trig.pdf,20,2918260
2022-02,downloads,/axes/paper-axes2-grey.pdf,20,631680
2022-02,downloads,/download/30/rvc2/1183/rvc2-eps.zip,20,832960462
2022-02,downloads,/files/MVTB/images-RVC2b.zip,19,4114857966
2022-02,downloads,/download/20/articles/1193/unimate-puma-servo-system-exposed.pdf,14,271607948
2022-02,downloads,/download/30/rvc2/1184/rvc2-svg.zip,14,364803695
2022-02,downloads,/download/20/articles/1054/insertion.pdf,13,1515768
2022-02,downloads,/RVC1/top/errata/pumaaxis.pdf,12,287388
2022-02,downloads,/download/20/articles/1058/urdf.zip,9,105948
2022-02,downloads,/suttor/GeorgeAndSarahSuttorBook-index.pdf,8,1565720
2022-02,downloads,/RVC1/top/toc/toc.pdf,7,467271
2022-02,downloads,/suttor/GeorgeAndSarahSuttorBook-TOC.pdf,6,355587
2022-02,downloads,/RTB/r7/robot.zip,6,5111076
2022-02,downloads,/download/20/articles/1061/xml-2.zip,6,34842
2022-02,downloads,/RTB/r8/robot.zip,6,7543272
2022-02,downloads,/wp-content/uploads/2020/01/book.pdf,5,15500480
2022-02,downloads,/axes/paper-axes2-blue.pdf,5,157960
2022-02,downloads,/spa/data/graph_032.txt.gz,4,337512
2022-02,downloads,/spa/data/graph_036.txt.gz,3,102513
2022-02,downloads,/pdf/book_comic.pdf,3,9580181
2022-02,downloads,/spa/data/graph_025.txt.gz,3,134007
2022-02,downloads,/files/Octave.zip,3,241179
2022-02,downloads,/spa/data/graph_042.txt.gz,3,419715
2022-02,downloads,/spa/data/graph_037.txt.gz,3,319776
2022-02,downloads,/axes/paper-axes2-red.pdf,2,63140
2022-02,downloads,/download/27/rtb/1050/rtb-manual.pdf,2,152
2022-02,downloads,/RTB/r4/robot.zip,2,496058
2022-02,downloads,/wp-content/plugins/image-hover-effects-ultimate/readme.txt,2,176
2022-02,downloads,/wp-content/plugins/emails-verification-for-woocommerce/readme.txt,2,176
2022-02,downloads,/wp-content/plugins/vc-tabs/readme.txt,2,176
2022-02,downloads,/wp-content/plugins/themegrill-demo-importer/readme.txt,2,176
2022-02,downloads,/wp-content/plugins/ait-csv-import-export/changelog.txt,2,176
2022-02,downloads,/wp-content/plugins/advanced-import/readme.txt,2,176
2022-02,downloads,/wp-content/plugins/angwp/__%20UPDATES.txt,2,176
2022-02,downloads,/spa/data/graph_033.txt.gz,2,169542
2022-02,downloads,/spa/data/graph_061.txt.gz,2,767206
2022-02,downloads,/wp-content/plugins/shortcode-addons/readme.txt,2,176
2022-02,downloads,/axes/paper-axes2-green.pdf,2,63140
2022-02,downloads,/wp-content/plugins/iwp-client/readme.txt,2,176
2022-02,downloads,/spa/data/graph_029.txt.gz,2,125904
2022-02,downloads,/wp-content/plugins/wp-user-avatar/changelog.txt,2,214
2022-02,downloads,/wp-content/plugins/capability-manager-enhanced/readme.txt,2,176
2022-02,downloads,/spa/data/graph_015.txt.gz,2,55504
2022-02,downloads,/spa/data/graph_057.txt.gz,2,612394
2022-02,downloads,/spa/data/graph_030.txt.gz,2,172258
2022-02,downloads,/spa/data/graph_060.txt.gz,2,745576
2022-02,downloads,/wp-content/plugins/ulisting/readme.txt,2,176
2022-02,downloads,/wp-content/plugins/wp-file-manager/readme.txt,2,176
2022-02,downloads,/spa/data/graph_026.txt.gz,2,115812
2022-02,downloads,/spa/data/graph_002.txt.gz,2,7770
2022-02,downloads,/spa/data/graph_004.txt.gz,2,11680
2022-02,downloads,/spa/data/graph_016.txt.gz,2,52038
2022-02,downloads,/RTB/r6/robot.zip,2,195140
2022-02,downloads,/wp-content/plugins/masterstudy-lms-learning-management-system/readme.txt,2,176
2022-02,downloads,/wp-content/plugins/capabilities-pro/readme.txt,2,176
2022-02,downloads,/spa/data/graph_010.txt.gz,2,35330
2022-02,downloads,/spa/data/graph_012.txt.gz,2,38372
2022-02,downloads,/spa/data/graph_052.txt.gz,2,515582
2022-02,downloads,/spa/data/graph_059.txt.gz,2,741782
2022-02,downloads,/spa/data/graph_017.txt.gz,2,51128
2022-02,downloads,/wp-content/plugins/wp-time-capsule/readme.txt,2,176
2022-02,downloads,/spa/data/graph_038.txt.gz,2,238828
2022-02,downloads,/wp-content/plugins/woocommerce-jetpack/readme.txt,2,176
2022-02,downloads,/spa/data/graph_008.txt.gz,2,29466
2022-02,downloads,/wp-content/plugins/mstore-api/readme.txt,2,176
2022-02,downloads,/spa/data/graph_009.txt.gz,1,16418
2022-02,downloads,/spa/data/graph_023.txt.gz,1,41273
2022-02,downloads,/download/19/toolbox/1112/images-for-rvc2.zip,1,75
2022-02,downloads,/spa/data/graph_003.txt.gz,1,5431
2022-02,downloads,/forum.rarjoomla.zipjoomla.rar,1,107
2022-02,downloads,/spa/data/graph_018.txt.gz,1,26913
2022-02,downloads,/wp-config-backup.txt,1,107
2022-02,downloads,/spa/data/graph_011.txt.gz,1,19186
2022-02,downloads,/spa/data/graph_031.txt.gz,1,84108
2022-02,downloads,/spa/data/graph_041.txt.gz,1,142366
2022-02,downloads,/spa/data/graph_050.txt.gz,1,252014
2022-02,downloads,/spa/data/graph_054.txt.gz,1,261519
2022-02,downloads,/spa/data/graph_022.txt.gz,1,38643
2022-02,downloads,/spa/data/graph_055.txt.gz,1,262060
2022-02,downloads,/spa/data/graph_044.txt.gz,1,160773
2022-02,downloads,/SMTB/spatialmath.pdf,1,3003132
2022-02,downloads,/files/images/LeftBag.mpg,1,17201025
2022-02,downloads,/spa/data/graph_047.txt.gz,1,184994
2022-02,downloads,/spa/data/graph_021.txt.gz,1,35787
2022-02,downloads,/spa/data/graph_043.txt.gz,1,156818
2022-02,downloads,/vb.zipvb.rar,1,107
2022-02,downloads,/spa/data/graph_024.txt.gz,1,43100
2022-02,downloads,/files/images/traffic_sequence.mpg,1,7949716
2022-02,downloads,/spa/data/graph_045.txt.gz,1,166296
2022-02,downloads,/spa/data/graph_040.txt.gz,1,140959
2022-02,downloads,/download/19/toolbox/1011/robot-10-3-1.zip,1,75
2022-02,downloads,/spa/data/graph_034.txt.gz,1,87208
2022-02,downloads,/user.txt,1,107
2022-02,downloads,/spa/data/graph_053.txt.gz,1,269412
2022-02,downloads,/wp.zip,1,107
2022-02,downloads,/spa/data/graph_058.txt.gz,1,394809
2022-02,downloads,/spa/data/graph_006.txt.gz,1,14654
2022-02,downloads,/ftp.txt,1,107
2022-02,downloads,/spa/data/graph_013.txt.gz,1,19186
2022-02,downloads,/spa/data/graph_005.txt.gz,1,14216
2022-02,downloads,/download/19/toolbox/1113/images-for-rvc2-extra-image-sequences-for-ch-14.zip,1,75
2022-02,downloads,/site.rar,1,107
2022-02,downloads,/test.txt,1,107
2022-02,downloads,/RTB/r10/robot.pdf,1,107
2022-02,downloads,/doc/descartes.pdf,1,107
2022-02,downloads,/spa/data/graph_020.txt.gz,1,37038
2022-02,downloads,/forum.zip,1,107
2022-02,downloads,/spa/data/graph_007.txt.gz,1,14684
2022-02,downloads,/spa/data/graph_046.txt.gz,1,171998
2022-02,downloads,/spa/data/graph_048.txt.gz,1,191586
2022-02,downloads,/spa/data/graph_056.txt.gz,1,267538
2022-02,downloads,/spa/data/graph_039.txt.gz,1,135204
2022-02,downloads,/spa/data/graph_014.txt.gz,1,19642
2022-02,downloads,/spa/data/graph_035.txt.gz,1,102511
2022-02,downloads,/spa/data/graph_001.txt.gz,1,1778
2022-02,downloads,/spa/data/graph_028.txt.gz,1,61901
2022-02,downloads,/spa/data/graph_019.txt.gz,1,26827
2022-02,downloads,/spa/data/graph_051.txt.gz,1,260734
2022-02,downloads,/spa/data/graph_027.txt.gz,1,62226
2022-02,downloads,/spa/data/graph_049.txt.gz,1,272554
2022-02,urls,/download/28/mvtb/1109/mvtb-4-3.mltbx,160,10797532182
2022-02,urls,/download/27/rtb/1045/rtb10-4-mltbx.mltbx,5,387
2022-02,urls,/download/20/articles/1056/sincos.mlx,3,14427
2023-02,downloads,/RTB/robot.pdf,712,5345252470
2023-02,downloads,/MVTB/vision.pdf,548,3686837730
2023-02,downloads,/bluebook/book.pdf,304,998433290
2023-02,downloads,/download/27/rtb/1050/rtb-manual.pdf,221,29625
2023-02,downloads,/download/27/rtb/1011/robot-10-3-1.zip,209,4272862968
2023-02,downloads,/download/31/python-tools/1349/python_toolbox_icra_2021.pdf,192,109095784
2023-02,downloads,/RTB/ARA95.pdf,183,14466069
2023-02,downloads,/download/30/rvc2/1182/solutions.pdf,155,142825613
2023-02,downloads,/doc/simple_systematic.pdf,133,24489732
2023-02,downloads,/download/20/articles/1059/urdf-2.pdf,118,89302228
2023-02,downloads,/download/20/articles/1062/rtb_dh.pdf,101,38707326
2023-02,downloads,/download/30/rvc2/1208/rvc2-livescripts.zip,101,2565494970
2023-02,downloads,/download/29/books/1256/corke-bluebook.pdf,82,242958709
2023-02,downloads,/download/20/articles/1063/rtb_real_robot.pdf,72,61800904
2023-02,downloads,/download/20/articles/1041/ets_jacobian.pdf,65,15899254
2023-02,downloads,/download/32/documents/1317/aim-177.pdf,64,383667890
2023-02,downloads,/download/27/rtb/1351/robot-9-10.zip,54,1003999037
2023-02,downloads,/download/28/mvtb/1181/contrib2.zip,49,230295716
2023-02,downloads,/download/20/articles/1060/xml.pdf,46,4829356
2023-02,downloads,/RTB/r9/robot.pdf,43,365823867
2023-02,downloads,/download/20/articles/1079/the-bones-of-descartes.pdf,33,12054371
2023-02,downloads,/download/31/python-tools/1296/python_toolbox_icra_2020-5.pdf,31,888
2023-02,downloads,/download/20/articles/1064/rtb_4dof.pdf,31,28707023
2023-02,downloads,/download/20/articles/1057/prcurves.pdf,31,5390422
2023-02,downloads,/files/MVTB/images-RVC2a.zip,29,2178548193
2023-02,downloads,/files/MVTB/images-RVC2b.zip,26,5847185853
2023-02,downloads,/axes.pdf,26,790625
2023-02,downloads,/download/30/rvc2/1183/rvc2-eps.zip,24,1127150985
2023-02,downloads,/download/20/articles/1054/insertion.pdf,17,2147338
2023-02,downloads,/download/30/rvc2/1184/rvc2-svg.zip,17,427210711
2023-02,downloads,/download/20/articles/1055/solving-trig.pdf,15,2188695
2023-02,downloads,/download/28/mvtb/1087/vision-4-3.zip,15,815072402
2023-02,downloads,/download/20/articles/1193/unimate-puma-servo-system-exposed.pdf,14,325105417
2023-02,downloads,/download/20/articles/1058/urdf.zip,12,141264
2023-02,downloads,/suttor/GeorgeAndSarahSuttorBook-index.pdf,9,1761435
2023-02,downloads,/files/MVTB/images1.zip,7,352907326
2023-02,downloads,/axes/paper-axes2-green.pdf,7,220990
2023-02,downloads,/pdf/book_comic.pdf,6,25051691
2023-02,downloads,/wp-includes/ID3/license.txt,6,816
2023-02,downloads,/axes/paper-axes2-blue.pdf,6,189552
2023-02,downloads,/RVC1/top/toc/toc.pdf,6,400518
2023-02,downloads,//wp-includes/ID3/license.txt,6,7328
2023-02,downloads,/wp-content/uploads/2020/01/book.pdf,5,15566016
2023-02,downloads,/MVTB/r3/vision.pdf,5,35780845
2023-02,downloads,/axes/paper-axes2-grey.pdf,5,157920
2023-02,downloads,/RVC1/top/errata/pumaaxis.pdf,5,119745
2023-02,downloads,/suttor/GeorgeAndSarahSuttorBook-TOC.pdf,4,284384
2023-02,downloads,/download/20/articles/1061/xml-2.zip,4,23228
2023-02,downloads,/axes/paper-axes2-red.pdf,3,94710
2023-02,downloads,/spa/data/graph_030.txt.gz,2,172258
2023-02,downloads,/spa/data/graph_041.txt.gz,2,284732
2023-02,downloads,/spa/data/graph_044.txt.gz,2,321546
2023-02,downloads,/files/images/LeftBag.mpg,2,34402050
2023-02,downloads,/spa/data/graph_014.txt.gz,2,39284
2023-02,downloads,/spa/data/graph_032.txt.gz,2,168756
2023-02,downloads,/spa/data/graph_051.txt.gz,2,521468
2023-02,downloads,/spa/data/graph_023.txt.gz,1,41273
2023-02,downloads,/spa/data/graph_013.txt.gz,1,19186
2023-02,downloads,/spa/data/graph_003.txt.gz,1,5431
2023-02,downloads,/spa/data/graph_037.txt.gz,1,106592
2023-02,downloads,/spa/data/graph_026.txt.gz,1,57906
2023-02,downloads,/RTB/r4/robot.zip,1,248029
2023-02,downloads,/spa/data/graph_011.txt.gz,1,19186
2023-02,downloads,/RTB/r6/robot.zip,1,97570
2023-02,downloads,/spa/data/graph_031.txt.gz,1,84108
2023-02,downloads,/spa/data/graph_022.txt.gz,1,38643
2023-02,downloads,/spa/data/graph_017.txt.gz,1,25564
2023-02,downloads,/spa/data/graph_056.txt.gz,1,267538
2023-02,downloads,/RTB/r8/robot.zip,1,1257212
2023-02,downloads,/spa/data/graph_021.txt.gz,1,35787
2023-02,downloads,/spa/data/graph_043.txt.gz,1,156818
2023-02,downloads,/spa/data/graph_045.txt.gz,1,166296
2023-02,downloads,/spa/data/graph_034.txt.gz,1,87208
2023-02,downloads,/RTB/r7/robot.zip,1,851846
2023-02,downloads,/spa/data/graph_049.txt.gz,1,272554
2023-02,downloads,/spa/data/graph_058.txt.gz,1,394809
2023-02,urls,/download/28/mvtb/1109/mvtb-4-3.mltbx,209,13352908516
2023-02,urls,/download/20/articles/1056/sincos.mlx,8,38472
2024-02,downloads,/MVTB/vision.pdf,510,3133727073
2024-02,downloads,/RTB/robot.pdf,426,3057496264
2024-02,downloads,/bluebook/book.pdf,300,913626729
2024-02,downloads,/RTB/ARA95.pdf,219,17617694
2024-02,downloads,/download/30/rvc2/1182/solutions.pdf,203,194087360
2024-02,downloads,/doc/simple_systematic.pdf,152,32290002
2024-02,downloads,/download/27/rtb/1011/robot-10-3-1.zip,144,3020389386
2024-02,downloads,/download/20/articles/1062/rtb_dh.pdf,130,49204261
2024-02,downloads,/download/31/python-tools/1349/python_toolbox_icra_2021.pdf,112,65016920
2024-02,downloads,/download/30/rvc2/1208/rvc2-livescripts.zip,92,2351380784
2024-02,downloads,/download/29/books/1256/corke-bluebook.pdf,77,234242568
2024-02,downloads,/RTB/r9/robot.pdf,74,545433498
2024-02,downloads,/download/20/articles/1059/urdf-2.pdf,67,49648684
2024-02,downloads,/download/20/articles/1063/rtb_real_robot.pdf,59,49717573
2024-02,downloads,/download/28/mvtb/1181/contrib2.zip,45,212155963
2024-02,downloads,/download/20/articles/1041/ets_jacobian.pdf,41,9541389
2024-02,downloads,/MVTB/r3/vision.pdf,40,248388772
2024-02,downloads,/download/20/articles/1057/prcurves.pdf,40,6912681
2024-02,downloads,/download/27/rtb/1351/robot-9-10.zip,40,800303502
2024-02,downloads,/download/20/articles/1079/the-bones-of-descartes.pdf,39,14144791
2024-02,downloads,/download/32/documents/1317/aim-177.pdf,34,262985517
2024-02,downloads,/download/30/rvc2/1183/rvc2-eps.zip,30,1039180092
2024-02,downloads,/download/20/articles/1064/rtb_4dof.pdf,29,23787482
2024-02,downloads,/wp-content/uploads/2020/01/book.pdf,25,77502400
2024-02,downloads,/download/20/articles/1055/solving-trig.pdf,23,3355999
2024-02,downloads,/files/MVTB/images-RVC2a.zip,23,1697606241
2024-02,downloads,/axes.pdf,22,632705
2024-02,downloads,/download/20/articles/1060/xml.pdf,22,2309692
2024-02,downloads,/download/20/articles/1058/urdf.zip,20,235440
2024-02,downloads,/download/31/python-tools/1296/python_toolbox_icra_2020-5.pdf,18,597
2024-02,downloads,/files/MVTB/images-RVC2b.zip,17,4083675472
2024-02,downloads,/download/20/articles/1193/unimate-puma-servo-system-exposed.pdf,17,313700456
2024-02,downloads,/download/30/rvc2/1184/rvc2-svg.zip,16,487051426
2024-02,downloads,/download/20/articles/1054/insertion.pdf,15,1849808
2024-02,downloads,/axes/paper-axes2-grey.pdf,12,410592
2024-02,downloads,/files/MVTB/images1.zip,11,645524935
2024-02,downloads,/axes/paper-axes2-blue.pdf,11,347512
2024-02,downloads,/files/images/bridge-l.zip,10,1219676370
2024-02,downloads,/suttor/GeorgeAndSarahSuttorBook-index.pdf,10,1924887
2024-02,downloads,/suttor/GeorgeAndSarahSuttorBook-TOC.pdf,10,710960
2024-02,downloads,/download/28/mvtb/1087/vision-4-3.zip,9,610641918
2024-02,downloads,/RVC1/top/toc/toc.pdf,8,534024
2024-02,downloads,/axes/paper-axes2-green.pdf,8,252560
2024-02,downloads,/axes/paper-axes2-red.pdf,8,252560
2024-02,downloads,/files/images/bridge-r.zip,4,487049352
2024-02,downloads,/spa/data/graph_001.txt.gz,4,7112
2024-02,downloads,/spa/data/graph_039.txt.gz,4,495724
2024-02,downloads,/download/20/articles/1061/xml-2.zip,4,23228
2024-02,downloads,/spa/data/graph_008.txt.gz,4,58932
2024-02,downloads,/spa/data/graph_009.txt.gz,3,49254
2024-02,downloads,/RVC1/top/errata/pumaaxis.pdf,3,71847
2024-02,downloads,/spa/data/graph_024.txt.gz,2,86200
2024-02,downloads,/pdf/QUTSchoolCaptainsDinner2017.pdf,2,112197632
2024-02,downloads,/spa/data/graph_053.txt.gz,2,408676
2024-02,downloads,/spa/data/graph_047.txt.gz,2,275106
2024-02,downloads,/spa/data/graph_005.txt.gz,2,28432
2024-02,downloads,/spa/data/graph_016.txt.gz,2,52038
2024-02,downloads,/spa/data/graph_037.txt.gz,2,213184
2024-02,downloads,/spa/data/graph_019.txt.gz,2,53654
2024-02,downloads,/spa/data/graph_018.txt.gz,2,53826
2024-02,downloads,/spa/data/graph_040.txt.gz,2,231071
2024-02,downloads,/spa/data/graph_038.txt.gz,2,209526
2024-02,downloads,/spa/data/graph_044.txt.gz,1,90112
2024-02,downloads,/pdf/book_comic.pdf,1,4790037
2024-02,downloads,/spa/data/graph_058.txt.gz,1,155648
2024-02,downloads,/spa/data/graph_026.txt.gz,1,57906
2024-02,downloads,/spa/data/graph_027.txt.gz,1,62226
2024-02,downloads,/spa/data/graph_004.txt.gz,1,5840
2024-02,downloads,/pdf/paper-axes.pdf,1,30895
2024-02,downloads,/spa/data/graph_054.txt.gz,1,155648
2024-02,downloads,/RTB/r8/robot.zip,1,1257212
2024-02,downloads,/spa/data/graph_010.txt.gz,1,17665
2024-02,downloads,/spa/data/graph_052.txt.gz,1,90112
2024-02,downloads,/spa/data/graph_060.txt.gz,1,90112
2024-02,downloads,/spa/data/graph_045.txt.gz,1,90112
2024-02,downloads,/spa/data/graph_030.txt.gz,1,86129
2024-02,downloads,/spa/data/graph_013.txt.gz,1,19186
2024-02,downloads,/spa/data/graph_043.txt.gz,1,90112
2024-02,downloads,/spa/data/graph_017.txt.gz,1,25564
2024-02,downloads,/spa/data/graph_032.txt.gz,1,84378
2024-02,downloads,/spa/data/graph_025.txt.gz,1,44669
2024-02,downloads,/spa/data/graph_014.txt.gz,1,19642
2024-02,downloads,/spa/data/graph_036.txt.gz,1,90112
2024-02,downloads,/spa/data/graph_015.txt.gz,1,27752
2024-02,downloads,/spa/data/graph_056.txt.gz,1,139264
2024-02,downloads,/spa/data/graph_029.txt.gz,1,62952
2024-02,downloads,/spa/data/graph_031.txt.gz,1,84108
2024-02,downloads,/RTB/r6/robot.zip,1,97570
2024-02,downloads,/spa/data/graph_035.txt.gz,1,90112
2024-02,downloads,/spa/data/graph_007.txt.gz,1,14684
2024-02,downloads,/spa/data/graph_051.txt.gz,1,90112
2024-02,downloads,/spa/data/graph_028.txt.gz,1,61901
2024-02,downloads,/spa/data/graph_002.txt.gz,1,3885
2024-02,downloads,/spa/data/graph_041.txt.gz,1,142366
2024-02,downloads,/spa/data/graph_023.txt.gz,1,41273
2024-02,downloads,/files/images/mosaicml.zip,1,6096927
2024-02,downloads,/spa/data/graph_061.txt.gz,1,90112
2024-02,downloads,/RTB/r7/robot.zip,1,851846
2024-02,downloads,/spa/data/graph_059.txt.gz,1,139264
2024-02,downloads,/spa/data/graph_057.txt.gz,1,155648
2024-02,downloads,/spa/data/graph_055.txt.gz,1,90112
2024-02,downloads,/spa/data/graph_003.txt.gz,1,5431
2024-02,downloads,/spa/data/graph_006.txt.gz,1,14654
2024-02,downloads,/RTB/r4/robot.zip,1,248029
2024-02,downloads,/spa/data/graph_022.txt.gz,1,38643
2024-02,downloads,/spa/data/graph_011.txt.gz,1,19186
2024-02,downloads,/spa/data/graph_050.txt.gz,1,90112
2024-02,downloads,/spa/data/graph_020.txt.gz,1,37038
2024-02,downloads,/spa/data/graph_049.txt.gz,1,90112
2024-02,downloads,/spa/data/graph_046.txt.gz,1,90112
2024-02,downloads,/spa/data/graph_048.txt.gz,1,191586
2024-02,downloads,/spa/data/graph_033.txt.gz,1,84771
2024-02,downloads,/spa/data/graph_042.txt.gz,1,106496
2024-02,downloads,/spa/data/graph_034.txt.gz,1,87208
2024-02,downloads,/spa/data/graph_021.txt.gz,1,35787
2024-02,downloads,/spa/data/graph_012.txt.gz,1,19186
2024-02,urls,/download/20/articles/1056/sincos.mlx,6,28854
2024-02,urls,/download/28/mvtb/1109/mvtb-4-3.mltbx,137,8971063054
2025-02,downloads,/files/salesrank/salesrank.csv,16972,666334344
2025-02,downloads,/MVTB/vision.pdf,535,3438024179
2025-02,downloads,/bluebook/book.pdf,314,1099091989
2025-02,downloads,/RTB/robot.pdf,229,1566562816
2025-02,downloads,/download/20/articles/1062/rtb_dh.pdf,196,73884870
2025-02,downloads,/doc/simple_systematic.pdf,178,31146234
2025-02,downloads,/download/31/python-tools/1349/python_toolbox_icra_2021.pdf,172,98328127
2025-02,downloads,/RTB/ARA95.pdf,157,11796643
2025-02,downloads,/download/30/rvc2/1182/solutions.pdf,156,151287823
2025-02,downloads,/download/20/articles/1063/rtb_real_robot.pdf,106,84471869
2025-02,downloads,/download/27/rtb/1011/robot-10-3-1.zip,83,1619241911
2025-02,downloads,/download/20/articles/1057/prcurves.pdf,82,14113680
2025-02,downloads,/download/20/articles/1059/urdf-2.pdf,65,47197857
2025-02,downloads,/download/20/articles/1041/ets_jacobian.pdf,64,14738392
2025-02,downloads,/download/20/articles/1055/solving-trig.pdf,59,8317041
2025-02,downloads,/download/29/books/1256/corke-bluebook.pdf,53,149644554
2025-02,downloads,/download/20/articles/1064/rtb_4dof.pdf,49,43523551
2025-02,downloads,/download/20/articles/1058/urdf.zip,38,412020
2025-02,downloads,/download/20/articles/1079/the-bones-of-descartes.pdf,32,10691504
2025-02,downloads,/axes/paper-axes2-grey.pdf,26,823234
2025-02,downloads,/axes.pdf,24,743841
2025-02,downloads,/RTB/r9/robot.pdf,24,160502579
2025-02,downloads,/download/30/rvc2/1208/rvc2-livescripts.zip,23,466936983
2025-02,downloads,/download/20/articles/1060/xml.pdf,21,1994734
2025-02,downloads,/download/20/articles/1054/insertion.pdf,21,2526280
2025-02,downloads,/download/27/rtb/1351/robot-9-10.zip,20,401836521
2025-02,downloads,/download/28/mvtb/1181/contrib2.zip,18,79444896
2025-02,downloads,/axes/paper-axes2-red.pdf,17,506145
2025-02,downloads,/download/31/python-tools/1296/python_toolbox_icra_2020-5.pdf,16,443
2025-02,downloads,/files/MVTB/images-RVC2a.zip,15,951841575
2025-02,downloads,/RVC1/top/toc/toc.pdf,14,1085950
2025-02,downloads,/download/32/documents/1317/aim-177.pdf,13,113602502
2025-02,downloads,/files/MVTB/images-RVC2b.zip,10,1785965459
2025-02,downloads,/download/30/rvc2/1183/rvc2-eps.zip,10,384617955
2025-02,downloads,/MVTB/r3/vision.pdf,10,60085174
2025-02,downloads,/axes/paper-axes2-green.pdf,10,284130
2025-02,downloads,/download/30/rvc2/1184/rvc2-svg.zip,9,205905500
2025-02,downloads,/axes/paper-axes2-blue.pdf,7,189552
2025-02,downloads,/RTB/r6/robot.zip,7,390280
2025-02,downloads,/suttor/GeorgeAndSarahSuttorBook-index.pdf,7,1174290
2025-02,downloads,/download/20/articles/1193/unimate-puma-servo-system-exposed.pdf,6,145709654
2025-02,downloads,/wp-content/uploads/2020/01/book.pdf,6,15696698
2025-02,downloads,/RTB/r8/robot.zip,5,2514424
2025-02,downloads,/suttor/GeorgeAndSarahSuttorBook-TOC.pdf,5,284384
2025-02,downloads,/pdf/book_comic.pdf,5,23950185
2025-02,downloads,/RTB/r4/robot.zip,5,496058
2025-02,downloads,/RTB/r7/robot.zip,4,851846
2025-02,downloads,/RTB/current/robot-9.9.zip,3,0
2025-02,downloads,/RTB/current/robot-9.7.zip,3,0
2025-02,downloads,/RTB/current/robot-9.4.zip,3,0
2025-02,downloads,/RVC1/top/errata/pumaaxis.pdf,3,71847
2025-02,downloads,/spa/data/graph_041.txt.gz,3,427098
2025-02,downloads,/spa/data/graph_046.txt.gz,3,434108
2025-02,downloads,/download/28/mvtb/1087/vision-4-3.zip,3,203547306
2025-02,downloads,/RTB/current/robot-9.6.zip,3,0
2025-02,downloads,/RTB/current/robot-9.3.zip,3,0
2025-02,downloads,/RTB/current/robot-9.10.zip,3,0
2025-02,downloads,/spa/data/graph_029.txt.gz,3,188856
2025-02,downloads,/spa/data/graph_017.txt.gz,3,76692
2025-02,downloads,/spa/data/graph_047.txt.gz,3,492868
2025-02,downloads,/RTB/current/robot-9.8.zip,3,0
2025-02,downloads,/spa/data/graph_042.txt.gz,2,279810
2025-02,downloads,https://www.petercorke.com/MVTB/vision.pdf,2,6684886
2025-02,downloads,/files/MVTB/images1.zip,2,117368170
2025-02,downloads,/spa/data/graph_057.txt.gz,2,612394
2025-02,downloads,/files/images/mosaicml.zip,1,6096927
2025-02,downloads,http://www.petercorke.com/RTB/robot.pdf,1,92538
2025-02,downloads,/download/20/articles/1061/xml-2.zip,1,5807
2025-02,downloads,/spa/data/graph_020.txt.gz,1,37038
2025-02,downloads,/spa/data/graph_045.txt.gz,1,90112
2025-02,downloads,https://petercorke.com/download/20/articles/1079/the-bones-of-descartes.pdf,1,385697
2025-02,downloads,/spa/data/graph_036.txt.gz,1,90112
2025-02,downloads,/spa/data/graph_034.txt.gz,1,87208
2025-02,downloads,/spa/data/graph_049.txt.gz,1,122880
2025-02,downloads,/spa/data/graph_013.txt.gz,1,19186
2025-02,downloads,/spa/data/graph_002.txt.gz,1,3885
2025-02,downloads,/spa/data/graph_048.txt.gz,1,90112
2025-02,downloads,/spa/data/graph_055.txt.gz,1,262060
2025-02,downloads,/spa/data/graph_009.txt.gz,1,16418
2025-02,downloads,/spa/data/graph_060.txt.gz,1,155648
2025-02,downloads,/spa/data/graph_035.txt.gz,1,90112
2025-02,downloads,/spa/data/graph_021.txt.gz,1,35787
2025-02,downloads,/download/30/rvc3/1182/solutions.pdf,1,941105
2025-02,downloads,/spa/data/graph_027.txt.gz,1,62226
2025-02,downloads,/spa/data/graph_030.txt.gz,1,86129
2025-02,downloads,/spa/data/graph_010.txt.gz,1,17665
2025-02,downloads,/spa/data/graph_050.txt.gz,1,90112
2025-02,downloads,/spa/data/graph_011.txt.gz,1,19186
2025-02,downloads,/spa/data/graph_039.txt.gz,1,90112
2025-02,downloads,/spa/data/graph_012.txt.gz,1,19186
2025-02,downloads,/spa/data/graph_022.txt.gz,1,38643
2025-02,downloads,/spa/data/graph_016.txt.gz,1,26019
2025-02,downloads,/spa/data/graph_004.txt.gz,1,5840
2025-02,downloads,/spa/data/graph_015.txt.gz,1,27752
2025-02,downloads,https://petercorke.com/download/20/articles/1057/prcurves.pdf,1,176421
2025-02,downloads,/spa/data/graph_044.txt.gz,1,160773
2025-02,downloads,/spa/data/graph_006.txt.gz,1,14654
2025-02,downloads,/spa/data/graph_028.txt.gz,1,61901
2025-02,downloads,/spa/data/graph_019.txt.gz,1,26827
2025-02,downloads,/spa/data/graph_040.txt.gz,1,90112
2025-02,downloads,/spa/data/graph_037.txt.gz,1,90112
2025-02,downloads,/spa/data/graph_025.txt.gz,1,44669
2025-02,downloads,/spa/data/graph_038.txt.gz,1,106496
2025-02,downloads,/spa/data/graph_043.txt.gz,1,90112
2025-02,downloads,/spa/data/graph_024.txt.gz,1,43100
2025-02,downloads,http://www.petercorke.com/MVTB/r3/vision.pdf,1,6505052
2025-02,downloads,/spa/data/graph_008.txt.gz,1,14733
2025-02,downloads,/spa/data/graph_032.txt.gz,1,84378
2025-02,downloads,/spa/data/graph_005.txt.gz,1,14216
2025-02,downloads,/spa/data/graph_001.txt.gz,1,1778
2025-02,downloads,/spa/data/graph_033.txt.gz,1,84771
2025-02,downloads,/spa/data/graph_003.txt.gz,1,5431
2025-02,downloads,/spa/data/graph_026.txt.gz,1,57906
2025-02,urls,/download/28/mvtb/1109/mvtb-4-3.mltbx,112,6445549235
2025-02,urls,/download/20/articles/1056/sincos.mlx,5,24045
2026-02,downloads,/files/salesrank/salesrank.csv,8688,420386256
2026-02,downloads,/bluebook/book.pdf,1599,4887497166
2026-02,downloads,/RTB/robot.pdf,1561,11528410240
2026-02,downloads,/doc/simple_systematic.pdf,1007,176118428
2026-02,downloads,/download/20/articles/1062/rtb_dh.pdf,1006,363467353
2026-02,downloads,/RTB/ARA95.pdf,839,63019847
2026-02,downloads,/download/31/python-tools/1349/python_toolbox_icra_2021.pdf,779,446166731
2026-02,downloads,/MVTB/vision.pdf,713,4599291123
2026-02,downloads,/download/30/rvc2/1182/solutions.pdf,559,505965325
2026-02,downloads,/download/20/articles/1063/rtb_real_robot.pdf,416,359762033
2026-02,downloads,/download/31/python-tools/1296/python_toolbox_icra_2020-5.pdf,388,10580
2026-02,downloads,/download/20/articles/1041/ets_jacobian.pdf,263,62941760
2026-02,downloads,/download/20/articles/1059/urdf-2.pdf,223,174803430
2026-02,downloads,/download/20/articles/1057/prcurves.pdf,164,28373174
2026-02,downloads,/download/20/articles/1064/rtb_4dof.pdf,160,146596636
2026-02,downloads,/download/20/articles/1193/unimate-puma-servo-system-exposed.pdf,100,1341728887
2026-02,downloads,/RVC1/top/toc/toc.pdf,64,4337728
2026-02,downloads,/download/32/documents/1317/aim-177.pdf,61,429458826
2026-02,downloads,/download/20/articles/1079/the-bones-of-descartes.pdf,54,18765874
2026-02,downloads,/download/20/articles/1060/xml.pdf,48,4943258
2026-02,downloads,/download/29/books/1256/corke-bluebook.pdf,47,128399537
2026-02,downloads,/RTB/r9/robot.pdf,40,258612306
2026-02,downloads,/axes.pdf,39,1232804
2026-02,downloads,/download/20/articles/1055/solving-trig.pdf,35,5106955
2026-02,downloads,/suttor/GeorgeAndSarahSuttorBook-index.pdf,29,5627096
2026-02,downloads,/download/28/mvtb/1181/contrib2.zip,26,113061448
2026-02,downloads,/download/27/rtb/1351/robot-9-10.zip,24,411929408
2026-02,downloads,/download/27/rtb/1011/robot-10-3-1.zip,24,507167858
2026-02,downloads,/files/MVTB/images-RVC2a.zip,22,1145725023
2026-02,downloads,/files/MVTB/images-RVC2b.zip,21,4102760246
2026-02,downloads,/download/20/articles/1054/insertion.pdf,21,2575432
2026-02,downloads,/download/28/mvtb/1087/vision-4-3.zip,16,768066407
2026-02,downloads,/RVC1/top/errata/pumaaxis.pdf,15,359236
2026-02,downloads,/download/30/rvc2/1183/rvc2-eps.zip,13,358884875
2026-02,downloads,/SMTB/spatialmath.pdf,12,33141072
2026-02,downloads,/RTB/current/robot-9.10.zip,11,224621400
2026-02,downloads,/suttor/GeorgeAndSarahSuttorBook-TOC.pdf,11,782056
2026-02,downloads,/wp-content/uploads/2020/01/book.pdf,10,31000960
2026-02,downloads,/download/20/articles/1058/urdf.zip,10,117720
2026-02,downloads,/download/30/rvc2/1184/rvc2-svg.zip,10,146171903
2026-02,downloads,/files/MVTB/images1.zip,10,437011179
2026-02,downloads,/download/30/rvc2/1208/rvc2-livescripts.zip,10,237131728
2026-02,downloads,/axes/paper-axes2-grey.pdf,8,361819
2026-02,downloads,/MVTB/r3/vision.pdf,7,33253830
2026-02,downloads,/axes/paper-axes2-red.pdf,7,251852
2026-02,downloads,/axes/paper-axes2-blue.pdf,7,221144
2026-02,downloads,/spa/data/graph_021.txt.gz,5,178935
2026-02,downloads,/spa/data/graph_028.txt.gz,5,309505
2026-02,downloads,/axes/paper-axes2-green.pdf,5,157850
2026-02,downloads,/spa/data/graph_053.txt.gz,4,1077648
2026-02,downloads,/pdf/book_comic.pdf,4,6938898
2026-02,downloads,/spa/data/graph_039.txt.gz,4,540816
2026-02,downloads,/spa/data/graph_058.txt.gz,4,1050973
2026-02,downloads,/spa/data/graph_007.txt.gz,3,44052
2026-02,downloads,/spa/data/graph_001.txt.gz,3,5334
2026-02,downloads,/spa/data/graph_054.txt.gz,3,702865
2026-02,downloads,/spa/data/graph_008.txt.gz,3,44199
2026-02,downloads,/files/images/mosaicml.zip,3,18290781
2026-02,downloads,/spa/data/graph_009.txt.gz,3,49254
2026-02,downloads,/spa/data/graph_002.txt.gz,3,11655
2026-02,downloads,/spa/data/graph_032.txt.gz,3,253134
2026-02,downloads,/RTB/r8/robot.zip,2,1211518
2026-02,downloads,/spa/data/graph_018.txt.gz,2,53826
2026-02,downloads,/spa/data/graph_059.txt.gz,2,534334
2026-02,downloads,/spa/data/graph_017.txt.gz,2,51128
2026-02,downloads,/spa/data/graph_040.txt.gz,2,281918
2026-02,downloads,/spa/data/graph_031.txt.gz,2,168216
2026-02,downloads,/RTB/r4/robot.zip,2,496058
2026-02,downloads,/spa/data/graph_011.txt.gz,2,38372
2026-02,downloads,/spa/data/graph_012.txt.gz,2,38372
2026-02,downloads,/spa/data/graph_052.txt.gz,2,437618
2026-02,downloads,/spa/data/graph_056.txt.gz,2,430981
2026-02,downloads,/spa/data/graph_060.txt.gz,2,650919
2026-02,downloads,/spa/data/graph_034.txt.gz,2,174416
2026-02,downloads,/spa/data/graph_024.txt.gz,2,86200
2026-02,downloads,/download/20/articles/1061/xml-2.zip,2,11614
2026-02,downloads,/spa/data/graph_005.txt.gz,2,28432
2026-02,downloads,/spa/data/graph_015.txt.gz,2,55504
2026-02,downloads,/spa/data/graph_025.txt.gz,2,89338
2026-02,downloads,/spa/data/graph_038.txt.gz,2,238828
2026-02,downloads,/spa/data/graph_033.txt.gz,2,169542
2026-02,downloads,/spa/data/graph_030.txt.gz,2,172258
2026-02,downloads,/spa/data/graph_049.txt.gz,2,468765
2026-02,downloads,/spa/data/graph_048.txt.gz,2,383172
2026-02,downloads,/cv/corke-resume.mov,2,156914
2026-02,downloads,/spa/data/graph_035.txt.gz,2,205022
2026-02,downloads,/spa/data/graph_061.txt.gz,1,196211
2026-02,downloads,/spa/data/graph_036.txt.gz,1,102299
2026-02,downloads,/spa/data/graph_043.txt.gz,1,114291
2026-02,downloads,/spa/data/graph_051.txt.gz,1,179827
2026-02,downloads,/spa/data/graph_019.txt.gz,1,26827
2026-02,downloads,/spa/data/graph_046.txt.gz,1,171998
2026-02,downloads,/spa/data/graph_023.txt.gz,1,41273
2026-02,downloads,/spa/data/graph_020.txt.gz,1,37038
2026-02,downloads,/spa/data/graph_027.txt.gz,1,32373
2026-02,downloads,/spa/data/graph_037.txt.gz,1,106592
2026-02,downloads,/spa/data/graph_010.txt.gz,1,17665
2026-02,downloads,/spa/data/graph_047.txt.gz,1,184994
2026-02,downloads,/spa/data/graph_050.txt.gz,1,212595
2026-02,downloads,/files/images/bridge-r.zip,1,121762338
2026-02,downloads,/spa/data/graph_006.txt.gz,1,14654
2026-02,downloads,/files/images/bridge-l.zip,1,121967637
2026-02,downloads,/spa/data/graph_057.txt.gz,1,306197
2026-02,downloads,/spa/data/graph_016.txt.gz,1,26019
2026-02,downloads,/spa/data/graph_029.txt.gz,1,62952
2026-02,downloads,/spa/data/graph_044.txt.gz,1,160773
2026-02,downloads,/spa/data/graph_041.txt.gz,1,142366
2026-02,downloads,/spa/data/graph_055.txt.gz,1,212595
2026-02,downloads,/RTB/r7/robot.zip,1,740225
2026-02,downloads,/spa/data/graph_045.txt.gz,1,130675
2026-02,downloads,/spa/data/graph_022.txt.gz,1,38643
2026-02,downloads,/spa/data/graph_013.txt.gz,1,19186
2026-02,downloads,/spa/data/graph_014.txt.gz,1,19642
2026-02,downloads,/spa/data/graph_042.txt.gz,1,139905
2026-02,downloads,/RTB/r6/robot.zip,1,97570
2026-02,downloads,/spa/data/graph_003.txt.gz,1,5431
2026-02,downloads,/spa/data/graph_004.txt.gz,1,5840
2026-02,downloads,/spa/data/graph_026.txt.gz,1,57906
2026-02,urls,/download/20/articles/1056/sincos.mlx,25,120225
2026-02,urls,/download/28/mvtb/1109/mvtb-4-3.mltbx,114,4955016569
2017-03,downloads,/RTB/robot.pdf,1163,10012895168
2017-03,downloads,/doc/rtb_dh.pdf,452,182714812
2017-03,downloads,/bluebook/book.pdf,376,1313718542
2017-03,downloads,/RVC1/top/toc/toc.pdf,258,19095699
2017-03,downloads,/MVTB/vision.pdf,233,1776057742
2017-03,downloads,/RTB/ARA95.pdf,120,9818068
2017-03,downloads,/RTB/r9/robot.pdf,119,1081033355
2017-03,downloads,/doc/robotarm.pdf,78,73131041
2017-03,downloads,/MVTB/r3/vision.pdf,63,425853606
2017-03,downloads,/axes.pdf,56,1226063
2017-03,downloads,/doc/simple_systematic.pdf,54,9757755
2017-03,downloads,/doc/rtb_4dof.pdf,46,43255043
2017-03,downloads,/doc/descartes.pdf,41,32891525
2017-03,downloads,/pdf/book_comic.pdf,24,114960888
2017-03,downloads,/RVC1/top/errata/pumaaxis.pdf,10,262492
2017-03,downloads,/pdf/QUTSchoolCaptainsDinner2017.pdf,2,179089606
2017-03,downloads,/rtbpython.pdf,2,159814
2017-03,downloads,/spa/data/graph_016.txt.gz,1,26019
2017-03,downloads,/spa/data/graph_042.txt.gz,1,139905
2017-03,downloads,/spa/data/graph_037.txt.gz,1,106592
2017-03,downloads,/spa/data/graph_013.txt.gz,1,19186
2017-03,downloads,/spa/data/graph_048.txt.gz,1,191586
2017-03,downloads,/spa/data/graph_039.txt.gz,1,135204
2017-03,downloads,/spa/data/graph_031.txt.gz,1,84108
2017-03,downloads,/spa/data/graph_056.txt.gz,1,267538
2017-03,downloads,/spa/data/graph_005.txt.gz,1,14216
2017-03,downloads,/spa/data/graph_010.txt.gz,1,17665
2017-03,downloads,/spa/data/graph_045.txt.gz,1,166296
2017-03,downloads,/spa/data/graph_012.txt.gz,1,19186
2017-03,downloads,/spa/data/graph_021.txt.gz,1,35787
2017-03,downloads,/spa/data/graph_014.txt.gz,1,19642
2017-03,downloads,/spa/data/graph_030.txt.gz,1,86129
2017-03,downloads,/spa/data/graph_058.txt.gz,1,394809
2017-03,downloads,/spa/data/graph_043.txt.gz,1,156818
2017-03,downloads,/spa/data/graph_008.txt.gz,1,14733
2017-03,downloads,/spa/data/graph_007.txt.gz,1,14684
2017-03,downloads,/spa/data/graph_015.txt.gz,1,27752
2017-03,downloads,/spa/data/graph_009.txt.gz,1,16418
2017-03,downloads,/spa/data/graph_020.txt.gz,1,37038
2017-03,downloads,/spa/data/graph_034.txt.gz,1,87208
2017-03,downloads,/spa/data/graph_001.txt.gz,1,1778
2017-03,downloads,/spa/data/graph_003.txt.gz,1,5431
2017-03,downloads,/spa/data/graph_057.txt.gz,1,306197
2017-03,downloads,/spa/data/graph_041.txt.gz,1,142366
2017-03,downloads,/spa/data/graph_006.txt.gz,1,14654
2017-03,downloads,/spa/data/graph_052.txt.gz,1,257791
2017-03,downloads,/spa/data/graph_024.txt.gz,1,43100
2017-03,downloads,/spa/data/graph_051.txt.gz,1,260734
2017-03,downloads,/spa/data/graph_044.txt.gz,1,160773
2017-03,downloads,/spa/data/graph_059.txt.gz,1,370891
2017-03,downloads,/spa/data/graph_047.txt.gz,1,184994
2017-03,downloads,/spa/data/graph_027.txt.gz,1,62226
2017-03,downloads,/spa/data/graph_025.txt.gz,1,44669
2017-03,downloads,/spa/data/graph_028.txt.gz,1,61901
2017-03,downloads,/spa/data/graph_011.txt.gz,1,19186
2017-03,downloads,/spa/data/graph_018.txt.gz,1,26913
2017-03,downloads,/spa/data/graph_036.txt.gz,1,102299
2017-03,downloads,/spa/data/graph_022.txt.gz,1,38643
2017-03,downloads,/spa/data/graph_049.txt.gz,1,272554
2017-03,downloads,/spa/data/graph_061.txt.gz,1,383603
2017-03,downloads,/spa/data/graph_019.txt.gz,1,26827
2018-03,downloads,/license.txt,1,19935
2021-03,downloads,/download/27/rtb/1011/robot-10-3-1.zip,901,13244729734
2021-03,downloads,/bluebook/book.pdf,635,1636491504
2021-03,downloads,/RTB/robot.pdf,551,4161678657
2021-03,downloads,/RTB/ARA95.pdf,442,33267130
2021-03,downloads,/MVTB/vision.pdf,413,2640450452
2021-03,downloads,/download/31/python-tools/1296/python_toolbox_icra_2020-5.pdf,391,199781348
2021-03,downloads,/download/30/rvc2/1182/solutions.pdf,315,284860425
2021-03,downloads,/doc/simple_systematic.pdf,284,50946612
2021-03,downloads,/download/20/articles/1059/urdf-2.pdf,167,128666270
2021-03,downloads,/download/30/rvc2/1208/rvc2-livescripts.zip,133,2893756093
2021-03,downloads,/download/28/mvtb/1181/contrib2.zip,91,383294265
2021-03,downloads,/files/MVTB/images-RVC2b.zip,85,9193234787
2021-03,downloads,/files/MVTB/images-RVC2a.zip,82,3619781439
2021-03,downloads,/download/29/books/1256/corke-bluebook.pdf,74,187758493
2021-03,downloads,/download/20/articles/1041/ets_jacobian.pdf,59,14363058
2021-03,downloads,/download/20/articles/1057/prcurves.pdf,43,7586103
2021-03,downloads,/axes.pdf,40,1263360
2021-03,downloads,/download/30/rvc2/1183/rvc2-eps.zip,36,1070657157
2021-03,downloads,/download/20/articles/1062/rtb_dh.pdf,31,12156433
2021-03,downloads,/download/20/articles/1064/rtb_4dof.pdf,31,25674902
2021-03,downloads,/download/20/articles/1193/unimate-puma-servo-system-exposed.pdf,30,467567766
2021-03,downloads,/download/20/articles/1060/xml.pdf,28,2939608
2021-03,downloads,/RTB/r9/robot.pdf,28,213871000
2021-03,downloads,/download/20/articles/1063/rtb_real_robot.pdf,22,18863081
2021-03,downloads,/download/30/rvc2/1184/rvc2-svg.zip,21,376723432
2021-03,downloads,/axes/paper-axes2-grey.pdf,21,663264
2021-03,downloads,/axes/paper-axes2-red.pdf,18,568260
2021-03,downloads,/download/20/articles/1055/solving-trig.pdf,18,2432404
2021-03,downloads,/axes/paper-axes2-blue.pdf,17,537064
2021-03,downloads,/axes/paper-axes2-green.pdf,16,505120
2021-03,downloads,/download/32/documents/1317/aim-177.pdf,15,130205328
2021-03,downloads,/RVC1/top/toc/toc.pdf,15,1001295
2021-03,downloads,/download/20/articles/1054/insertion.pdf,14,1768396
2021-03,downloads,/spa/data/graph_019.txt.gz,12,295172
2021-03,downloads,/suttor/GeorgeAndSarahSuttorBook-index.pdf,11,1957257
2021-03,downloads,/pdf/book_comic.pdf,11,52690407
2021-03,downloads,/suttor/GeorgeAndSarahSuttorBook-TOC.pdf,11,782056
2021-03,downloads,/spa/data/graph_052.txt.gz,11,1619347
2021-03,downloads,/download/20/articles/1058/urdf.zip,11,129492
2021-03,downloads,/download/20/articles/1079/the-bones-of-descartes.pdf,11,4242667
2021-03,downloads,/spa/data/graph_025.txt.gz,9,357427
2021-03,downloads,/spa/data/graph_035.txt.gz,9,657628
2021-03,downloads,/spa/data/graph_030.txt.gz,8,581989
2021-03,downloads,/spa/data/graph_048.txt.gz,8,823267
2021-03,downloads,/spa/data/graph_059.txt.gz,8,1555043
2021-03,downloads,/spa/data/graph_027.txt.gz,8,435657
2021-03,downloads,/spa/data/graph_023.txt.gz,7,247713
2021-03,downloads,/spa/data/graph_050.txt.gz,7,1158669
2021-03,downloads,/spa/data/graph_042.txt.gz,7,706510
2021-03,downloads,/MVTB/r3/vision.pdf,7,45535364
2021-03,downloads,/spa/data/graph_039.txt.gz,7,762666
2021-03,downloads,/spa/data/graph_032.txt.gz,7,462925
2021-03,downloads,/spa/data/graph_049.txt.gz,7,961529
2021-03,downloads,/spa/data/graph_058.txt.gz,7,1313703
2021-03,downloads,/spa/data/graph_057.txt.gz,6,1278642
2021-03,downloads,/spa/data/graph_013.txt.gz,6,96005
2021-03,downloads,/spa/data/graph_037.txt.gz,6,500075
2021-03,downloads,/spa/data/graph_026.txt.gz,6,289605
2021-03,downloads,/spa/data/graph_002.txt.gz,6,19500
2021-03,downloads,/spa/data/graph_018.txt.gz,6,134640
2021-03,downloads,/spa/data/graph_016.txt.gz,6,130170
2021-03,downloads,/spa/data/graph_041.txt.gz,6,711905
2021-03,downloads,/spa/data/graph_020.txt.gz,6,185265
2021-03,downloads,/spa/data/graph_054.txt.gz,6,1177376
2021-03,downloads,/spa/data/graph_012.txt.gz,6,96005
2021-03,downloads,/spa/data/graph_007.txt.gz,6,73495
2021-03,downloads,/spa/data/graph_046.txt.gz,6,736890
2021-03,downloads,/spa/data/graph_022.txt.gz,6,193290
2021-03,downloads,/spa/data/graph_055.txt.gz,6,1055806
2021-03,downloads,/spa/data/graph_044.txt.gz,6,766047
2021-03,downloads,/RVC1/top/errata/pumaaxis.pdf,6,143694
2021-03,downloads,/spa/data/graph_001.txt.gz,6,8965
2021-03,downloads,/spa/data/graph_024.txt.gz,6,215575
2021-03,downloads,/spa/data/graph_033.txt.gz,6,380119
2021-03,downloads,/spa/data/graph_045.txt.gz,6,791022
2021-03,downloads,/spa/data/graph_053.txt.gz,6,960833
2021-03,downloads,/spa/data/graph_009.txt.gz,5,65747
2021-03,downloads,/spa/data/graph_006.txt.gz,5,58691
2021-03,downloads,/spa/data/graph_015.txt.gz,5,111083
2021-03,downloads,/spa/data/graph_036.txt.gz,5,397084
2021-03,downloads,/spa/data/graph_060.txt.gz,5,994586
2021-03,downloads,/spa/data/graph_005.txt.gz,5,56939
2021-03,downloads,/spa/data/graph_003.txt.gz,5,21799
2021-03,downloads,/wp-content/uploads/2020/01/book.pdf,5,10914112
2021-03,downloads,/spa/data/graph_004.txt.gz,5,23435
2021-03,downloads,/spa/data/graph_011.txt.gz,5,76819
2021-03,downloads,/spa/data/graph_031.txt.gz,5,336507
2021-03,downloads,/spa/data/graph_010.txt.gz,5,70735
2021-03,downloads,/spa/data/graph_017.txt.gz,5,102331
2021-03,downloads,/spa/data/graph_056.txt.gz,5,840184
2021-03,downloads,/RTB/r8/robot.zip,5,5028955
2021-03,downloads,/spa/data/graph_021.txt.gz,5,143223
2021-03,downloads,/spa/data/graph_014.txt.gz,5,78643
2021-03,downloads,/spa/data/graph_047.txt.gz,5,710705
2021-03,downloads,/spa/data/graph_043.txt.gz,5,627347
2021-03,downloads,/spa/data/graph_028.txt.gz,5,226738
2021-03,downloads,/spa/data/graph_038.txt.gz,5,448429
2021-03,downloads,/spa/data/graph_061.txt.gz,5,939865
2021-03,downloads,/spa/data/graph_029.txt.gz,5,251883
2021-03,downloads,/spa/data/graph_040.txt.gz,5,513064
2021-03,downloads,/spa/data/graph_051.txt.gz,5,719164
2021-03,downloads,/spa/data/graph_034.txt.gz,5,348907
2021-03,downloads,/spa/data/graph_008.txt.gz,5,59007
2021-03,downloads,/download/20/articles/1061/xml-2.zip,4,23228
2021-03,downloads,/pdf/QUTSchoolCaptainsDinner2017.pdf,3,108345051
2021-03,downloads,/RTB/r4/robot.zip,2,496058
2021-03,downloads,//license.txt,2,16652
2021-03,downloads,/rbbox2.mp4,2,5619619
2021-03,downloads,/SMTB/spatialmath.pdf,2,6006264
2021-03,downloads,/RTB/r7/robot.zip,2,1703692
2021-03,downloads,/cv/corke-resume.mov,1,15219952
2021-03,downloads,/wp-config-backup.txt,1,107
2021-03,downloads,/rtbpython.pdf,1,79907
2021-03,downloads,/RTB/r6/robot.zip,1,97570
2021-03,downloads,/download/20/articles/1064/rtb-4dof.pdf,1,926033
2021-03,downloads,/files/Octave.zip,1,80393
2021-03,downloads,/license.txt,1,8326
2021-03,downloads,/files/MVTB/contrib2.zip,0,5560189
2021-03,urls,/download/28/mvtb/1109/mvtb-4-3.mltbx,431,22603801474
2021-03,urls,/download/20/articles/1056/sincos.mlx,6,28854
2021-03,urls,/download/19/toolbox/1109/mvtb-4-3.mltbx,9,342
2022-03,downloads,/RTB/robot.pdf,919,6933469121
2022-03,downloads,/download/27/rtb/1011/robot-10-3-1.zip,683,13004611177
2022-03,downloads,/MVTB/vision.pdf,549,3532336761
2022-03,downloads,/bluebook/book.pdf,466,1280524541
2022-03,downloads,/RTB/ARA95.pdf,462,34697272
2022-03,downloads,/download/30/rvc2/1182/solutions.pdf,229,208017403
2022-03,downloads,/download/31/python-tools/1296/python_toolbox_icra_2020-5.pdf,212,108205839
2022-03,downloads,/doc/simple_systematic.pdf,166,30537167
2022-03,downloads,/download/30/rvc2/1208/rvc2-livescripts.zip,110,2418280792
2022-03,downloads,/download/20/articles/1054/insertion.pdf,94,12187477
2022-03,downloads,/download/28/mvtb/1181/contrib2.zip,93,439139768
2022-03,downloads,/download/20/articles/1059/urdf-2.pdf,92,70552080
2022-03,downloads,/files/MVTB/images-RVC2a.zip,67,3981384353
2022-03,downloads,/download/29/books/1256/corke-bluebook.pdf,63,180140586
2022-03,downloads,/download/20/articles/1079/the-bones-of-descartes.pdf,62,22135481
2022-03,downloads,/files/MVTB/images-RVC2b.zip,54,11138584246
2022-03,downloads,/download/20/articles/1062/rtb_dh.pdf,51,19961644
2022-03,downloads,/download/20/articles/1041/ets_jacobian.pdf,49,12238466
2022-03,downloads,/axes.pdf,42,1326528
2022-03,downloads,/download/20/articles/1063/rtb_real_robot.pdf,36,31679488
2022-03,downloads,/download/20/articles/1057/prcurves.pdf,36,6351156
2022-03,downloads,/RTB/r9/robot.pdf,29,221509250
2022-03,downloads,/download/20/articles/1064/rtb_4dof.pdf,26,22886812
2022-03,downloads,/download/30/rvc2/1183/rvc2-eps.zip,22,742631374
2022-03,downloads,/download/20/articles/1060/xml.pdf,21,2309692
2022-03,downloads,/download/20/articles/1193/unimate-puma-servo-system-exposed.pdf,18,373597177
2022-03,downloads,/MVTB/r3/vision.pdf,15,97575780
2022-03,downloads,/download/20/articles/1055/solving-trig.pdf,13,1896869
2022-03,downloads,/axes/paper-axes2-blue.pdf,11,347512
2022-03,downloads,/axes/paper-axes2-grey.pdf,11,347424
2022-03,downloads,/suttor/GeorgeAndSarahSuttorBook-index.pdf,9,1761435
2022-03,downloads,/download/32/documents/1317/aim-177.pdf,9,78647886
2022-03,downloads,/RVC1/top/errata/pumaaxis.pdf,8,191592
2022-03,downloads,/download/30/rvc2/1184/rvc2-svg.zip,8,237810523
2022-03,downloads,/pdf/book_comic.pdf,7,33530259
2022-03,downloads,/RVC1/top/toc/toc.pdf,7,467271
2022-03,downloads,/download/20/articles/1058/urdf.zip,7,82404
2022-03,downloads,/RTB/r8/robot.zip,6,7543272
2022-03,downloads,/axes/paper-axes2-red.pdf,5,157850
2022-03,downloads,/axes/paper-axes2-green.pdf,5,157850
2022-03,downloads,/download/27/rtb/1050/rtb-manual.pdf,4,256
2022-03,downloads,/wp-content/uploads/2020/01/book.pdf,4,12400384
2022-03,downloads,/suttor/GeorgeAndSarahSuttorBook-TOC.pdf,4,284384
2022-03,downloads,/spa/data/graph_026.txt.gz,4,231624
2022-03,downloads,/files/MVTB/contrib2.zip,4,19861224
2022-03,downloads,/wp-content/plugins/image-hover-effects-ultimate/readme.txt,3,264
2022-03,downloads,/wp-content/plugins/emails-verification-for-woocommerce/readme.txt,3,264
2022-03,downloads,/wp-content/plugins/vc-tabs/readme.txt,3,264
2022-03,downloads,/wp-content/plugins/themegrill-demo-importer/readme.txt,3,264
2022-03,downloads,/wp-content/plugins/advanced-import/readme.txt,3,264
2022-03,downloads,/wp-content/plugins/angwp/__%20UPDATES.txt,3,264
2022-03,downloads,/wp-content/plugins/shortcode-addons/readme.txt,3,264
2022-03,downloads,/wp-content/plugins/iwp-client/readme.txt,3,264
2022-03,downloads,/wp-content/plugins/capability-manager-enhanced/readme.txt,3,264
2022-03,downloads,/wp-content/plugins/ulisting/readme.txt,3,264
2022-03,downloads,/wp-content/plugins/wp-file-manager/readme.txt,3,264
2022-03,downloads,/wp-content/plugins/masterstudy-lms-learning-management-system/readme.txt,3,264
2022-03,downloads,/wp-content/plugins/capabilities-pro/readme.txt,3,264
2022-03,downloads,/download/20/articles/1061/xml-2.zip,3,17421
2022-03,downloads,/wp-content/plugins/wp-time-capsule/readme.txt,3,264
2022-03,downloads,/wp-content/plugins/woocommerce-jetpack/readme.txt,3,264
2022-03,downloads,/wp-content/plugins/mstore-api/readme.txt,3,264
2022-03,downloads,/spa/data/graph_009.txt.gz,2,32836
2022-03,downloads,/RTB/r4/robot.zip,2,496058
2022-03,downloads,/spa/data/graph_042.txt.gz,2,279810
2022-03,downloads,/wp-content/plugins/ait-csv-import-export/changelog.txt,2,176
2022-03,downloads,/doc/rtb_dh.pdf,2,214
2022-03,downloads,/RTB/r7/robot.zip,2,1703692
2022-03,downloads,//wp-config-backup.txt,2,214
2022-03,downloads,/spa/data/graph_020.txt.gz,2,74076
2022-03,downloads,/spa/data/graph_049.txt.gz,2,545108
2022-03,downloads,/cv/corke-resume.mov,1,282624
2022-03,downloads,/spa/data/graph_023.txt.gz,1,41273
2022-03,downloads,/spa/data/graph_036.txt.gz,1,102299
2022-03,downloads,/spa/data/graph_003.txt.gz,1,5431
2022-03,downloads,/spa/data/graph_018.txt.gz,1,26913
2022-03,downloads,/spa/data/graph_011.txt.gz,1,19186
2022-03,downloads,/spa/data/graph_031.txt.gz,1,84108
2022-03,downloads,/spa/data/graph_041.txt.gz,1,142366
2022-03,downloads,/spa/data/graph_025.txt.gz,1,44669
2022-03,downloads,/spa/data/graph_050.txt.gz,1,252014
2022-03,downloads,/spa/data/graph_054.txt.gz,1,261519
2022-03,downloads,/spa/data/graph_022.txt.gz,1,38643
2022-03,downloads,/spa/data/graph_055.txt.gz,1,262060
2022-03,downloads,/spa/data/graph_044.txt.gz,1,160773
2022-03,downloads,/spa/data/graph_021.txt.gz,1,35787
2022-03,downloads,/spa/data/graph_047.txt.gz,1,184994
2022-03,downloads,/spa/data/graph_043.txt.gz,1,156818
2022-03,downloads,/spa/data/graph_024.txt.gz,1,43100
2022-03,downloads,/spa/data/graph_032.txt.gz,1,84378
2022-03,downloads,/spa/data/graph_033.txt.gz,1,84771
2022-03,downloads,/spa/data/graph_061.txt.gz,1,383603
2022-03,downloads,/spa/data/graph_029.txt.gz,1,62952
2022-03,downloads,/spa/data/graph_045.txt.gz,1,166296
2022-03,downloads,/spa/data/graph_040.txt.gz,1,140959
2022-03,downloads,/spa/data/graph_034.txt.gz,1,87208
2022-03,downloads,/spa/data/graph_053.txt.gz,1,269412
2022-03,downloads,/spa/data/graph_058.txt.gz,1,394809
2022-03,downloads,/spa/data/graph_006.txt.gz,1,14654
2022-03,downloads,/spa/data/graph_015.txt.gz,1,27752
2022-03,downloads,/spa/data/graph_057.txt.gz,1,306197
2022-03,downloads,/spa/data/graph_030.txt.gz,1,86129
2022-03,downloads,/spa/data/graph_060.txt.gz,1,372788
2022-03,downloads,/spa/data/graph_013.txt.gz,1,19186
2022-03,downloads,/spa/data/graph_005.txt.gz,1,14216
2022-03,downloads,/spa/data/graph_037.txt.gz,1,106592
2022-03,downloads,/spa/data/graph_002.txt.gz,1,3885
2022-03,downloads,//wp-config.tar,1,107
2022-03,downloads,/spa/data/graph_004.txt.gz,1,5840
2022-03,downloads,/spa/data/graph_016.txt.gz,1,26019
2022-03,downloads,/RTB/r6/robot.zip,1,97570
2022-03,downloads,//wp-config.zip,1,107
2022-03,downloads,/spa/data/graph_010.txt.gz,1,17665
2022-03,downloads,/spa/data/graph_012.txt.gz,1,19186
2022-03,downloads,/spa/data/graph_007.txt.gz,1,14684
2022-03,downloads,/spa/data/graph_046.txt.gz,1,171998
2022-03,downloads,/spa/data/graph_052.txt.gz,1,257791
2022-03,downloads,/spa/data/graph_048.txt.gz,1,191586
2022-03,downloads,/spa/data/graph_059.txt.gz,1,370891
2022-03,downloads,/spa/data/graph_017.txt.gz,1,25564
2022-03,downloads,/spa/data/graph_056.txt.gz,1,267538
2022-03,downloads,/spa/data/graph_039.txt.gz,1,135204
2022-03,downloads,/spa/data/graph_014.txt.gz,1,19642
2022-03,downloads,/spa/data/graph_035.txt.gz,1,102511
2022-03,downloads,/spa/data/graph_001.txt.gz,1,1778
2022-03,downloads,/spa/data/graph_028.txt.gz,1,61901
2022-03,downloads,/spa/data/graph_038.txt.gz,1,119414
2022-03,downloads,/spa/data/graph_019.txt.gz,1,26827
2022-03,downloads,/spa/data/graph_051.txt.gz,1,260734
2022-03,downloads,/spa/data/graph_027.txt.gz,1,62226
2022-03,downloads,/spa/data/graph_008.txt.gz,1,14733
2022-03,urls,/download/28/mvtb/1109/mvtb-4-3.mltbx,562,34805781697
2022-03,urls,/download/27/rtb/1045/rtb10-4-mltbx.mltbx,3,192
2022-03,urls,/download/20/articles/1056/sincos.mlx,5,24045
2023-03,downloads,/RTB/robot.pdf,915,7282083796
2023-03,downloads,/MVTB/vision.pdf,482,3312223169
2023-03,downloads,/download/27/rtb/1011/robot-10-3-1.zip,348,7367721372
2023-03,downloads,/RTB/ARA95.pdf,287,22256120
2023-03,downloads,/bluebook/book.pdf,285,852454145
2023-03,downloads,/download/30/rvc2/1182/solutions.pdf,237,217719484
2023-03,downloads,/download/31/python-tools/1349/python_toolbox_icra_2021.pdf,232,133403553
2023-03,downloads,/download/27/rtb/1050/rtb-manual.pdf,226,30258
2023-03,downloads,/download/30/rvc2/1208/rvc2-livescripts.zip,124,3129153306
2023-03,downloads,/download/20/articles/1062/rtb_dh.pdf,115,44066412
2023-03,downloads,/doc/simple_systematic.pdf,110,20517271
2023-03,downloads,/download/29/books/1256/corke-bluebook.pdf,106,293343080
2023-03,downloads,/download/20/articles/1063/rtb_real_robot.pdf,100,85204996
2023-03,downloads,/download/27/rtb/1351/robot-9-10.zip,97,2157285899
2023-03,downloads,/download/20/articles/1059/urdf-2.pdf,88,68932114
2023-03,downloads,/download/28/mvtb/1181/contrib2.zip,74,328234284
2023-03,downloads,/download/32/documents/1317/aim-177.pdf,58,425918403
2023-03,downloads,/download/20/articles/1041/ets_jacobian.pdf,54,13235940
2023-03,downloads,/files/MVTB/images-RVC2b.zip,42,9411449707
2023-03,downloads,/download/20/articles/1064/rtb_4dof.pdf,42,37967353
2023-03,downloads,/files/MVTB/images-RVC2a.zip,40,2694418500
2023-03,downloads,/download/20/articles/1060/xml.pdf,36,3784078
2023-03,downloads,/download/31/python-tools/1296/python_toolbox_icra_2020-5.pdf,32,952
2023-03,downloads,/download/20/articles/1079/the-bones-of-descartes.pdf,28,9663531
2023-03,downloads,/axes.pdf,24,726432
2023-03,downloads,/download/20/articles/1057/prcurves.pdf,22,3896020
2023-03,downloads,/download/20/articles/1058/urdf.zip,21,247212
2023-03,downloads,/download/28/mvtb/1087/vision-4-3.zip,20,1231256553
2023-03,downloads,/RTB/r9/robot.pdf,18,137488500
2023-03,downloads,/download/30/rvc2/1183/rvc2-eps.zip,18,1096759537
2023-03,downloads,/download/20/articles/1055/solving-trig.pdf,16,2334608
2023-03,downloads,/MVTB/r3/vision.pdf,13,84565676
2023-03,downloads,/download/30/rvc2/1184/rvc2-svg.zip,12,319071680
2023-03,downloads,/suttor/GeorgeAndSarahSuttorBook-index.pdf,10,1957150
2023-03,downloads,/download/20/articles/1054/insertion.pdf,10,1263140
2023-03,downloads,/axes/paper-axes2-grey.pdf,10,379008
2023-03,downloads,/download/20/articles/1193/unimate-puma-servo-system-exposed.pdf,9,244427628
2023-03,downloads,/wp-content/uploads/2020/01/book.pdf,8,24800768
2023-03,downloads,/RVC1/top/toc/toc.pdf,8,600777
2023-03,downloads,/axes/paper-axes2-green.pdf,8,284130
2023-03,downloads,/axes/paper-axes2-blue.pdf,6,221144
2023-03,downloads,/files/MVTB/images1.zip,6,253823700
2023-03,downloads,//wp-includes/ID3/license.txt,6,4718
2023-03,downloads,/axes/paper-axes2-red.pdf,5,189420
2023-03,downloads,/spa/data/graph_003.txt.gz,4,21724
2023-03,downloads,/spa/data/graph_060.txt.gz,3,1118364
2023-03,downloads,/files/images/bridge-l.zip,3,365902911
2023-03,downloads,/spa/data/graph_031.txt.gz,3,252324
2023-03,downloads,/files/images/bridge-r.zip,3,365287014
2023-03,downloads,/spa/data/graph_033.txt.gz,3,254313
2023-03,downloads,/spa/data/graph_061.txt.gz,3,1150809
2023-03,downloads,/spa/data/graph_029.txt.gz,3,188856
2023-03,downloads,/spa/data/graph_006.txt.gz,2,29308
2023-03,downloads,/spa/data/graph_057.txt.gz,2,612394
2023-03,downloads,/spa/data/graph_005.txt.gz,2,28432
2023-03,downloads,/spa/data/graph_037.txt.gz,2,213184
2023-03,downloads,/pdf/book_comic.pdf,2,7653141
2023-03,downloads,/spa/data/graph_025.txt.gz,2,89338
2023-03,downloads,/spa/data/graph_012.txt.gz,2,38372
2023-03,downloads,/spa/data/graph_042.txt.gz,2,279810
2023-03,downloads,/spa/data/graph_052.txt.gz,2,515582
2023-03,downloads,/download/20/articles/1061/xml-2.zip,2,11614
2023-03,downloads,/spa/data/graph_017.txt.gz,2,51128
2023-03,downloads,/spa/data/graph_039.txt.gz,2,270408
2023-03,downloads,/spa/data/graph_028.txt.gz,2,123802
2023-03,downloads,/spa/data/graph_024.txt.gz,2,86200
2023-03,downloads,/spa/data/graph_045.txt.gz,2,332592
2023-03,downloads,/spa/data/graph_040.txt.gz,2,281918
2023-03,downloads,/spa/data/graph_053.txt.gz,2,538824
2023-03,downloads,/spa/data/graph_058.txt.gz,2,789618
2023-03,downloads,/spa/data/graph_009.txt.gz,1,16418
2023-03,downloads,/spa/data/graph_015.txt.gz,1,27752
2023-03,downloads,/spa/data/graph_023.txt.gz,1,41273
2023-03,downloads,/spa/data/graph_036.txt.gz,1,102299
2023-03,downloads,/spa/data/graph_030.txt.gz,1,86129
2023-03,downloads,/spa/data/graph_013.txt.gz,1,19186
2023-03,downloads,/robot/robot.pdf,1,0
2023-03,downloads,/spa/data/graph_026.txt.gz,1,57906
2023-03,downloads,/spa/data/graph_002.txt.gz,1,3885
2023-03,downloads,/spa/data/graph_018.txt.gz,1,26913
2023-03,downloads,/spa/data/graph_004.txt.gz,1,5840
2023-03,downloads,/spa/data/graph_011.txt.gz,1,19186
2023-03,downloads,/spa/data/graph_016.txt.gz,1,26019
2023-03,downloads,/spa/data/graph_041.txt.gz,1,142366
2023-03,downloads,/spa/data/graph_050.txt.gz,1,252014
2023-03,downloads,/spa/data/graph_020.txt.gz,1,37038
2023-03,downloads,/spa/data/graph_054.txt.gz,1,261519
2023-03,downloads,/spa/data/graph_010.txt.gz,1,17665
2023-03,downloads,/wp-includes/ID3/license.txt,1,136
2023-03,downloads,/spa/data/graph_007.txt.gz,1,14684
2023-03,downloads,/suttor/GeorgeAndSarahSuttorBook-TOC.pdf,1,71096
2023-03,downloads,/spa/data/graph_046.txt.gz,1,171998
2023-03,downloads,/spa/data/graph_022.txt.gz,1,38643
2023-03,downloads,/spa/data/graph_048.txt.gz,1,191586
2023-03,downloads,/spa/data/graph_059.txt.gz,1,370891
2023-03,downloads,/spa/data/graph_055.txt.gz,1,262060
2023-03,downloads,/spa/data/graph_044.txt.gz,1,160773
2023-03,downloads,/SMTB/spatialmath.pdf,1,3003132
2023-03,downloads,/spa/data/graph_056.txt.gz,1,267538
2023-03,downloads,/files/images/LeftBag.mpg,1,17201025
2023-03,downloads,/spa/data/graph_014.txt.gz,1,19642
2023-03,downloads,/spa/data/graph_047.txt.gz,1,184994
2023-03,downloads,/spa/data/graph_035.txt.gz,1,102511
2023-03,downloads,/spa/data/graph_021.txt.gz,1,35787
2023-03,downloads,/RVC1/top/errata/pumaaxis.pdf,1,23949
2023-03,downloads,/spa/data/graph_043.txt.gz,1,156818
2023-03,downloads,/spa/data/graph_001.txt.gz,1,1778
2023-03,downloads,/ads.txt,1,75
2023-03,downloads,/spa/data/graph_038.txt.gz,1,119414
2023-03,downloads,/spa/data/graph_032.txt.gz,1,84378
2023-03,downloads,/spa/data/graph_019.txt.gz,1,26827
2023-03,downloads,/spa/data/graph_051.txt.gz,1,260734
2023-03,downloads,/spa/data/graph_034.txt.gz,1,87208
2023-03,downloads,/spa/data/graph_027.txt.gz,1,62226
2023-03,downloads,/spa/data/graph_008.txt.gz,1,14733
2023-03,downloads,/spa/data/graph_049.txt.gz,1,272554
2023-03,urls,/download/28/mvtb/1109/mvtb-4-3.mltbx,340,20372915852
2023-03,urls,/download/20/articles/1056/sincos.mlx,3,14427
2024-03,downloads,/MVTB/vision.pdf,626,3971109990
2024-03,downloads,/RTB/robot.pdf,455,3205933178
2024-03,downloads,/download/27/rtb/1011/robot-10-3-1.zip,362,6733316778
2024-03,downloads,/bluebook/book.pdf,353,1217198164
2024-03,downloads,/download/30/rvc2/1182/solutions.pdf,219,206775500
2024-03,downloads,/download/31/python-tools/1349/python_toolbox_icra_2021.pdf,207,120420240
2024-03,downloads,/RTB/ARA95.pdf,204,15992486
2024-03,downloads,/download/20/articles/1062/rtb_dh.pdf,171,64489623
2024-03,downloads,/doc/simple_systematic.pdf,169,25468285
2024-03,downloads,/download/30/rvc2/1208/rvc2-livescripts.zip,124,3084864507
2024-03,downloads,/download/20/articles/1063/rtb_real_robot.pdf,106,86306546
2024-03,downloads,/download/29/books/1256/corke-bluebook.pdf,98,267136587
2024-03,downloads,/download/20/articles/1059/urdf-2.pdf,79,60424854
2024-03,downloads,/download/27/rtb/1351/robot-9-10.zip,64,1159307024
2024-03,downloads,/MVTB/r3/vision.pdf,53,325596498
2024-03,downloads,/download/28/mvtb/1181/contrib2.zip,52,236960610
2024-03,downloads,/download/20/articles/1079/the-bones-of-descartes.pdf,49,18127759
2024-03,downloads,/download/20/articles/1041/ets_jacobian.pdf,46,10579877
2024-03,downloads,/download/20/articles/1057/prcurves.pdf,45,7650838
2024-03,downloads,/axes.pdf,44,1263360
2024-03,downloads,/RTB/r9/robot.pdf,43,328461134
2024-03,downloads,/download/20/articles/1064/rtb_4dof.pdf,43,35646704
2024-03,downloads,/files/MVTB/images-RVC2a.zip,31,1689435949
2024-03,downloads,/download/32/documents/1317/aim-177.pdf,30,260010840
2024-03,downloads,/files/MVTB/images-RVC2b.zip,29,5763074191
2024-03,downloads,/download/20/articles/1055/solving-trig.pdf,27,3421021
2024-03,downloads,/download/20/articles/1193/unimate-puma-servo-system-exposed.pdf,26,374202304
2024-03,downloads,/download/20/articles/1058/urdf.zip,26,294300
2024-03,downloads,/download/20/articles/1060/xml.pdf,25,2447446
2024-03,downloads,/download/31/python-tools/1296/python_toolbox_icra_2020-5.pdf,19,602
2024-03,downloads,/download/28/mvtb/1087/vision-4-3.zip,19,408825911
2024-03,downloads,/download/30/rvc2/1183/rvc2-eps.zip,18,807566243
2024-03,downloads,/wp-content/uploads/2020/01/book.pdf,17,53737422
2024-03,downloads,/files/images/bridge-r.zip,15,1824980056
2024-03,downloads,/files/images/bridge-l.zip,14,1707546918
2024-03,downloads,/RTB/r8/robot.zip,13,12076538
2024-03,downloads,/download/20/articles/1054/insertion.pdf,10,1263140
2024-03,downloads,/suttor/GeorgeAndSarahSuttorBook-TOC.pdf,9,639864
2024-03,downloads,/axes/paper-axes2-grey.pdf,9,284256
2024-03,downloads,/pdf/book_comic.pdf,9,43110333
2024-03,downloads,/RVC1/top/toc/toc.pdf,9,600777
2024-03,downloads,/download/30/rvc2/1184/rvc2-svg.zip,9,291385926
2024-03,downloads,/axes/paper-axes2-red.pdf,9,252560
2024-03,downloads,/RTB/r7/robot.zip,8,6040634
2024-03,downloads,/suttor/GeorgeAndSarahSuttorBook-index.pdf,8,1565720
2024-03,downloads,/axes/paper-axes2-green.pdf,5,157850
2024-03,downloads,/axes/paper-axes2-blue.pdf,5,157960
2024-03,downloads,/files/MVTB/images1.zip,4,188225567
2024-03,downloads,/RVC1/top/errata/pumaaxis.pdf,3,71847
2024-03,downloads,/download/20/articles/1061/xml-2.zip,2,11614
2024-03,downloads,/spa/data/graph_041.txt.gz,2,284732
2024-03,downloads,/RTB/r4/robot.zip,1,248029
2024-03,downloads,/spa/data/graph_057.txt.gz,1,306197
2024-03,downloads,/files/images/LeftBag.mpg,1,17201025
2024-03,downloads,/spa/data/graph_022.txt.gz,1,38643
2024-03,downloads,/spa/data/graph_025.txt.gz,1,44669
2024-03,downloads,/spa/data/graph_029.txt.gz,1,62952
2024-03,downloads,/spa/data/graph_004.txt.gz,1,5840
2024-03,downloads,/spa/data/graph_026.txt.gz,1,57906
2024-03,downloads,/spa/data/graph_001.txt.gz,1,1778
2024-03,downloads,/RTB/r6/robot.zip,1,97570
2024-03,downloads,/spa/data/graph_021.txt.gz,1,35787
2024-03,downloads,/files/MVTB/contrib2.zip,0,12254262
2024-03,urls,/download/20/articles/1056/sincos.mlx,4,19236
2024-03,urls,/download/28/mvtb/1109/mvtb-4-3.mltbx,185,12296714571
2025-03,downloads,/files/salesrank/salesrank.csv,15027,644469629
2025-03,downloads,/MVTB/vision.pdf,508,3198875101
2025-03,downloads,/bluebook/book.pdf,322,1116356591
2025-03,downloads,/RTB/robot.pdf,312,1957663855
2025-03,downloads,/download/20/articles/1062/rtb_dh.pdf,235,85419687
2025-03,downloads,/download/20/articles/1063/rtb_real_robot.pdf,230,177347652
2025-03,downloads,/download/30/rvc2/1182/solutions.pdf,174,161896481
2025-03,downloads,/download/31/python-tools/1349/python_toolbox_icra_2021.pdf,162,93802815
2025-03,downloads,/RTB/ARA95.pdf,159,11442332
2025-03,downloads,/download/27/rtb/1011/robot-10-3-1.zip,144,3184409404
2025-03,downloads,/doc/simple_systematic.pdf,142,25378935
2025-03,downloads,/download/20/articles/1058/urdf.zip,99,988848
2025-03,downloads,/download/20/articles/1057/prcurves.pdf,90,13384795
2025-03,downloads,/download/20/articles/1041/ets_jacobian.pdf,70,13741847
2025-03,downloads,/download/20/articles/1059/urdf-2.pdf,70,45836736
2025-03,downloads,/download/20/articles/1079/the-bones-of-descartes.pdf,56,17656843
2025-03,downloads,/download/29/books/1256/corke-bluebook.pdf,46,129870381
2025-03,downloads,/download/20/articles/1064/rtb_4dof.pdf,44,30574274
2025-03,downloads,/download/30/rvc2/1208/rvc2-livescripts.zip,40,983048649
2025-03,downloads,/download/20/articles/1060/xml.pdf,36,2624650
2025-03,downloads,/download/20/articles/1055/solving-trig.pdf,33,3064173
2025-03,downloads,/download/28/mvtb/1181/contrib2.zip,30,115562127
2025-03,downloads,/download/27/rtb/1351/robot-9-10.zip,28,519865370
2025-03,downloads,/files/MVTB/images-RVC2b.zip,23,3315930936
2025-03,downloads,/download/31/python-tools/1296/python_toolbox_icra_2020-5.pdf,21,643
2025-03,downloads,/axes.pdf,18,602146
2025-03,downloads,/download/32/documents/1317/aim-177.pdf,18,132692792
2025-03,downloads,/RTB/r9/robot.pdf,17,123917988
2025-03,downloads,/files/MVTB/images-RVC2a.zip,16,931181396
2025-03,downloads,/axes/paper-axes2-red.pdf,13,410410
2025-03,downloads,/axes/paper-axes2-blue.pdf,11,347512
2025-03,downloads,/axes/paper-axes2-grey.pdf,11,347424
2025-03,downloads,/axes/paper-axes2-green.pdf,10,361996
2025-03,downloads,http://www.petercorke.com/RTB/robot.pdf,9,36909743
2025-03,downloads,/download/28/mvtb/1087/vision-4-3.zip,9,548894133
2025-03,downloads,/download/20/articles/1054/insertion.pdf,9,1136826
2025-03,downloads,/files/MVTB/images1.zip,8,58970805
2025-03,downloads,/MVTB/r3/vision.pdf,7,45535364
2025-03,downloads,/download/20/articles/1193/unimate-puma-servo-system-exposed.pdf,7,136370186
2025-03,downloads,/wp-content/uploads/2020/01/book.pdf,6,17884352
2025-03,downloads,/RVC1/top/toc/toc.pdf,5,464837
2025-03,downloads,/RTB/r7/robot.zip,5,2555538
2025-03,downloads,/RTB/r6/robot.zip,5,292710
2025-03,downloads,/suttor/GeorgeAndSarahSuttorBook-index.pdf,4,483550
2025-03,downloads,/RTB/r4/robot.zip,3,496058
2025-03,downloads,/RTB/r8/robot.zip,3,1257212
2025-03,downloads,/spa/data/graph_043.txt.gz,3,403748
2025-03,downloads,/RVC1/top/errata/pumaaxis.pdf,3,71847
2025-03,downloads,/SMTB/spatialmath.pdf,3,9260016
2025-03,downloads,/suttor/GeorgeAndSarahSuttorBook-TOC.pdf,3,213288
2025-03,downloads,/spa/data/graph_042.txt.gz,2,230017
2025-03,downloads,/spa/data/graph_019.txt.gz,2,53654
2025-03,downloads,/pdf/QUTSchoolCaptainsDinner2017.pdf,2,110313472
2025-03,downloads,/spa/data/graph_037.txt.gz,2,213184
2025-03,downloads,/files/images/bridge-r.zip,2,243524676
2025-03,downloads,/files/images/bridge-l.zip,2,243935274
2025-03,downloads,/spa/data/graph_049.txt.gz,1,139264
2025-03,downloads,/spa/data/graph_017.txt.gz,1,25564
2025-03,downloads,/spa/data/graph_034.txt.gz,1,87208
2025-03,downloads,/spa/data/graph_018.txt.gz,1,26913
2025-03,downloads,/spa/data/graph_003.txt.gz,1,5431
2025-03,downloads,/download/30/rvc3/1182/solutions.pdf,1,941105
2025-03,downloads,/spa/data/graph_053.txt.gz,1,90112
2025-03,downloads,/spa/data/graph_007.txt.gz,1,14684
2025-03,downloads,/spa/data/graph_051.txt.gz,1,90112
2025-03,downloads,/spa/data/graph_060.txt.gz,1,90112
2025-03,downloads,/spa/data/graph_038.txt.gz,1,90112
2025-03,downloads,/spa/data/graph_033.txt.gz,1,84771
2025-03,downloads,/spa/data/graph_044.txt.gz,1,90112
2025-03,downloads,/spa/data/graph_041.txt.gz,1,90112
2025-03,downloads,/spa/data/graph_039.txt.gz,1,90112
2025-03,downloads,/files/images/mosaicml.zip,1,6096927
2025-03,downloads,/spa/data/graph_021.txt.gz,1,35787
2025-03,downloads,/spa/data/graph_056.txt.gz,1,90112
2025-03,downloads,/pdf/book_comic.pdf,1,4790037
2025-03,downloads,https://petercorke.com/download/20/articles/1064/rtb_4dof.pdf,1,926033
2025-03,downloads,/spa/data/graph_029.txt.gz,1,62952
2025-03,downloads,/spa/data/graph_052.txt.gz,1,122880
2025-03,downloads,/files/images/traffic_sequence.mpg,1,7949716
2025-03,downloads,/spa/data/graph_014.txt.gz,1,19642
2025-03,downloads,/spa/data/graph_046.txt.gz,1,139264
2025-03,downloads,/spa/data/graph_048.txt.gz,1,90112
2025-03,downloads,/spa/data/graph_011.txt.gz,1,19186
2025-03,downloads,/spa/data/graph_023.txt.gz,1,41273
2025-03,downloads,/spa/data/graph_059.txt.gz,1,90112
2025-03,downloads,/spa/data/graph_040.txt.gz,1,140959
2025-03,downloads,/spa/data/graph_001.txt.gz,1,1778
2025-03,downloads,/spa/data/graph_032.txt.gz,1,84378
2025-03,downloads,/spa/data/graph_015.txt.gz,1,27752
2025-03,downloads,/spa/data/graph_047.txt.gz,1,90112
2025-03,downloads,/spa/data/graph_013.txt.gz,1,19186
2025-03,downloads,/spa/data/graph_030.txt.gz,1,86129
2025-03,downloads,/spa/data/graph_020.txt.gz,1,37038
2025-03,downloads,/spa/data/graph_022.txt.gz,1,38643
2025-03,downloads,/spa/data/graph_010.txt.gz,1,17665
2025-03,downloads,/spa/data/graph_028.txt.gz,1,61901
2025-03,downloads,/download/30/rvc2/1184/rvc2-svg.zip,1,32376214
2025-03,downloads,/spa/data/graph_012.txt.gz,1,19186
2025-03,downloads,/spa/data/graph_004.txt.gz,1,5840
2025-03,downloads,/spa/data/graph_031.txt.gz,1,84108
2025-03,downloads,/spa/data/graph_025.txt.gz,1,44669
2025-03,downloads,//bluebook/book.pdf,1,3100096
2025-03,downloads,/spa/data/graph_055.txt.gz,1,90112
2025-03,downloads,/spa/data/graph_027.txt.gz,1,62226
2025-03,downloads,/spa/data/graph_054.txt.gz,1,139264
2025-03,downloads,/spa/data/graph_016.txt.gz,1,26019
2025-03,downloads,/spa/data/graph_061.txt.gz,1,90112
2025-03,downloads,/spa/data/graph_050.txt.gz,1,155648
2025-03,downloads,/spa/data/graph_009.txt.gz,1,16418
2025-03,downloads,/spa/data/graph_058.txt.gz,1,90112
2025-03,downloads,/spa/data/graph_035.txt.gz,1,102511
2025-03,downloads,/spa/data/graph_024.txt.gz,1,43100
2025-03,downloads,/spa/data/graph_026.txt.gz,1,57906
2025-03,downloads,/spa/data/graph_057.txt.gz,1,139264
2025-03,downloads,/spa/data/graph_008.txt.gz,1,14733
2025-03,downloads,/spa/data/graph_006.txt.gz,1,14654
2025-03,downloads,/spa/data/graph_036.txt.gz,1,90112
2025-03,downloads,/spa/data/graph_045.txt.gz,1,166296
2025-03,downloads,/spa/data/graph_002.txt.gz,1,3885
2025-03,downloads,/spa/data/graph_005.txt.gz,1,14216
2025-03,urls,/download/28/mvtb/1109/mvtb-4-3.mltbx,116,7380843950
2025-03,urls,/download/20/articles/1056/sincos.mlx,4,19236
2026-03,downloads,/files/salesrank/salesrank.csv,6440,311612280
2026-03,downloads,/RTB/robot.pdf,1835,13453295571
2026-03,downloads,/bluebook/book.pdf,1714,5323692159
2026-03,downloads,/RTB/currentversion.txt,1053,5265
2026-03,downloads,/doc/simple_systematic.pdf,883,154552405
2026-03,downloads,/RTB/ARA95.pdf,870,64434902
2026-03,downloads,/download/20/articles/1062/rtb_dh.pdf,812,301040720
2026-03,downloads,/download/31/python-tools/1349/python_toolbox_icra_2021.pdf,649,370409468
2026-03,downloads,/MVTB/vision.pdf,602,3711710815
2026-03,downloads,/download/31/python-tools/1296/python_toolbox_icra_2020-5.pdf,432,11909
2026-03,downloads,/download/30/rvc2/1182/solutions.pdf,360,329720499
2026-03,downloads,/download/20/articles/1063/rtb_real_robot.pdf,285,229721153
2026-03,downloads,/download/20/articles/1059/urdf-2.pdf,210,161258047
2026-03,downloads,/download/20/articles/1057/prcurves.pdf,139,23420319
2026-03,downloads,/download/20/articles/1064/rtb_4dof.pdf,139,123765452
2026-03,downloads,/download/20/articles/1041/ets_jacobian.pdf,127,30197032
2026-03,downloads,/RVC1/top/toc/toc.pdf,98,6541794
2026-03,downloads,/download/32/documents/1317/aim-177.pdf,50,394003206
2026-03,downloads,/download/20/articles/1079/the-bones-of-descartes.pdf,46,15968362
2026-03,downloads,/download/20/articles/1060/xml.pdf,38,3674510
2026-03,downloads,/download/27/rtb/1011/robot-10-3-1.zip,38,843419719
2026-03,downloads,/files/wpfd/robot-10.3.1.zip,35,739352764
2026-03,downloads,/RTB/r9/robot.pdf,31,209825428
2026-03,downloads,/axes.pdf,29,916961
2026-03,downloads,/download/29/books/1256/corke-bluebook.pdf,28,85970521
2026-03,downloads,/download/20/articles/1054/insertion.pdf,28,3536792
2026-03,downloads,/download/20/articles/1055/solving-trig.pdf,23,3064173
2026-03,downloads,/download/27/rtb/1351/robot-9-10.zip,21,376623349
2026-03,downloads,/suttor/GeorgeAndSarahSuttorBook-index.pdf,21,4174658
2026-03,downloads,/files/wpfd/rtb_dh.pdf,21,6814529
2026-03,downloads,/RVC1/top/errata/pumaaxis.pdf,19,455031
2026-03,downloads,/axes/paper-axes2-grey.pdf,17,529821
2026-03,downloads,/download/28/mvtb/1181/contrib2.zip,17,47279283
2026-03,downloads,/files/wpfd/ets_jacobian.pdf,16,3089418
2026-03,downloads,/files/wpfd/urdf.zip,14,129492
2026-03,downloads,/wp-content/uploads/2020/01/book.pdf,14,43401344
2026-03,downloads,/files/wpfd/insertion.pdf,14,1516793
2026-03,downloads,/download/20/articles/1058/urdf.zip,13,117720
2026-03,downloads,/download/20/articles/1193/unimate-puma-servo-system-exposed.pdf,12,127059179
2026-03,downloads,/files/wpfd/prcurves.pdf,12,1670351
2026-03,downloads,/pdf/book_comic.pdf,12,45291578
2026-03,downloads,/files/MVTB/images-RVC2a.zip,11,537536032
2026-03,downloads,/files/MVTB/images-RVC2b.zip,10,1091966690
2026-03,downloads,/axes/paper-axes2-red.pdf,10,315700
2026-03,downloads,/axes/paper-axes2-green.pdf,10,315700
2026-03,downloads,/axes/paper-axes2-blue.pdf,9,285353
2026-03,downloads,/MVTB/r3/vision.pdf,9,62922025
2026-03,downloads,/download/30/rvc2/1183/rvc2-eps.zip,8,253433409
2026-03,downloads,/download/30/rvc2/1184/rvc2-svg.zip,8,163845614
2026-03,downloads,/files/wpfd/xml.zip,8,29035
2026-03,downloads,/download/30/rvc2/1208/rvc2-livescripts.zip,7,195951819
2026-03,downloads,/RTB/current/robot-9.10.zip,6,116181001
2026-03,downloads,/RTB/r4/robot.zip,6,1240145
2026-03,downloads,/suttor/GeorgeAndSarahSuttorBook-TOC.pdf,6,426576
2026-03,downloads,/SMTB/spatialmath.pdf,4,12012528
2026-03,downloads,/RTB/r7/robot.zip,4,3407384
2026-03,downloads,/RTB/r8/robot.zip,4,3197433
2026-03,downloads,/spa/data/graph_013.txt.gz,3,57558
2026-03,downloads,/download/28/mvtb/1087/vision-4-3.zip,3,139842542
2026-03,downloads,/RTB/r6/robot.zip,3,292710
2026-03,downloads,/files/images/bridge-l.zip,3,365902911
2026-03,downloads,/spa/data/graph_012.txt.gz,3,57558
2026-03,downloads,/spa/data/graph_005.txt.gz,3,42648
2026-03,downloads,/spa/data/graph_060.txt.gz,2,745576
2026-03,downloads,/spa/data/graph_003.txt.gz,2,10862
2026-03,downloads,/spa/data/graph_053.txt.gz,2,538824
2026-03,downloads,/spa/data/graph_018.txt.gz,2,53826
2026-03,downloads,/spa/data/graph_034.txt.gz,2,174416
2026-03,downloads,/spa/data/graph_010.txt.gz,2,35330
2026-03,downloads,/spa/data/graph_059.txt.gz,2,741782
2026-03,downloads,/download/23/rtb/3770/robot-10-4-0.zip,2,108
2026-03,downloads,/spa/data/graph_051.txt.gz,2,521468
2026-03,downloads,/spa/data/graph_035.txt.gz,2,205022
2026-03,downloads,/spa/data/graph_014.txt.gz,2,39284
2026-03,downloads,/spa/data/graph_015.txt.gz,2,55504
2026-03,downloads,/spa/data/graph_031.txt.gz,2,168216
2026-03,downloads,/spa/data/graph_023.txt.gz,2,82546
2026-03,downloads,/spa/data/graph_036.txt.gz,2,204598
2026-03,downloads,/spa/data/graph_030.txt.gz,2,172258
2026-03,downloads,/spa/data/graph_042.txt.gz,2,279810
2026-03,downloads,/spa/data/graph_020.txt.gz,2,74076
2026-03,downloads,/spa/data/graph_049.txt.gz,1,272554
2026-03,downloads,/spa/data/graph_028.txt.gz,1,61901
2026-03,downloads,/spa/data/graph_037.txt.gz,1,106592
2026-03,downloads,/spa/data/graph_006.txt.gz,1,14654
2026-03,downloads,/spa/data/graph_022.txt.gz,1,38643
2026-03,downloads,/spa/data/graph_008.txt.gz,1,14733
2026-03,downloads,/spa/data/graph_025.txt.gz,1,44669
2026-03,downloads,/spa/data/graph_050.txt.gz,1,252014
2026-03,downloads,/spa/data/graph_038.txt.gz,1,119414
2026-03,downloads,/spa/data/graph_004.txt.gz,1,5840
2026-03,downloads,/spa/data/graph_007.txt.gz,1,14684
2026-03,downloads,/spa/data/graph_024.txt.gz,1,43100
2026-03,downloads,/spa/data/graph_016.txt.gz,1,26019
2026-03,downloads,/spa/data/graph_011.txt.gz,1,19186
2026-03,downloads,/spa/data/graph_040.txt.gz,1,140959
2026-03,downloads,/spa/data/graph_057.txt.gz,1,306197
2026-03,downloads,/spa/data/graph_032.txt.gz,1,84378
2026-03,downloads,/spa/data/graph_043.txt.gz,1,156818
2026-03,downloads,/spa/data/graph_056.txt.gz,1,267538
2026-03,downloads,/spa/data/graph_039.txt.gz,1,135204
2026-03,downloads,/spa/data/graph_009.txt.gz,1,16418
2026-03,downloads,/spa/data/graph_055.txt.gz,1,262060
2026-03,downloads,/spa/data/graph_052.txt.gz,1,257791
2026-03,downloads,/files/images/bridge-r.zip,1,121762338
2026-03,downloads,/spa/data/graph_048.txt.gz,1,191586
2026-03,downloads,/spa/data/graph_058.txt.gz,1,394809
2026-03,downloads,/spa/data/graph_002.txt.gz,1,3885
2026-03,downloads,/spa/data/graph_001.txt.gz,1,1778
2026-03,downloads,/spa/data/graph_027.txt.gz,1,62226
2026-03,downloads,/spa/data/graph_044.txt.gz,1,160773
2026-03,downloads,/spa/data/graph_045.txt.gz,1,166296
2026-03,downloads,/spa/data/graph_029.txt.gz,1,62952
2026-03,downloads,/spa/data/graph_047.txt.gz,1,184994
2026-03,downloads,/spa/data/graph_046.txt.gz,1,171998
2026-03,downloads,/spa/data/graph_017.txt.gz,1,25564
2026-03,downloads,/spa/data/graph_061.txt.gz,1,383603
2026-03,downloads,/spa/data/graph_026.txt.gz,1,57906
2026-03,downloads,/spa/data/graph_033.txt.gz,1,84771
2026-03,downloads,/spa/data/graph_054.txt.gz,1,261519
2026-03,downloads,/spa/data/graph_041.txt.gz,1,142366
2026-03,downloads,/spa/data/graph_019.txt.gz,1,26827
2026-03,downloads,/spa/data/graph_021.txt.gz,1,35787
2026-03,downloads,/robots.txt,0,39442
2026-03,downloads,/files/MVTB/contrib2.zip,0,3593921
2026-03,urls,/download/28/mvtb/1109/mvtb-4-3.mltbx,111,5495513458
2026-03,urls,/files/wpfd/sincos.mlx,8,38472
2026-03,urls,/download/20/articles/1056/sincos.mlx,23,105798
2017-04,downloads,/RTB/robot.pdf,916,8595244627
2017-04,downloads,/RTB/r9/robot.pdf,513,4007724952
2017-04,downloads,/bluebook/book.pdf,299,1029540055
2017-04,downloads,/RVC1/top/toc/toc.pdf,225,16264870
2017-04,downloads,/MVTB/vision.pdf,224,1684570044
2017-04,downloads,/doc/rtb_dh.pdf,211,93346329
2017-04,downloads,/doc/robotarm.pdf,102,98280184
2017-04,downloads,/RTB/ARA95.pdf,87,6583006
2017-04,downloads,/MVTB/r3/vision.pdf,85,565819697
2017-04,downloads,/axes.pdf,76,2558304
2017-04,downloads,/doc/rtb_4dof.pdf,59,54635947
2017-04,downloads,/doc/simple_systematic.pdf,52,9450810
2017-04,downloads,/pdf/book_comic.pdf,32,153281184
2017-04,downloads,/doc/descartes.pdf,30,25542172
2017-04,downloads,/axes/paper-axes2-blue.pdf,29,947760
2017-04,downloads,/pdf/paper-axes.pdf,22,710585
2017-04,downloads,/RVC1/top/errata/pumaaxis.pdf,22,526878
2017-04,downloads,/axes/paper-axes2-green.pdf,15,473550
2017-04,downloads,/axes/paper-axes2-red.pdf,9,284130
2017-04,downloads,/suttor/GeorgeAndSarahSuttorBook-TOC.pdf,5,355480
2017-04,downloads,/pdf/QUTSchoolCaptainsDinner2017.pdf,5,447724015
2017-04,downloads,/spa/data/graph_031.txt.gz,4,336432
2017-04,downloads,/pdf/paper-axes2-blue.pdf,4,126368
2017-04,downloads,/spa/data/graph_017.txt.gz,4,102256
2017-04,downloads,/spa/data/graph_057.txt.gz,4,1224788
2017-04,downloads,/spa/data/graph_040.txt.gz,4,563836
2017-04,downloads,/spa/data/graph_018.txt.gz,4,107652
2017-04,downloads,/spa/data/graph_024.txt.gz,3,129300
2017-04,downloads,/spa/data/graph_028.txt.gz,3,185703
2017-04,downloads,/spa/data/graph_002.txt.gz,3,11655
2017-04,downloads,/spa/data/graph_013.txt.gz,3,57558
2017-04,downloads,/pdf/paper-axes2-red.pdf,3,94710
2017-04,downloads,/spa/data/graph_023.txt.gz,3,123819
2017-04,downloads,/pdf/paper-axes2-green.pdf,3,94710
2017-04,downloads,/spa/data/graph_038.txt.gz,3,358242
2017-04,downloads,/spa/data/graph_019.txt.gz,3,80481
2017-04,downloads,/spa/data/graph_033.txt.gz,3,254313
2017-04,downloads,/spa/data/graph_016.txt.gz,3,78057
2017-04,downloads,/spa/data/graph_004.txt.gz,3,17520
2017-04,downloads,/spa/data/graph_055.txt.gz,2,524120
2017-04,downloads,/spa/data/graph_042.txt.gz,2,279810
2017-04,downloads,/spa/data/graph_032.txt.gz,2,168756
2017-04,downloads,/spa/data/graph_058.txt.gz,2,789618
2017-04,downloads,/spa/data/graph_036.txt.gz,2,204598
2017-04,downloads,/spa/data/graph_005.txt.gz,2,28432
2017-04,downloads,/spa/data/graph_026.txt.gz,2,115812
2017-04,downloads,/spa/data/graph_060.txt.gz,2,745576
2017-04,downloads,/spa/data/graph_030.txt.gz,2,172258
2017-04,downloads,/spa/data/graph_052.txt.gz,2,515582
2017-04,downloads,/spa/data/graph_054.txt.gz,2,523038
2017-04,downloads,/spa/data/graph_022.txt.gz,2,77286
2017-04,downloads,/spa/data/graph_021.txt.gz,2,71574
2017-04,downloads,/spa/data/graph_029.txt.gz,2,125904
2017-04,downloads,/spa/data/graph_009.txt.gz,2,32836
2017-04,downloads,/spa/data/graph_020.txt.gz,2,74076
2017-04,downloads,/spa/data/graph_049.txt.gz,2,545108
2017-04,downloads,/spa/data/graph_046.txt.gz,2,343996
2017-04,downloads,/spa/data/graph_056.txt.gz,2,535076
2017-04,downloads,/spa/data/graph_044.txt.gz,2,321546
2017-04,downloads,/spa/data/graph_001.txt.gz,2,3556
2017-04,downloads,/spa/data/graph_035.txt.gz,2,205022
2017-04,downloads,/spa/data/graph_053.txt.gz,2,538824
2017-04,downloads,/spa/data/graph_043.txt.gz,2,313636
2017-04,downloads,/spa/data/graph_011.txt.gz,2,38372
2017-04,downloads,/spa/data/graph_061.txt.gz,2,767206
2017-04,downloads,/spa/data/graph_059.txt.gz,2,741782
2017-04,downloads,/spa/data/graph_047.txt.gz,2,369988
2017-04,downloads,/spa/data/graph_012.txt.gz,2,38372
2017-04,downloads,/spa/data/graph_037.txt.gz,2,213184
2017-04,downloads,/spa/data/graph_006.txt.gz,2,29308
2017-04,downloads,/spa/data/graph_025.txt.gz,2,89338
2017-04,downloads,/spa/data/graph_050.txt.gz,2,504028
2017-04,downloads,/spa/data/graph_048.txt.gz,2,383172
2017-04,downloads,/spa/data/graph_039.txt.gz,2,270408
2017-04,downloads,/spa/data/graph_041.txt.gz,1,142366
2017-04,downloads,/spa/data/graph_051.txt.gz,1,260734
2017-04,downloads,/axes/paper-axes2-grey.pdf,1,31584
2017-04,downloads,/spa/data/graph_003.txt.gz,1,5431
2017-04,downloads,/spa/data/graph_010.txt.gz,1,17665
2017-04,downloads,/spa/data/graph_014.txt.gz,1,19642
2017-04,downloads,/rtbpython.pdf,1,79907
2017-04,downloads,/spa/data/graph_027.txt.gz,1,62226
2017-04,downloads,/spa/data/graph_007.txt.gz,1,14684
2017-04,downloads,/spa/data/graph_045.txt.gz,1,166296
2017-04,downloads,/spa/data/graph_015.txt.gz,1,27752
2017-04,downloads,/spa/data/graph_034.txt.gz,1,87208
2017-04,downloads,/spa/data/graph_008.txt.gz,1,14733
2021-04,downloads,/download/27/rtb/1011/robot-10-3-1.zip,784,12626979938
2021-04,downloads,/RTB/robot.pdf,620,4664855004
2021-04,downloads,/MVTB/vision.pdf,459,2881846018
2021-04,downloads,/bluebook/book.pdf,439,1246616354
2021-04,downloads,/RTB/ARA95.pdf,435,32740275
2021-04,downloads,/download/29/books/1256/corke-bluebook.pdf,345,913116511
2021-04,downloads,/download/30/rvc2/1182/solutions.pdf,289,258983721
2021-04,downloads,/download/31/python-tools/1296/python_toolbox_icra_2020-5.pdf,287,145613707
2021-04,downloads,/doc/simple_systematic.pdf,254,45060210
2021-04,downloads,/download/30/rvc2/1208/rvc2-livescripts.zip,110,2606060193
2021-04,downloads,/download/20/articles/1059/urdf-2.pdf,100,75179730
2021-04,downloads,/download/28/mvtb/1181/contrib2.zip,87,376555601
2021-04,downloads,/files/MVTB/images-RVC2a.zip,68,3772760035
2021-04,downloads,/files/MVTB/images-RVC2b.zip,59,11374136138
2021-04,downloads,/download/20/articles/1041/ets_jacobian.pdf,52,12745720
2021-04,downloads,/download/20/articles/1057/prcurves.pdf,43,7330799
2021-04,downloads,/axes.pdf,33,1042272
2021-04,downloads,/download/20/articles/1062/rtb_dh.pdf,29,11372147
2021-04,downloads,/download/20/articles/1064/rtb_4dof.pdf,29,25497057
2021-04,downloads,/download/20/articles/1060/xml.pdf,27,2617478
2021-04,downloads,/RTB/r9/robot.pdf,25,190956250
2021-04,downloads,/download/20/articles/1193/unimate-puma-servo-system-exposed.pdf,21,319809082
2021-04,downloads,/axes/paper-axes2-grey.pdf,21,663264
2021-04,downloads,/download/20/articles/1054/insertion.pdf,19,2399966
2021-04,downloads,/download/30/rvc2/1183/rvc2-eps.zip,19,871398574
2021-04,downloads,/RVC1/top/toc/toc.pdf,19,1268307
2021-04,downloads,/download/30/rvc2/1184/rvc2-svg.zip,16,442507951
2021-04,downloads,/MVTB/r3/vision.pdf,16,104080832
2021-04,downloads,/download/32/documents/1317/aim-177.pdf,15,106099923
2021-04,downloads,/axes/paper-axes2-red.pdf,12,378840
2021-04,downloads,/download/20/articles/1079/the-bones-of-descartes.pdf,12,4174201
2021-04,downloads,/download/20/articles/1058/urdf.zip,11,129492
2021-04,downloads,/suttor/GeorgeAndSarahSuttorBook-index.pdf,9,1761435
2021-04,downloads,/spa/data/graph_060.txt.gz,9,2355460
2021-04,downloads,/axes/paper-axes2-blue.pdf,9,284328
2021-04,downloads,/spa/data/graph_035.txt.gz,9,861048
2021-04,downloads,/spa/data/graph_029.txt.gz,9,566568
2021-04,downloads,/spa/data/graph_057.txt.gz,8,2033790
2021-04,downloads,/spa/data/graph_059.txt.gz,8,2124791
2021-04,downloads,/license.txt,8,78197
2021-04,downloads,/spa/data/graph_014.txt.gz,8,157136
2021-04,downloads,/spa/data/graph_021.txt.gz,8,286296
2021-04,downloads,/spa/data/graph_032.txt.gz,8,675024
2021-04,downloads,/spa/data/graph_037.txt.gz,7,746144
2021-04,downloads,/spa/data/graph_026.txt.gz,7,405342
2021-04,downloads,/spa/data/graph_018.txt.gz,7,188391
2021-04,downloads,/download/20/articles/1063/rtb_real_robot.pdf,7,6144124
2021-04,downloads,/spa/data/graph_061.txt.gz,7,1943615
2021-04,downloads,/axes/paper-axes2-green.pdf,7,220990
2021-04,downloads,/spa/data/graph_006.txt.gz,6,87924
2021-04,downloads,/spa/data/graph_016.txt.gz,6,156114
2021-04,downloads,/spa/data/graph_050.txt.gz,6,1319352
2021-04,downloads,/spa/data/graph_007.txt.gz,6,88104
2021-04,downloads,/spa/data/graph_052.txt.gz,6,969584
2021-04,downloads,/download/20/articles/1061/xml-2.zip,6,34842
2021-04,downloads,/spa/data/graph_033.txt.gz,6,464815
2021-04,downloads,/spa/data/graph_027.txt.gz,6,373356
2021-04,downloads,/spa/data/graph_058.txt.gz,6,1580310
2021-04,downloads,/spa/data/graph_023.txt.gz,5,206365
2021-04,downloads,/spa/data/graph_030.txt.gz,5,430645
2021-04,downloads,/spa/data/graph_013.txt.gz,5,95930
2021-04,downloads,/spa/data/graph_005.txt.gz,5,71080
2021-04,downloads,/spa/data/graph_002.txt.gz,5,19425
2021-04,downloads,/spa/data/graph_011.txt.gz,5,95930
2021-04,downloads,/spa/data/graph_020.txt.gz,5,185190
2021-04,downloads,/spa/data/graph_010.txt.gz,5,88325
2021-04,downloads,/spa/data/graph_012.txt.gz,5,95930
2021-04,downloads,/suttor/GeorgeAndSarahSuttorBook-TOC.pdf,5,355480
2021-04,downloads,/download/20/articles/1055/solving-trig.pdf,5,745949
2021-04,downloads,/spa/data/graph_046.txt.gz,5,761754
2021-04,downloads,/spa/data/graph_048.txt.gz,5,661700
2021-04,downloads,/RTB/r8/robot.zip,5,5517214
2021-04,downloads,/spa/data/graph_001.txt.gz,5,8890
2021-04,downloads,/spa/data/graph_024.txt.gz,5,215500
2021-04,downloads,/spa/data/graph_019.txt.gz,5,134135
2021-04,downloads,/spa/data/graph_051.txt.gz,5,775027
2021-04,downloads,/spa/data/graph_008.txt.gz,5,73665
2021-04,downloads,/spa/data/graph_053.txt.gz,5,988460
2021-04,downloads,/spa/data/graph_015.txt.gz,4,111008
2021-04,downloads,/spa/data/graph_009.txt.gz,4,65672
2021-04,downloads,/spa/data/graph_036.txt.gz,4,409196
2021-04,downloads,/spa/data/graph_003.txt.gz,4,21724
2021-04,downloads,/download/20/articles/1060/CHANGELOG.txt,4,419944
2021-04,downloads,/wp-content/uploads/2020/01/book.pdf,4,12400384
2021-04,downloads,/spa/data/graph_004.txt.gz,4,23360
2021-04,downloads,/spa/data/graph_031.txt.gz,4,282904
2021-04,downloads,/spa/data/graph_041.txt.gz,4,481340
2021-04,downloads,/spa/data/graph_025.txt.gz,4,178676
2021-04,downloads,/spa/data/graph_054.txt.gz,4,719646
2021-04,downloads,/spa/data/graph_042.txt.gz,4,460034
2021-04,downloads,/spa/data/graph_022.txt.gz,4,154572
2021-04,downloads,/spa/data/graph_017.txt.gz,4,102256
2021-04,downloads,/spa/data/graph_055.txt.gz,4,802648
2021-04,downloads,/spa/data/graph_044.txt.gz,4,556047
2021-04,downloads,/spa/data/graph_056.txt.gz,4,616996
2021-04,downloads,/spa/data/graph_039.txt.gz,4,467016
2021-04,downloads,/spa/data/graph_047.txt.gz,4,645094
2021-04,downloads,/spa/data/graph_043.txt.gz,4,493860
2021-04,downloads,/spa/data/graph_028.txt.gz,4,247604
2021-04,downloads,/spa/data/graph_038.txt.gz,4,427244
2021-04,downloads,/spa/data/graph_045.txt.gz,4,414512
2021-04,downloads,/spa/data/graph_040.txt.gz,4,429374
2021-04,downloads,/spa/data/graph_034.txt.gz,4,348832
2021-04,downloads,/RTB/r7/robot.zip,4,2259483
2021-04,downloads,/spa/data/graph_049.txt.gz,4,840020
2021-04,downloads,/pdf/book_comic.pdf,3,14370111
2021-04,downloads,/RVC1/top/errata/pumaaxis.pdf,3,71847
2021-04,downloads,/download/20/articles/1062/rtb-dh.pdf,3,1176429
2021-04,downloads,/download/27/rtb/1050/rtb-manual.pdf,2,160
2021-04,downloads,/storage/logs/laravel.log,2,214
2021-04,downloads,/files/MVTB/vision-3.3.zip,1,89069
2021-04,downloads,/download/19/toolbox/1113/images-for-rvc2-extra-image-sequences-for-ch-14.zip,1,37
2021-04,downloads,/download/19/toolbox/1112/images-for-rvc2.zip,1,37
2021-04,downloads,/RTB/r4/robot.zip,1,447912
2021-04,downloads,/npm-debug.log,1,107
2021-04,downloads,/pdf/QUTSchoolCaptainsDinner2017.pdf,1,89544803
2021-04,downloads,/files/MVTB/vision-3.2.zip,1,131669
2021-04,downloads,/files/MVTB/contrib2.zip,1,338990
2021-04,downloads,/access.log,1,107
2021-04,downloads,/files/salesrank/salesrank.txt,1,7166
2021-04,downloads,/SMTB/spatialmath.pdf,1,3003132
2021-04,downloads,/files/MVTB/images1.zip,1,140188
2021-04,downloads,/files/MVTB/vision-2.zip,1,323584
2021-04,downloads,/wp-content/plugins/wordpress-seo/css/main-sitemap.xsl,1,1177
2021-04,downloads,/files/RTB/robot-9.3.zip,1,221184
2021-04,downloads,/download/19/toolbox/1011/robot-10-3-1.zip,1,37
2021-04,downloads,/files/MVTB/contrib.zip,1,123149
2021-04,urls,/download/28/mvtb/1109/mvtb-4-3.mltbx,355,18872504599
2021-04,urls,/download/19/toolbox/1109/mvtb-4-3.mltbx,21,798
2022-04,downloads,/download/27/rtb/1011/robot-10-3-1.zip,1011,16531038229
2022-04,downloads,/RTB/robot.pdf,699,5286848587
2022-04,downloads,/MVTB/vision.pdf,406,2577966389
2022-04,downloads,/bluebook/book.pdf,406,1187305796
2022-04,downloads,/RTB/ARA95.pdf,346,25665900
2022-04,downloads,/download/31/python-tools/1296/python_toolbox_icra_2020-5.pdf,203,107047400
2022-04,downloads,/download/30/rvc2/1182/solutions.pdf,177,161877165
2022-04,downloads,/doc/simple_systematic.pdf,150,26545618
2022-04,downloads,/download/30/rvc2/1208/rvc2-livescripts.zip,90,2057646712
2022-04,downloads,/download/20/articles/1059/urdf-2.pdf,77,58696765
2022-04,downloads,/download/28/mvtb/1181/contrib2.zip,54,244751129
2022-04,downloads,/download/29/books/1256/corke-bluebook.pdf,48,138296455
2022-04,downloads,/download/20/articles/1041/ets_jacobian.pdf,46,11892324
2022-04,downloads,/download/20/articles/1079/the-bones-of-descartes.pdf,42,14977250
2022-04,downloads,/download/20/articles/1062/rtb_dh.pdf,39,15100222
2022-04,downloads,/axes.pdf,36,1105547
2022-04,downloads,/download/20/articles/1063/rtb_real_robot.pdf,33,28547768
2022-04,downloads,/files/MVTB/images-RVC2a.zip,33,2274647500
2022-04,downloads,/files/MVTB/images-RVC2b.zip,30,5817987323
2022-04,downloads,/download/20/articles/1057/prcurves.pdf,30,5292630
2022-04,downloads,/download/20/articles/1064/rtb_4dof.pdf,24,21921525
2022-04,downloads,/RTB/r9/robot.pdf,23,175679750
2022-04,downloads,/download/20/articles/1060/xml.pdf,22,2309692
2022-04,downloads,/download/20/articles/1193/unimate-puma-servo-system-exposed.pdf,13,222413938
2022-04,downloads,/download/30/rvc2/1183/rvc2-eps.zip,13,419668803
2022-04,downloads,/axes/paper-axes2-red.pdf,10,315700
2022-04,downloads,/download/30/rvc2/1184/rvc2-svg.zip,10,291991361
2022-04,downloads,//wp-content/plugins/elementor/readme.txt,10,1070
2022-04,downloads,/axes/paper-axes2-blue.pdf,9,284328
2022-04,downloads,/download/32/documents/1317/aim-177.pdf,8,69909232
2022-04,downloads,/axes/paper-axes2-grey.pdf,8,252672
2022-04,downloads,/download/20/articles/1058/urdf.zip,8,94176
2022-04,downloads,/download/20/articles/1054/insertion.pdf,6,884198
2022-04,downloads,/suttor/GeorgeAndSarahSuttorBook-TOC.pdf,6,426576
2022-04,downloads,/RVC1/top/toc/toc.pdf,6,400518
2022-04,downloads,/RVC1/top/errata/pumaaxis.pdf,5,119745
2022-04,downloads,/wp-content/plugins/capability-manager-enhanced/readme.txt,4,371
2022-04,downloads,/wp-content/plugins/ulisting/readme.txt,4,371
2022-04,downloads,/wp-content/plugins/wp-file-manager/readme.txt,4,371
2022-04,downloads,/wp-content/uploads/2020/01/book.pdf,4,12400384
2022-04,downloads,/wp-content/plugins/image-hover-effects-ultimate/readme.txt,4,371
2022-04,downloads,/wp-content/plugins/masterstudy-lms-learning-management-system/readme.txt,4,371
2022-04,downloads,/wp-content/plugins/capabilities-pro/readme.txt,4,371
2022-04,downloads,/wp-content/plugins/emails-verification-for-woocommerce/readme.txt,4,371
2022-04,downloads,/files/MVTB/contrib2.zip,4,19861224
2022-04,downloads,/wp-content/plugins/vc-tabs/readme.txt,4,371
2022-04,downloads,/wp-content/plugins/themegrill-demo-importer/readme.txt,4,371
2022-04,downloads,/wp-content/plugins/ait-csv-import-export/changelog.txt,4,371
2022-04,downloads,/wp-content/plugins/wp-time-capsule/readme.txt,4,371
2022-04,downloads,/wp-content/plugins/advanced-import/readme.txt,4,371
2022-04,downloads,/wp-content/plugins/angwp/__%20UPDATES.txt,4,371
2022-04,downloads,/wp-content/plugins/shortcode-addons/readme.txt,4,371
2022-04,downloads,/wp-content/plugins/iwp-client/readme.txt,4,371
2022-04,downloads,/wp-content/plugins/woocommerce-jetpack/readme.txt,4,371
2022-04,downloads,/wp-content/plugins/mstore-api/readme.txt,4,371
2022-04,downloads,/suttor/GeorgeAndSarahSuttorBook-index.pdf,3,587145
2022-04,downloads,/wp-content/plugins/nd-shortcodes/readme.txt,3,283
2022-04,downloads,/wp-content/plugins/woo-product-table/readme.txt,3,283
2022-04,downloads,/wp-content/plugins/nd-learning/readme.txt,3,283
2022-04,downloads,/MVTB/r3/vision.pdf,3,19515156
2022-04,downloads,/download/20/articles/1055/solving-trig.pdf,3,437739
2022-04,downloads,/wp-content/plugins/nd-booking/readme.txt,3,283
2022-04,downloads,/wp-content/plugins/nd-donations/readme.txt,3,283
2022-04,downloads,/wp-content/plugins/wpcargo/readme.txt,3,283
2022-04,downloads,/wp-content/plugins/wp-user-avatar/changelog.txt,3,321
2022-04,downloads,/wp-content/plugins/udraw/readme.txt,3,283
2022-04,downloads,/wp-content/plugins/nd-restaurant-reservations/readme.txt,3,283
2022-04,downloads,/download/27/rtb/1050/rtb-manual.pdf,2,160
2022-04,downloads,/pdf/book_comic.pdf,2,9580074
2022-04,downloads,/axes/paper-axes2-green.pdf,2,63140
2022-04,downloads,/wp-content/plugins/elementor/readme.txt,2,214
2022-04,downloads,/doc/robotarm.pdf,1,107
2022-04,downloads,/rtb/r10/robot.pdf,1,107
2022-04,downloads,/spa/data/graph_060.txt.gz,1,372788
2022-04,downloads,/spa/data/graph_026.txt.gz,1,57906
2022-04,downloads,/download/20/articles/1061/xml-2.zip,1,5807
2022-04,downloads,/doc/rtb_dh.pdf,1,107
2022-04,downloads,/SMTB/spatialmath.pdf,1,3003132
2022-04,downloads,/RTB/r8/robot.zip,1,1257212
2022-04,downloads,/aa.zip,1,0
2022-04,downloads,/book_comic.pdf,1,107
2022-04,downloads,/RTB/r7/robot.zip,1,851846
2022-04,downloads,/spa/data/graph_053.txt.gz,1,269412
2022-04,downloads,/spa/data/graph_049.txt.gz,1,272554
2022-04,downloads,/spa/data/graph_058.txt.gz,1,394809
2022-04,urls,/download/28/mvtb/1109/mvtb-4-3.mltbx,319,20173200914
2022-04,urls,/download/27/rtb/1045/rtb10-4-mltbx.mltbx,7,448
2022-04,urls,/download/20/articles/1056/sincos.mlx,1,4809
2023-04,downloads,/RTB/robot.pdf,813,6007832318
2023-04,downloads,/download/27/rtb/1011/robot-10-3-1.zip,488,10171941586
2023-04,downloads,/MVTB/vision.pdf,426,2677521494
2023-04,downloads,/RTB/ARA95.pdf,282,21505654
2023-04,downloads,/download/30/rvc2/1182/solutions.pdf,270,243328405
2023-04,downloads,/bluebook/book.pdf,240,761204466
2023-04,downloads,/download/31/python-tools/1349/python_toolbox_icra_2021.pdf,237,135834118
2023-04,downloads,/download/20/articles/1062/rtb_dh.pdf,184,70640214
2023-04,downloads,/download/20/articles/1063/rtb_real_robot.pdf,156,127229113
2023-04,downloads,/download/27/rtb/1351/robot-9-10.zip,126,2186691506
2023-04,downloads,/download/30/rvc2/1208/rvc2-livescripts.zip,125,3276311042
2023-04,downloads,/doc/simple_systematic.pdf,119,21517720
2023-04,downloads,/download/20/articles/1059/urdf-2.pdf,110,84430024
2023-04,downloads,/download/28/mvtb/1181/contrib2.zip,92,428730764
2023-04,downloads,/download/29/books/1256/corke-bluebook.pdf,92,262970031
2023-04,downloads,/download/20/articles/1060/xml.pdf,69,7026841
2023-04,downloads,/download/20/articles/1041/ets_jacobian.pdf,66,15587766
2023-04,downloads,/download/20/articles/1057/prcurves.pdf,58,9944314
2023-04,downloads,/files/MVTB/images-RVC2a.zip,58,3916629997
2023-04,downloads,/files/MVTB/images-RVC2b.zip,48,10471007306
2023-04,downloads,/download/20/articles/1064/rtb_4dof.pdf,44,37678151
2023-04,downloads,/axes.pdf,42,1421280
2023-04,downloads,/download/32/documents/1317/aim-177.pdf,39,293321411
2023-04,downloads,/download/20/articles/1079/the-bones-of-descartes.pdf,38,13694586
2023-04,downloads,/download/20/articles/1058/urdf.zip,35,412020
2023-04,downloads,/download/30/rvc2/1183/rvc2-eps.zip,33,1409653703
2023-04,downloads,/download/31/python-tools/1296/python_toolbox_icra_2020-5.pdf,32,930
2023-04,downloads,/download/20/articles/1055/solving-trig.pdf,29,4004630
2023-04,downloads,/download/30/rvc2/1184/rvc2-svg.zip,26,707797605
2023-04,downloads,/download/20/articles/1193/unimate-puma-servo-system-exposed.pdf,24,455800885
2023-04,downloads,/download/28/mvtb/1087/vision-4-3.zip,24,1383939222
2023-04,downloads,/RTB/r9/robot.pdf,19,137831645
2023-04,downloads,/suttor/GeorgeAndSarahSuttorBook-index.pdf,15,2348580
2023-04,downloads,/RTB/r8/robot.zip,14,5108740
2023-04,downloads,/download/20/articles/1054/insertion.pdf,13,1642082
2023-04,downloads,/axes/paper-axes2-grey.pdf,13,458560
2023-04,downloads,/axes/paper-axes2-blue.pdf,13,474905
2023-04,downloads,/files/MVTB/images1.zip,13,693656258
2023-04,downloads,/MVTB/r3/vision.pdf,11,65050520
2023-04,downloads,/wp-content/uploads/2020/01/book.pdf,10,31000960
2023-04,downloads,/axes/paper-axes2-green.pdf,10,333109
2023-04,downloads,/pdf/book_comic.pdf,9,38375497
2023-04,downloads,/axes/paper-axes2-red.pdf,7,222015
2023-04,downloads,/suttor/GeorgeAndSarahSuttorBook-TOC.pdf,6,426576
2023-04,downloads,/RVC1/top/toc/toc.pdf,6,400518
2023-04,downloads,/download/20/articles/1061/xml-2.zip,5,29035
2023-04,downloads,/RVC1/top/errata/pumaaxis.pdf,5,119745
2023-04,downloads,/RTB/r4/robot.zip,4,672656
2023-04,downloads,/spa/data/graph_010.txt.gz,4,70660
2023-04,downloads,/RTB/r6/robot.zip,3,292710
2023-04,downloads,/spa/data/graph_046.txt.gz,3,515994
2023-04,downloads,/spa/data/graph_048.txt.gz,3,574758
2023-04,downloads,/spa/data/graph_015.txt.gz,2,55504
2023-04,downloads,/spa/data/graph_006.txt.gz,2,29308
2023-04,downloads,/spa/data/graph_009.txt.gz,2,32836
2023-04,downloads,/files/images/bridge-l.zip,2,243935274
2023-04,downloads,/spa/data/graph_020.txt.gz,2,74076
2023-04,downloads,/spa/data/graph_054.txt.gz,2,523038
2023-04,downloads,/wp-includes/ID3/license.txt,2,272
2023-04,downloads,/spa/data/graph_052.txt.gz,2,515582
2023-04,downloads,/spa/data/graph_017.txt.gz,2,51128
2023-04,downloads,/spa/data/graph_055.txt.gz,2,524120
2023-04,downloads,/files/images/bridge-r.zip,2,243524676
2023-04,downloads,/spa/data/graph_047.txt.gz,2,369988
2023-04,downloads,/spa/data/graph_001.txt.gz,2,3556
2023-04,downloads,/wp-content/plugins/wordpress-seo/css/main-sitemap.xsl,2,2324
2023-04,downloads,//wp-includes/ID3/license.txt,2,1860
2023-04,downloads,/spa/data/graph_053.txt.gz,2,538824
2023-04,downloads,/RTB/r7/robot.zip,2,1703692
2023-04,downloads,/spa/data/graph_023.txt.gz,1,41273
2023-04,downloads,/spa/data/graph_057.txt.gz,1,306197
2023-04,downloads,/spa/data/graph_060.txt.gz,1,372788
2023-04,downloads,/pdf/paper-axes.pdf,1,30895
2023-04,downloads,/spa/data/graph_002.txt.gz,1,3885
2023-04,downloads,/spa/data/graph_004.txt.gz,1,5840
2023-04,downloads,/spa/data/graph_016.txt.gz,1,26019
2023-04,downloads,/spa/data/graph_031.txt.gz,1,84108
2023-04,downloads,/pdf/QUTSchoolCaptainsDinner2017.pdf,1,11313152
2023-04,downloads,http://www.petercorke.com/axes.pdf,1,31584
2023-04,downloads,/spa/data/graph_042.txt.gz,1,139905
2023-04,downloads,/spa/data/graph_022.txt.gz,1,38643
2023-04,downloads,/spa/data/graph_059.txt.gz,1,370891
2023-04,downloads,/spa/data/graph_028.txt.gz,1,61901
2023-04,downloads,/aa.zip,1,97897
2023-04,downloads,/spa/data/graph_019.txt.gz,1,26827
2023-04,downloads,/spa/data/graph_040.txt.gz,1,140959
2023-04,downloads,/spa/data/graph_034.txt.gz,1,87208
2023-04,downloads,/spa/data/graph_008.txt.gz,1,14733
2023-04,downloads,/spa/data/graph_049.txt.gz,1,272554
2023-04,urls,/download/28/mvtb/1109/mvtb-4-3.mltbx,328,19370013479
2023-04,urls,/download/27/rtb/1045/rtb10-4-mltbx.mltbx,2,245
2023-04,urls,/download/20/articles/1056/sincos.mlx,4,19236
2024-04,downloads,/MVTB/vision.pdf,618,4123682578
2024-04,downloads,/RTB/robot.pdf,521,3367622831
2024-04,downloads,/download/27/rtb/1011/robot-10-3-1.zip,403,8029208724
2024-04,downloads,/bluebook/book.pdf,315,971118592
2024-04,downloads,/RTB/ARA95.pdf,285,21844648
2024-04,downloads,/download/20/articles/1062/rtb_dh.pdf,242,84339836
2024-04,downloads,/download/31/python-tools/1349/python_toolbox_icra_2021.pdf,227,129651616
2024-04,downloads,/download/30/rvc2/1182/solutions.pdf,215,198489934
2024-04,downloads,/doc/simple_systematic.pdf,158,27214031
2024-04,downloads,/download/29/books/1256/corke-bluebook.pdf,118,353927145
2024-04,downloads,/download/20/articles/1063/rtb_real_robot.pdf,118,92767077
2024-04,downloads,/download/20/articles/1059/urdf-2.pdf,86,63707610
2024-04,downloads,/download/30/rvc2/1208/rvc2-livescripts.zip,83,2213313441
2024-04,downloads,/download/27/rtb/1351/robot-9-10.zip,71,1271090708
2024-04,downloads,/download/20/articles/1064/rtb_4dof.pdf,71,58564311
2024-04,downloads,/download/20/articles/1079/the-bones-of-descartes.pdf,69,23495134
2024-04,downloads,/download/20/articles/1057/prcurves.pdf,67,11679345
2024-04,downloads,/download/20/articles/1041/ets_jacobian.pdf,61,14706358
2024-04,downloads,/MVTB/r3/vision.pdf,54,313688542
2024-04,downloads,/download/28/mvtb/1181/contrib2.zip,47,186905910
2024-04,downloads,/RTB/r9/robot.pdf,43,332842274
2024-04,downloads,/axes.pdf,38,947520
2024-04,downloads,/download/20/articles/1060/xml.pdf,37,3884482
2024-04,downloads,/download/32/documents/1317/aim-177.pdf,30,263179904
2024-04,downloads,/download/20/articles/1193/unimate-puma-servo-system-exposed.pdf,30,443968445
2024-04,downloads,/files/MVTB/images-RVC2a.zip,28,1747135827
2024-04,downloads,/download/20/articles/1058/urdf.zip,26,294300
2024-04,downloads,/files/MVTB/images-RVC2b.zip,25,5635308732
2024-04,downloads,/download/20/articles/1055/solving-trig.pdf,25,3599702
2024-04,downloads,/download/31/python-tools/1296/python_toolbox_icra_2020-5.pdf,22,694
2024-04,downloads,/download/30/rvc2/1183/rvc2-eps.zip,21,949858453
2024-04,downloads,/RVC1/top/toc/toc.pdf,19,1269332
2024-04,downloads,/download/28/mvtb/1087/vision-4-3.zip,15,952950422
2024-04,downloads,/axes/paper-axes2-grey.pdf,15,507394
2024-04,downloads,/suttor/GeorgeAndSarahSuttorBook-index.pdf,13,2544295
2024-04,downloads,/download/20/articles/1054/insertion.pdf,13,1642082
2024-04,downloads,/download/30/rvc2/1184/rvc2-svg.zip,12,324438438
2024-04,downloads,/wp-content/uploads/2020/01/book.pdf,12,37201152
2024-04,downloads,/axes/paper-axes2-blue.pdf,11,379104
2024-04,downloads,/axes/paper-axes2-red.pdf,10,348295
2024-04,downloads,/axes/paper-axes2-green.pdf,9,316725
2024-04,downloads,/RVC1/top/errata/pumaaxis.pdf,8,191592
2024-04,downloads,/suttor/GeorgeAndSarahSuttorBook-TOC.pdf,7,497672
2024-04,downloads,/RTB/r8/robot.zip,6,7543272
2024-04,downloads,/pdf/book_comic.pdf,5,23950185
2024-04,downloads,/RTB/r6/robot.zip,5,487850
2024-04,downloads,/RTB/r7/robot.zip,5,4259230
2024-04,downloads,/spa/data/graph_031.txt.gz,4,336432
2024-04,downloads,/spa/data/graph_051.txt.gz,4,872314
2024-04,downloads,/spa/data/graph_013.txt.gz,4,76744
2024-04,downloads,/spa/data/graph_018.txt.gz,4,107652
2024-04,downloads,/spa/data/graph_017.txt.gz,4,102256
2024-04,downloads,/download/20/articles/1061/xml-2.zip,3,17421
2024-04,downloads,/spa/data/graph_046.txt.gz,3,466876
2024-04,downloads,/files/images/bridge-r.zip,3,365287014
2024-04,downloads,/files/images/bridge-l.zip,3,365902911
2024-04,downloads,/spa/data/graph_053.txt.gz,3,628936
2024-04,downloads,/spa/data/graph_036.txt.gz,3,294710
2024-04,downloads,/spa/data/graph_042.txt.gz,3,369922
2024-04,downloads,/spa/data/graph_047.txt.gz,3,525636
2024-04,downloads,/files/MVTB/images1.zip,3,176052255
2024-04,downloads,/spa/data/graph_029.txt.gz,3,188856
2024-04,downloads,/spa/data/graph_012.txt.gz,3,57558
2024-04,downloads,/spa/data/graph_016.txt.gz,2,52038
2024-04,downloads,/spa/data/graph_043.txt.gz,2,246930
2024-04,downloads,/spa/data/graph_033.txt.gz,2,169542
2024-04,downloads,/SMTB/spatialmath.pdf,2,6006264
2024-04,downloads,/spa/data/graph_057.txt.gz,2,404501
2024-04,downloads,/spa/data/graph_002.txt.gz,2,7770
2024-04,downloads,/files/images/mosaicml.zip,2,12193854
2024-04,downloads,/spa/data/graph_056.txt.gz,2,357650
2024-04,downloads,/spa/data/graph_026.txt.gz,2,115812
2024-04,downloads,/spa/data/graph_008.txt.gz,2,29466
2024-04,downloads,/spa/data/graph_006.txt.gz,2,29308
2024-04,downloads,/spa/data/graph_055.txt.gz,2,352172
2024-04,downloads,/spa/data/graph_022.txt.gz,2,77286
2024-04,downloads,/spa/data/graph_009.txt.gz,2,32836
2024-04,downloads,/spa/data/graph_001.txt.gz,2,3556
2024-04,downloads,/spa/data/graph_058.txt.gz,2,484921
2024-04,downloads,/spa/data/graph_028.txt.gz,2,123802
2024-04,downloads,/RTB/r4/robot.zip,2,496058
2024-04,downloads,/spa/data/graph_035.txt.gz,2,192623
2024-04,downloads,/spa/data/graph_005.txt.gz,2,28432
2024-04,downloads,/spa/data/graph_054.txt.gz,2,351631
2024-04,downloads,/spa/data/graph_038.txt.gz,1,90112
2024-04,downloads,/spa/data/graph_010.txt.gz,1,17665
2024-04,downloads,/spa/data/graph_004.txt.gz,1,5840
2024-04,downloads,/spa/data/graph_014.txt.gz,1,19642
2024-04,downloads,/spa/data/graph_045.txt.gz,1,90112
2024-04,downloads,/spa/data/graph_007.txt.gz,1,14684
2024-04,downloads,/spa/data/graph_061.txt.gz,1,90112
2024-04,downloads,/spa/data/graph_044.txt.gz,1,160773
2024-04,downloads,/spa/data/graph_003.txt.gz,1,5431
2024-04,downloads,/spa/data/graph_024.txt.gz,1,43100
2024-04,downloads,/spa/data/graph_052.txt.gz,1,90112
2024-04,downloads,/spa/data/graph_041.txt.gz,1,90112
2024-04,downloads,/spa/data/graph_030.txt.gz,1,86129
2024-04,downloads,/spa/data/graph_027.txt.gz,1,62226
2024-04,downloads,/spa/data/graph_019.txt.gz,1,26827
2024-04,downloads,/spa/data/graph_050.txt.gz,1,90112
2024-04,downloads,/spa/data/graph_040.txt.gz,1,90112
2024-04,downloads,/spa/data/graph_015.txt.gz,1,27752
2024-04,downloads,/spa/data/graph_049.txt.gz,1,90112
2024-04,downloads,/spa/data/graph_032.txt.gz,1,84378
2024-04,downloads,/spa/data/graph_039.txt.gz,1,90112
2024-04,downloads,/spa/data/graph_037.txt.gz,1,90112
2024-04,downloads,/spa/data/graph_060.txt.gz,1,90112
2024-04,downloads,/spa/data/graph_011.txt.gz,1,19186
2024-04,downloads,/spa/data/graph_034.txt.gz,1,87208
2024-04,downloads,/spa/data/graph_059.txt.gz,1,155648
2024-04,downloads,/spa/data/graph_023.txt.gz,1,41273
2024-04,downloads,/spa/data/graph_021.txt.gz,1,35787
2024-04,downloads,/spa/data/graph_048.txt.gz,1,90112
2024-04,downloads,/spa/data/graph_025.txt.gz,1,44669
2024-04,downloads,/spa/data/graph_020.txt.gz,1,37038
2024-04,urls,/download/28/mvtb/1109/mvtb-4-3.mltbx,228,13175064865
2024-04,urls,/download/20/articles/1056/sincos.mlx,9,38472
2025-04,downloads,/files/salesrank/salesrank.csv,28001,1222471873
2025-04,downloads,/MVTB/vision.pdf,568,3614867884
2025-04,downloads,/bluebook/book.pdf,470,1300813334
2025-04,downloads,/RTB/robot.pdf,368,2426206850
2025-04,downloads,/RTB/ARA95.pdf,257,19728267
2025-04,downloads,/download/20/articles/1063/rtb_real_robot.pdf,225,184907451
2025-04,downloads,/download/20/articles/1062/rtb_dh.pdf,221,82714752
2025-04,downloads,/download/31/python-tools/1349/python_toolbox_icra_2021.pdf,180,101961805
2025-04,downloads,/download/30/rvc2/1182/solutions.pdf,150,134894050
2025-04,downloads,/download/27/rtb/1011/robot-10-3-1.zip,125,2824205821
2025-04,downloads,/doc/simple_systematic.pdf,118,21316661
2025-04,downloads,/download/20/articles/1058/urdf.zip,109,1224288
2025-04,downloads,/download/20/articles/1059/urdf-2.pdf,99,69427838
2025-04,downloads,/download/20/articles/1041/ets_jacobian.pdf,73,16323854
2025-04,downloads,/download/29/books/1256/corke-bluebook.pdf,57,171498867
2025-04,downloads,/download/20/articles/1057/prcurves.pdf,56,8951321
2025-04,downloads,/download/20/articles/1064/rtb_4dof.pdf,48,37678168
2025-04,downloads,/download/20/articles/1079/the-bones-of-descartes.pdf,43,14296480
2025-04,downloads,/download/28/mvtb/1181/contrib2.zip,40,185457858
2025-04,downloads,/download/27/rtb/1351/robot-9-10.zip,38,635084665
2025-04,downloads,/download/20/articles/1060/xml.pdf,38,3674510
2025-04,downloads,/download/32/documents/1317/aim-177.pdf,37,163197201
2025-04,downloads,/download/20/articles/1055/solving-trig.pdf,27,3501912
2025-04,downloads,/download/30/rvc2/1208/rvc2-livescripts.zip,26,600841467
2025-04,downloads,/MVTB/r3/vision.pdf,24,159014151
2025-04,downloads,/download/30/rvc2/1183/rvc2-eps.zip,17,761656791
2025-04,downloads,/axes.pdf,16,506369
2025-04,downloads,/files/MVTB/images-RVC2a.zip,16,1119039834
2025-04,downloads,/RTB/r9/robot.pdf,16,116012236
2025-04,downloads,http://www.petercorke.com/RTB/robot.pdf,15,2682222
2025-04,downloads,/download/31/python-tools/1296/python_toolbox_icra_2020-5.pdf,15,487
2025-04,downloads,/download/30/rvc2/1184/rvc2-svg.zip,13,367318045
2025-04,downloads,/files/MVTB/images-RVC2b.zip,13,2732630009
2025-04,downloads,/axes/paper-axes2-grey.pdf,11,347424
2025-04,downloads,/download/20/articles/1054/insertion.pdf,11,1389454
2025-04,downloads,/wp-content/uploads/2020/01/book.pdf,10,30612416
2025-04,downloads,/axes/paper-axes2-red.pdf,10,315700
2025-04,downloads,/RVC1/top/toc/toc.pdf,9,601802
2025-04,downloads,/download/28/mvtb/1087/vision-4-3.zip,9,602634481
2025-04,downloads,/pdf/book_comic.pdf,7,21598142
2025-04,downloads,/axes/paper-axes2-green.pdf,6,189420
2025-04,downloads,/RTB/r6/robot.zip,5,487850
2025-04,downloads,/spa/data/graph_005.txt.gz,5,71080
2025-04,downloads,/files/MVTB/images1.zip,4,234736340
2025-04,downloads,/RTB/r7/robot.zip,4,3407384
2025-04,downloads,/axes/paper-axes2-blue.pdf,4,126368
2025-04,downloads,/download/20/articles/1061/xml-2.zip,3,17421
2025-04,downloads,/RVC1/top/errata/pumaaxis.pdf,3,71847
2025-04,downloads,/spa/data/graph_061.txt.gz,3,857318
2025-04,downloads,/RTB/r4/robot.zip,3,744087
2025-04,downloads,/RTB/r8/robot.zip,3,3771636
2025-04,downloads,/suttor/GeorgeAndSarahSuttorBook-index.pdf,3,391430
2025-04,downloads,/spa/data/graph_018.txt.gz,3,80739
2025-04,downloads,/spa/data/graph_015.txt.gz,2,55504
2025-04,downloads,/spa/data/graph_014.txt.gz,2,39284
2025-04,downloads,/spa/data/graph_023.txt.gz,2,82546
2025-04,downloads,/spa/data/graph_037.txt.gz,2,213184
2025-04,downloads,/cv/corke-resume.mov,2,328690
2025-04,downloads,/spa/data/graph_007.txt.gz,2,29368
2025-04,downloads,/spa/data/graph_003.txt.gz,1,5431
2025-04,downloads,/spa/data/graph_021.txt.gz,1,35787
2025-04,downloads,/spa/data/graph_042.txt.gz,1,139905
2025-04,downloads,/spa/data/graph_044.txt.gz,1,160773
2025-04,downloads,/spa/data/graph_029.txt.gz,1,62952
2025-04,downloads,/spa/data/graph_051.txt.gz,1,90112
2025-04,downloads,/spa/data/graph_058.txt.gz,1,188416
2025-04,downloads,/spa/data/graph_040.txt.gz,1,140959
2025-04,downloads,/spa/data/graph_031.txt.gz,1,84108
2025-04,downloads,/spa/data/graph_056.txt.gz,1,204800
2025-04,downloads,/spa/data/graph_002.txt.gz,1,3885
2025-04,downloads,/spa/data/graph_052.txt.gz,1,155648
2025-04,downloads,/spa/data/graph_054.txt.gz,1,90112
2025-04,downloads,/spa/data/graph_028.txt.gz,1,61901
2025-04,downloads,/spa/data/graph_059.txt.gz,1,90112
2025-04,downloads,/spa/data/graph_033.txt.gz,1,84771
2025-04,downloads,/files/images/bridge-l.zip,1,121967637
2025-04,downloads,/spa/data/graph_053.txt.gz,1,90112
2025-04,downloads,/spa/data/graph_032.txt.gz,1,84378
2025-04,downloads,/SMTB/spatialmath.pdf,1,3003132
2025-04,downloads,/spa/data/graph_057.txt.gz,1,90112
2025-04,downloads,/files/images/bridge-r.zip,1,121762338
2025-04,urls,/download/20/articles/1056/sincos.mlx,4,19236
2025-04,urls,/download/28/mvtb/1109/mvtb-4-3.mltbx,162,10822544787
2025-04,urls,/download/28/mvtb/1109/mtvb-4-3.mltbx,1,72674249
2026-04,downloads,/RTB/currentversion.txt,1479,7395
2026-04,downloads,/RTB/robot.pdf,1042,7885948891
2026-04,downloads,/bluebook/book.pdf,949,2982105269
2026-04,downloads,/RTB/ARA95.pdf,567,43278400
2026-04,downloads,/doc/simple_systematic.pdf,567,102229155
2026-04,downloads,/MVTB/vision.pdf,526,3223867294
2026-04,downloads,/files/salesrank/salesrank.csv,191,9241917
2026-04,downloads,/RVC1/top/toc/toc.pdf,91,6140059
2026-04,downloads,/axes.pdf,33,1010688
2026-04,downloads,/RTB/r9/robot.pdf,30,216010011
2026-04,downloads,/suttor/GeorgeAndSarahSuttorBook-index.pdf,23,4501445
2026-04,downloads,/usefulrobot/Useful_Robot_Capability_Statement_2026.pdf,19,70065162
2026-04,downloads,/suttor/GeorgeAndSarahSuttorBook-TOC.pdf,16,1137536
2026-04,downloads,/wp-content/uploads/2020/01/book.pdf,15,46501440
2026-04,downloads,/axes/paper-axes2-blue.pdf,14,443313
2026-04,downloads,/RVC1/top/errata/pumaaxis.pdf,13,311337
2026-04,downloads,/axes/paper-axes2-grey.pdf,12,380033
2026-04,downloads,/spa/data/graph_058.txt.gz,11,4342899
2026-04,downloads,/axes/paper-axes2-red.pdf,11,347270
2026-04,downloads,/MVTB/r3/vision.pdf,10,58308062
2026-04,downloads,/spa/data/graph_027.txt.gz,10,622260
2026-04,downloads,/SMTB/spatialmath.pdf,10,30031320
2026-04,downloads,/spa/data/graph_056.txt.gz,9,2407842
2026-04,downloads,/spa/data/graph_059.txt.gz,9,3338019
2026-04,downloads,/spa/data/graph_026.txt.gz,9,521154
2026-04,downloads,/RTB/r10/robot.pdf,9,38375064
2026-04,downloads,/spa/data/graph_007.txt.gz,8,117472
2026-04,downloads,/spa/data/graph_034.txt.gz,8,697664
2026-04,downloads,/spa/data/graph_025.txt.gz,8,357352
2026-04,downloads,/pdf/book_comic.pdf,8,36405651
2026-04,downloads,/spa/data/graph_008.txt.gz,8,117864
2026-04,downloads,/spa/data/graph_010.txt.gz,8,141320
2026-04,downloads,/axes/paper-axes2-green.pdf,8,252560
2026-04,downloads,/spa/data/graph_011.txt.gz,8,153488
2026-04,downloads,/spa/data/graph_043.txt.gz,8,1254544
2026-04,downloads,/spa/data/graph_031.txt.gz,7,588756
2026-04,downloads,/spa/data/graph_044.txt.gz,7,1125411
2026-04,downloads,/spa/data/graph_028.txt.gz,7,433307
2026-04,downloads,/spa/data/graph_052.txt.gz,7,1804537
2026-04,downloads,/spa/data/graph_019.txt.gz,7,187789
2026-04,downloads,/spa/data/graph_006.txt.gz,7,102578
2026-04,downloads,/spa/data/graph_051.txt.gz,7,1825138
2026-04,downloads,/spa/data/graph_033.txt.gz,7,593397
2026-04,downloads,/spa/data/graph_023.txt.gz,7,288911
2026-04,downloads,/spa/data/graph_032.txt.gz,7,590646
2026-04,downloads,/spa/data/graph_049.txt.gz,7,1907878
2026-04,downloads,/spa/data/graph_036.txt.gz,7,716093
2026-04,downloads,/spa/data/graph_020.txt.gz,7,259266
2026-04,downloads,/spa/data/graph_015.txt.gz,7,194264
2026-04,downloads,/spa/data/graph_061.txt.gz,7,2685221
2026-04,downloads,/spa/data/graph_060.txt.gz,7,2609516
2026-04,downloads,/spa/data/graph_041.txt.gz,7,996562
2026-04,downloads,/spa/data/graph_014.txt.gz,7,137494
2026-04,downloads,/spa/data/graph_057.txt.gz,6,1837182
2026-04,downloads,/spa/data/graph_046.txt.gz,6,1031988
2026-04,downloads,/spa/data/graph_009.txt.gz,6,98508
2026-04,downloads,/spa/data/graph_022.txt.gz,6,231858
2026-04,downloads,/spa/data/graph_030.txt.gz,6,516774
2026-04,downloads,/spa/data/graph_039.txt.gz,6,811224
2026-04,downloads,/spa/data/graph_021.txt.gz,6,214722
2026-04,downloads,/spa/data/graph_037.txt.gz,6,639552
2026-04,downloads,/spa/data/graph_053.txt.gz,6,1616472
2026-04,downloads,/spa/data/graph_017.txt.gz,6,153384
2026-04,downloads,/spa/data/graph_045.txt.gz,6,997776
2026-04,downloads,/spa/data/graph_048.txt.gz,6,1149516
2026-04,downloads,/spa/data/graph_029.txt.gz,5,314760
2026-04,downloads,/spa/data/graph_050.txt.gz,5,1260070
2026-04,downloads,/spa/data/graph_012.txt.gz,5,95930
2026-04,downloads,/spa/data/graph_042.txt.gz,5,699525
2026-04,downloads,/spa/data/graph_016.txt.gz,5,130095
2026-04,downloads,/spa/data/graph_024.txt.gz,5,215500
2026-04,downloads,/spa/data/graph_013.txt.gz,5,95930
2026-04,downloads,/spa/data/graph_038.txt.gz,5,597070
2026-04,downloads,/files/images/bridge-l.zip,4,487870548
2026-04,downloads,/spa/data/graph_001.txt.gz,4,7112
2026-04,downloads,/cv/corke-resume.mov,4,14624020
2026-04,downloads,/spa/data/graph_004.txt.gz,4,23360
2026-04,downloads,/spa/data/graph_054.txt.gz,4,1046076
2026-04,downloads,/spa/data/graph_005.txt.gz,4,56864
2026-04,downloads,/spa/data/graph_035.txt.gz,4,410044
2026-04,downloads,/RTB/r8/robot.zip,4,683903
2026-04,downloads,/spa/data/graph_055.txt.gz,4,1048240
2026-04,downloads,/spa/data/graph_003.txt.gz,4,21724
2026-04,downloads,/files/images/bridge-r.zip,3,365287014
2026-04,downloads,/RTB/r6/robot.zip,3,0
2026-04,downloads,/spa/data/graph_047.txt.gz,3,554982
2026-04,downloads,/RTB/r7/robot.zip,3,0
2026-04,downloads,/spa/data/graph_002.txt.gz,3,11655
2026-04,downloads,/spa/data/graph_040.txt.gz,3,422877
2026-04,downloads,/spa/data/graph_018.txt.gz,3,80739
2026-04,downloads,/RTB/r4/robot.zip,2,0
2026-04,downloads,/files/images/mosaicml.zip,2,12193854
2026-04,downloads,/pdf/QUTSchoolCaptainsDinner2017.pdf,1,55930880
2026-04,downloads,/files/MVTB/images-RVC2b.zip,1,254950677
2026-04,downloads,http://www.petercorke.com/RTB/ARA95.pdf,1,75265
2026-04,downloads,/robots.txt,0,49543
2021-05,downloads,/download/27/rtb/1011/robot-10-3-1.zip,750,12334128104
2021-05,downloads,/RTB/ARA95.pdf,575,43277375
2021-05,downloads,/RTB/robot.pdf,459,3453445152
2021-05,downloads,/MVTB/vision.pdf,404,2523205026
2021-05,downloads,/bluebook/book.pdf,381,1123670850
2021-05,downloads,/doc/simple_systematic.pdf,247,42598746
2021-05,downloads,/download/31/python-tools/1296/python_toolbox_icra_2020-5.pdf,244,124644780
2021-05,downloads,/download/30/rvc2/1182/solutions.pdf,232,199656673
2021-05,downloads,/download/29/books/1256/corke-bluebook.pdf,142,397254677
2021-05,downloads,/download/30/rvc2/1208/rvc2-livescripts.zip,115,2852808426
2021-05,downloads,/download/28/mvtb/1181/contrib2.zip,97,388162150
2021-05,downloads,/download/20/articles/1059/urdf-2.pdf,71,52633518
2021-05,downloads,/files/MVTB/images-RVC2a.zip,69,3480064501
2021-05,downloads,/files/MVTB/images-RVC2b.zip,55,10261000330
2021-05,downloads,/axes.pdf,45,1421280
2021-05,downloads,/download/20/articles/1041/ets_jacobian.pdf,35,8587779
2021-05,downloads,/download/20/articles/1062/rtb_dh.pdf,29,10346482
2021-05,downloads,/RTB/r8/robot.zip,27,31701255
2021-05,downloads,/download/20/articles/1064/rtb_4dof.pdf,27,22893401
2021-05,downloads,/download/20/articles/1057/prcurves.pdf,27,4763367
2021-05,downloads,/RTB/r9/robot.pdf,26,198594500
2021-05,downloads,/download/20/articles/1060/xml.pdf,22,2309692
2021-05,downloads,/download/20/articles/1063/rtb_real_robot.pdf,18,15051732
2021-05,downloads,/download/20/articles/1193/unimate-puma-servo-system-exposed.pdf,17,266332193
2021-05,downloads,/RVC1/top/toc/toc.pdf,17,1134801
2021-05,downloads,/MVTB/r3/vision.pdf,15,97575780
2021-05,downloads,/download/20/articles/1054/insertion.pdf,12,1515768
2021-05,downloads,/download/20/articles/1079/the-bones-of-descartes.pdf,12,3935432
2021-05,downloads,/download/30/rvc2/1183/rvc2-eps.zip,11,392029856
2021-05,downloads,/RTB/r7/robot.zip,11,8252884
2021-05,downloads,/axes/paper-axes2-red.pdf,9,284130
2021-05,downloads,/download/30/rvc2/1184/rvc2-svg.zip,9,228501689
2021-05,downloads,/axes/paper-axes2-grey.pdf,9,284256
2021-05,downloads,/suttor/GeorgeAndSarahSuttorBook-index.pdf,7,1370005
2021-05,downloads,/spa/data/graph_002.txt.gz,7,27195
2021-05,downloads,/RTB/r4/robot.zip,7,1577246
2021-05,downloads,/spa/data/graph_043.txt.gz,7,934501
2021-05,downloads,/spa/data/graph_015.txt.gz,6,166512
2021-05,downloads,/spa/data/graph_030.txt.gz,6,516774
2021-05,downloads,/spa/data/graph_013.txt.gz,6,115116
2021-05,downloads,/spa/data/graph_026.txt.gz,6,347436
2021-05,downloads,/wp-content/uploads/2020/01/book.pdf,6,18600576
2021-05,downloads,/spa/data/graph_016.txt.gz,6,156114
2021-05,downloads,/spa/data/graph_042.txt.gz,6,690314
2021-05,downloads,/spa/data/graph_012.txt.gz,6,115116
2021-05,downloads,/spa/data/graph_007.txt.gz,6,88104
2021-05,downloads,/spa/data/graph_052.txt.gz,6,790001
2021-05,downloads,/spa/data/graph_048.txt.gz,6,657194
2021-05,downloads,/spa/data/graph_017.txt.gz,6,153384
2021-05,downloads,/spa/data/graph_032.txt.gz,6,495618
2021-05,downloads,/axes/paper-axes2-green.pdf,6,189420
2021-05,downloads,/spa/data/graph_029.txt.gz,6,377712
2021-05,downloads,/spa/data/graph_019.txt.gz,6,160962
2021-05,downloads,/spa/data/graph_040.txt.gz,6,719484
2021-05,downloads,/spa/data/graph_049.txt.gz,6,948471
2021-05,downloads,/spa/data/graph_009.txt.gz,5,82090
2021-05,downloads,/spa/data/graph_036.txt.gz,5,482924
2021-05,downloads,/spa/data/graph_060.txt.gz,5,1429660
2021-05,downloads,/spa/data/graph_005.txt.gz,5,71080
2021-05,downloads,/spa/data/graph_003.txt.gz,5,27155
2021-05,downloads,/spa/data/graph_018.txt.gz,5,134565
2021-05,downloads,/spa/data/graph_011.txt.gz,5,95930
2021-05,downloads,/spa/data/graph_025.txt.gz,5,223345
2021-05,downloads,/spa/data/graph_054.txt.gz,5,700153
2021-05,downloads,/download/20/articles/1055/solving-trig.pdf,5,729565
2021-05,downloads,/spa/data/graph_059.txt.gz,5,1106326
2021-05,downloads,/spa/data/graph_055.txt.gz,5,618118
2021-05,downloads,/spa/data/graph_056.txt.gz,5,755211
2021-05,downloads,/spa/data/graph_014.txt.gz,5,98210
2021-05,downloads,/spa/data/graph_021.txt.gz,5,178935
2021-05,downloads,/spa/data/graph_035.txt.gz,5,438605
2021-05,downloads,/spa/data/graph_024.txt.gz,5,215500
2021-05,downloads,/spa/data/graph_033.txt.gz,5,423855
2021-05,downloads,/spa/data/graph_061.txt.gz,5,1184998
2021-05,downloads,/spa/data/graph_034.txt.gz,5,436040
2021-05,downloads,/spa/data/graph_027.txt.gz,5,311130
2021-05,downloads,/spa/data/graph_008.txt.gz,5,73665
2021-05,downloads,/spa/data/graph_053.txt.gz,5,773211
2021-05,downloads,/spa/data/graph_006.txt.gz,4,58616
2021-05,downloads,/spa/data/graph_023.txt.gz,4,165092
2021-05,downloads,/spa/data/graph_057.txt.gz,4,825386
2021-05,downloads,/spa/data/graph_037.txt.gz,4,409888
2021-05,downloads,/spa/data/graph_004.txt.gz,4,23360
2021-05,downloads,/spa/data/graph_031.txt.gz,4,257932
2021-05,downloads,/spa/data/graph_041.txt.gz,4,448572
2021-05,downloads,/spa/data/graph_050.txt.gz,4,579297
2021-05,downloads,/spa/data/graph_020.txt.gz,4,148152
2021-05,downloads,/spa/data/graph_010.txt.gz,4,70660
2021-05,downloads,/download/32/documents/1317/aim-177.pdf,4,30016551
2021-05,downloads,/suttor/GeorgeAndSarahSuttorBook-TOC.pdf,4,284384
2021-05,downloads,/spa/data/graph_046.txt.gz,4,450129
2021-05,downloads,/spa/data/graph_022.txt.gz,4,154572
2021-05,downloads,/download/20/articles/1058/urdf.zip,4,47088
2021-05,downloads,/spa/data/graph_044.txt.gz,4,509565
2021-05,downloads,/spa/data/graph_039.txt.gz,4,467016
2021-05,downloads,/axes/paper-axes2-blue.pdf,4,126368
2021-05,downloads,/spa/data/graph_047.txt.gz,4,550212
2021-05,downloads,/spa/data/graph_001.txt.gz,4,7112
2021-05,downloads,/spa/data/graph_028.txt.gz,4,247604
2021-05,downloads,/spa/data/graph_038.txt.gz,4,431970
2021-05,downloads,/spa/data/graph_045.txt.gz,4,602531
2021-05,downloads,/spa/data/graph_051.txt.gz,4,784625
2021-05,downloads,/spa/data/graph_058.txt.gz,4,651972
2021-05,downloads,/pdf/book_comic.pdf,3,14370111
2021-05,downloads,/license.txt,3,24978
2021-05,downloads,//license.txt,2,16652
2021-05,downloads,/RTB/r6/robot.zip,2,195140
2021-05,downloads,/download/20/articles/1061/xml-2.zip,2,11614
2021-05,downloads,/RVC1/top/errata/pumaaxis.pdf,2,47898
2021-05,downloads,/files/data.zip,1,2573344
2021-05,downloads,/download/20/articles/1060/CHANGELOG.txt,1,104986
2021-05,downloads,/wp-config_backup.txt,1,88
2021-05,downloads,/wp-config-backup.txt,1,107
2021-05,downloads,/pdf/QUTSchoolCaptainsDinner2017.pdf,1,89544803
2021-05,downloads,/SMTB/spatialmath.pdf,1,3003132
2021-05,downloads,/download/28/mvtb/1181/contrib.zip,1,4965306
2021-05,downloads,/files/MVTB/images1.zip,1,58684085
2021-05,downloads,/files/test.txt,1,19
2021-05,downloads,/files/MVTB/contrib2.zip,0,8214345
2021-05,urls,/download/28/mvtb/1109/mvtb-4-3.mltbx,324,19067895939
2021-05,urls,/download/20/articles/1056/sincos.mlx,3,14427
2021-05,urls,/download/19/toolbox/1045/rtb10-4-mltbx.mltbx,3,114
2022-05,downloads,/download/27/rtb/1011/robot-10-3-1.zip,1127,19183772808
2022-05,downloads,/RTB/robot.pdf,675,5048933132
2022-05,downloads,/MVTB/vision.pdf,416,2579997962
2022-05,downloads,/bluebook/book.pdf,374,1115440768
2022-05,downloads,/RTB/ARA95.pdf,336,25213882
2022-05,downloads,/download/30/rvc2/1182/solutions.pdf,232,211682709
2022-05,downloads,/download/31/python-tools/1296/python_toolbox_icra_2020-5.pdf,222,112189749
2022-05,downloads,/doc/simple_systematic.pdf,121,21365120
2022-05,downloads,/download/30/rvc2/1208/rvc2-livescripts.zip,106,2308151459
2022-05,downloads,/download/20/articles/1059/urdf-2.pdf,83,60976300
2022-05,downloads,/download/28/mvtb/1181/contrib2.zip,70,271934643
2022-05,downloads,/download/20/articles/1041/ets_jacobian.pdf,61,14867332
2022-05,downloads,/axes.pdf,58,1831872
2022-05,downloads,/files/MVTB/images-RVC2b.zip,54,7534487999
2022-05,downloads,/files/MVTB/images-RVC2a.zip,49,2867268566
2022-05,downloads,/download/20/articles/1079/the-bones-of-descartes.pdf,44,15502076
2022-05,downloads,/download/29/books/1256/corke-bluebook.pdf,40,117920048
2022-05,downloads,/download/20/articles/1064/rtb_4dof.pdf,37,31995580
2022-05,downloads,/download/20/articles/1057/prcurves.pdf,32,5645472
2022-05,downloads,/download/20/articles/1062/rtb_dh.pdf,31,11714730
2022-05,downloads,/RTB/r9/robot.pdf,27,206232750
2022-05,downloads,/download/20/articles/1063/rtb_real_robot.pdf,27,23845436
2022-05,downloads,/download/20/articles/1060/xml.pdf,26,2795172
2022-05,downloads,/download/20/articles/1054/insertion.pdf,24,3027333
2022-05,downloads,/download/30/rvc2/1183/rvc2-eps.zip,17,390155021
2022-05,downloads,/download/20/articles/1193/unimate-puma-servo-system-exposed.pdf,15,342803372
2022-05,downloads,/RVC1/top/toc/toc.pdf,15,934617
2022-05,downloads,/files/MVTB/contrib2.zip,12,59583672
2022-05,downloads,/download/32/documents/1317/aim-177.pdf,11,72398443
2022-05,downloads,/download/30/rvc2/1184/rvc2-svg.zip,10,223448773
2022-05,downloads,/axes/paper-axes2-grey.pdf,10,315840
2022-05,downloads,/download/20/articles/1058/urdf.zip,10,117720
2022-05,downloads,/axes/paper-axes2-red.pdf,9,284130
2022-05,downloads,/suttor/GeorgeAndSarahSuttorBook-TOC.pdf,9,639864
2022-05,downloads,/download/20/articles/1055/solving-trig.pdf,8,1247681
2022-05,downloads,/suttor/GeorgeAndSarahSuttorBook-index.pdf,7,1370005
2022-05,downloads,/wp-includes/ID3/license.txt,7,616
2022-05,downloads,/wp-content/uploads/2020/01/book.pdf,6,14579141
2022-05,downloads,/spa/data/graph_020.txt.gz,5,185190
2022-05,downloads,/spa/data/graph_022.txt.gz,5,193215
2022-05,downloads,/spa/data/graph_048.txt.gz,5,957930
2022-05,downloads,/spa/data/graph_039.txt.gz,5,676020
2022-05,downloads,/axes/paper-axes2-blue.pdf,5,157960
2022-05,downloads,/spa/data/graph_014.txt.gz,5,98210
2022-05,downloads,/spa/data/graph_024.txt.gz,5,215500
2022-05,downloads,/spa/data/graph_051.txt.gz,5,1303670
2022-05,downloads,/spa/data/graph_058.txt.gz,5,1974045
2022-05,downloads,/spa/data/graph_009.txt.gz,4,65672
2022-05,downloads,/spa/data/graph_030.txt.gz,4,344516
2022-05,downloads,/spa/data/graph_060.txt.gz,4,1491152
2022-05,downloads,/download/27/rtb/1050/rtb-manual.pdf,4,358
2022-05,downloads,/spa/data/graph_005.txt.gz,4,56864
2022-05,downloads,/spa/data/graph_003.txt.gz,4,21724
2022-05,downloads,/spa/data/graph_002.txt.gz,4,15540
2022-05,downloads,/spa/data/graph_011.txt.gz,4,76744
2022-05,downloads,/spa/data/graph_016.txt.gz,4,104076
2022-05,downloads,/spa/data/graph_025.txt.gz,4,178676
2022-05,downloads,/spa/data/graph_010.txt.gz,4,70660
2022-05,downloads,/spa/data/graph_007.txt.gz,4,58736
2022-05,downloads,/spa/data/graph_046.txt.gz,4,687992
2022-05,downloads,/spa/data/graph_052.txt.gz,4,1031164
2022-05,downloads,/spa/data/graph_059.txt.gz,4,1483564
2022-05,downloads,/spa/data/graph_055.txt.gz,4,1048240
2022-05,downloads,/spa/data/graph_044.txt.gz,4,643092
2022-05,downloads,/spa/data/graph_021.txt.gz,4,143148
2022-05,downloads,/spa/data/graph_043.txt.gz,4,627272
2022-05,downloads,/spa/data/graph_001.txt.gz,4,7112
2022-05,downloads,/spa/data/graph_028.txt.gz,4,247604
2022-05,downloads,/spa/data/graph_038.txt.gz,4,477656
2022-05,downloads,/spa/data/graph_032.txt.gz,4,337512
2022-05,downloads,/spa/data/graph_045.txt.gz,4,665184
2022-05,downloads,/spa/data/graph_049.txt.gz,4,1090216
2022-05,downloads,/spa/data/graph_015.txt.gz,3,83256
2022-05,downloads,/spa/data/graph_006.txt.gz,3,43962
2022-05,downloads,/spa/data/graph_023.txt.gz,3,123819
2022-05,downloads,/doc/robotarm.pdf,3,321
2022-05,downloads,/spa/data/graph_057.txt.gz,3,918591
2022-05,downloads,/spa/data/graph_036.txt.gz,3,306897
2022-05,downloads,/spa/data/graph_013.txt.gz,3,57558
2022-05,downloads,/spa/data/graph_037.txt.gz,3,319776
2022-05,downloads,/spa/data/graph_026.txt.gz,3,173718
2022-05,downloads,/spa/data/graph_018.txt.gz,3,80739
2022-05,downloads,/spa/data/graph_004.txt.gz,3,17520
2022-05,downloads,/pdf/book_comic.pdf,3,14370111
2022-05,downloads,/spa/data/graph_031.txt.gz,3,252324
2022-05,downloads,/spa/data/graph_041.txt.gz,3,427098
2022-05,downloads,/spa/data/graph_050.txt.gz,3,756042
2022-05,downloads,/spa/data/graph_054.txt.gz,3,784557
2022-05,downloads,/spa/data/graph_012.txt.gz,3,57558
2022-05,downloads,/MVTB/r3/vision.pdf,3,19515156
2022-05,downloads,/download/20/articles/1061/xml-2.zip,3,17421
2022-05,downloads,/spa/data/graph_017.txt.gz,3,76692
2022-05,downloads,/RTB/r8/robot.zip,3,3771636
2022-05,downloads,/spa/data/graph_035.txt.gz,3,307533
2022-05,downloads,/spa/data/graph_047.txt.gz,3,554982
2022-05,downloads,/RVC1/top/errata/pumaaxis.pdf,3,71847
2022-05,downloads,/spa/data/graph_061.txt.gz,3,1150809
2022-05,downloads,/axes/paper-axes2-green.pdf,3,94710
2022-05,downloads,/spa/data/graph_029.txt.gz,3,188856
2022-05,downloads,/spa/data/graph_019.txt.gz,3,80481
2022-05,downloads,/spa/data/graph_034.txt.gz,3,261624
2022-05,downloads,/spa/data/graph_027.txt.gz,3,186678
2022-05,downloads,/spa/data/graph_008.txt.gz,3,44199
2022-05,downloads,/spa/data/graph_053.txt.gz,3,808236
2022-05,downloads,/ficheiros/conteudos/spy.txt,2,214
2022-05,downloads,/download/26/smtb/1049/smtb-manual.pdf,2,182
2022-05,downloads,/RTB/r4/robot.zip,2,496058
2022-05,downloads,/RTB/r6/robot.zip,2,195140
2022-05,downloads,/userfiles/file/spy.txt,2,214
2022-05,downloads,/spa/data/graph_042.txt.gz,2,279810
2022-05,downloads,/spa/data/graph_056.txt.gz,2,535076
2022-05,downloads,/spa/data/graph_033.txt.gz,2,169542
2022-05,downloads,/spa/data/graph_040.txt.gz,2,281918
2022-05,downloads,/download/19/toolbox/1113/images-for-rvc2-extra-image-sequences-for-ch-14.zip,1,75
2022-05,downloads,/download/19/toolbox/1112/images-for-rvc2.zip,1,75
2022-05,downloads,/.well-known/security.txt,1,107
2022-05,downloads,/backup.zip,1,88
2022-05,downloads,/pdf/QUTSchoolCaptainsDinner2017.pdf,1,89544803
2022-05,downloads,/files/Octave.zip,1,80393
2022-05,downloads,//userfiles/file/spy.txt,1,107
2022-05,downloads,/download/19/toolbox/1011/robot-10-3-1.zip,1,75
2022-05,downloads,//ficheiros/conteudos/spy.txt,1,107
2022-05,downloads,/RTB/r7/robot.zip,1,851846
2022-05,urls,/download/28/mvtb/1109/mvtb-4-3.mltbx,259,15422352332
2022-05,urls,/download/27/rtb/1045/rtb10-4-mltbx.mltbx,10,704
2022-05,urls,/download/20/articles/1056/sincos.mlx,4,19236
2023-05,downloads,/RTB/robot.pdf,931,6338632428
2023-05,downloads,/MVTB/vision.pdf,613,4030430186
2023-05,downloads,/download/27/rtb/1011/robot-10-3-1.zip,510,9504049940
2023-05,downloads,/RTB/ARA95.pdf,322,24241255
2023-05,downloads,/download/30/rvc2/1182/solutions.pdf,253,220259231
2023-05,downloads,/bluebook/book.pdf,244,705164760
2023-05,downloads,/download/31/python-tools/1349/python_toolbox_icra_2021.pdf,183,106416134
2023-05,downloads,/download/27/rtb/1351/robot-9-10.zip,160,2689636560
2023-05,downloads,/download/20/articles/1062/rtb_dh.pdf,160,60732525
2023-05,downloads,/download/20/articles/1063/rtb_real_robot.pdf,137,109757809
2023-05,downloads,/download/30/rvc2/1208/rvc2-livescripts.zip,125,3005601095
2023-05,downloads,/download/20/articles/1059/urdf-2.pdf,105,80998942
2023-05,downloads,/doc/simple_systematic.pdf,93,16434165
2023-05,downloads,/download/29/books/1256/corke-bluebook.pdf,89,262402261
2023-05,downloads,/download/20/articles/1064/rtb_4dof.pdf,71,55077102
2023-05,downloads,/download/28/mvtb/1181/contrib2.zip,63,307158435
2023-05,downloads,/download/20/articles/1041/ets_jacobian.pdf,63,15163892
2023-05,downloads,/download/20/articles/1060/xml.pdf,61,6299160
2023-05,downloads,/download/20/articles/1058/urdf.zip,43,494424
2023-05,downloads,/download/20/articles/1079/the-bones-of-descartes.pdf,37,13885092
2023-05,downloads,/files/MVTB/images-RVC2a.zip,36,2378784756
2023-05,downloads,/axes.pdf,35,1105560
2023-05,downloads,/RTB/r9/robot.pdf,32,245119180
2023-05,downloads,/download/32/documents/1317/aim-177.pdf,32,266043658
2023-05,downloads,/download/20/articles/1057/prcurves.pdf,31,5292630
2023-05,downloads,/download/20/articles/1055/solving-trig.pdf,31,4377390
2023-05,downloads,/files/MVTB/images-RVC2b.zip,28,5491768813
2023-05,downloads,/download/31/python-tools/1296/python_toolbox_icra_2020-5.pdf,22,684
2023-05,downloads,/download/28/mvtb/1087/vision-4-3.zip,20,1056701086
2023-05,downloads,/download/30/rvc2/1183/rvc2-eps.zip,20,772953046
2023-05,downloads,/download/20/articles/1054/insertion.pdf,19,2399966
2023-05,downloads,/MVTB/r3/vision.pdf,16,104080832
2023-05,downloads,/suttor/GeorgeAndSarahSuttorBook-index.pdf,15,587145
2023-05,downloads,/download/20/articles/1193/unimate-puma-servo-system-exposed.pdf,15,296029110
2023-05,downloads,/download/30/rvc2/1184/rvc2-svg.zip,14,401489348
2023-05,downloads,/wp-content/uploads/2020/01/book.pdf,10,31000960
2023-05,downloads,/pdf/book_comic.pdf,10,43110465
2023-05,downloads,/wp-includes/ID3/license.txt,9,1169
2023-05,downloads,/axes/paper-axes2-grey.pdf,8,252672
2023-05,downloads,/spa/data/graph_007.txt.gz,7,102788
2023-05,downloads,/wp-content/plugins/essential-addons-for-elementor-lite/readme.txt,6,938
2023-05,downloads,/proxychecker.ai,6,768
2023-05,downloads,/files/MVTB/images1.zip,6,268421844
2023-05,downloads,/data/admin/allowurl.txt,6,792
2023-05,downloads,/spa/data/graph_015.txt.gz,5,138760
2023-05,downloads,/download/20/articles/1061/xml-2.zip,5,29035
2023-05,downloads,/spa/data/graph_036.txt.gz,4,409196
2023-05,downloads,/spa/data/graph_018.txt.gz,4,107652
2023-05,downloads,/spa/data/graph_025.txt.gz,4,178676
2023-05,downloads,/suttor/GeorgeAndSarahSuttorBook-TOC.pdf,4,284384
2023-05,downloads,/axes/paper-axes2-blue.pdf,4,94910
2023-05,downloads,/RVC1/top/toc/toc.pdf,4,267012
2023-05,downloads,/spa/data/graph_024.txt.gz,4,172400
2023-05,downloads,/axes/paper-axes2-green.pdf,4,94844
2023-05,downloads,/spa/data/graph_053.txt.gz,4,898348
2023-05,downloads,/files/images/bridge-l.zip,4,487870548
2023-05,downloads,/spa/data/graph_002.txt.gz,4,15540
2023-05,downloads,/spa/data/graph_016.txt.gz,4,104076
2023-05,downloads,/spa/data/graph_020.txt.gz,4,148152
2023-05,downloads,/spa/data/graph_017.txt.gz,4,102256
2023-05,downloads,/spa/data/graph_056.txt.gz,4,892726
2023-05,downloads,/files/images/bridge-r.zip,4,487049352
2023-05,downloads,/spa/data/graph_014.txt.gz,4,78568
2023-05,downloads,/spa/data/graph_027.txt.gz,4,248904
2023-05,downloads,/spa/data/graph_009.txt.gz,3,49254
2023-05,downloads,/spa/data/graph_023.txt.gz,3,123819
2023-05,downloads,/wp-content/plugins/create-block-theme/readme.txt,3,425
2023-05,downloads,/spa/data/graph_003.txt.gz,3,16293
2023-05,downloads,/spa/data/graph_011.txt.gz,3,57558
2023-05,downloads,/spa/data/graph_054.txt.gz,3,784557
2023-05,downloads,/wp-content/plugins/advanced-custom-fields/readme.txt,3,425
2023-05,downloads,/spa/data/graph_022.txt.gz,3,115929
2023-05,downloads,/spa/data/graph_021.txt.gz,3,107361
2023-05,downloads,/spa/data/graph_043.txt.gz,3,403748
2023-05,downloads,/wp-content/plugins/ultimate-addons-for-contact-form-7/readme.txt,3,452
2023-05,downloads,/spa/data/graph_034.txt.gz,3,261624
2023-05,downloads,/spa/data/graph_006.txt.gz,3,43962
2023-05,downloads,/spa/data/graph_057.txt.gz,3,768042
2023-05,downloads,/spa/data/graph_060.txt.gz,3,901224
2023-05,downloads,/spa/data/graph_013.txt.gz,3,57558
2023-05,downloads,/spa/data/graph_005.txt.gz,3,42648
2023-05,downloads,/spa/data/graph_026.txt.gz,3,173718
2023-05,downloads,/spa/data/graph_004.txt.gz,3,17520
2023-05,downloads,/spa/data/graph_012.txt.gz,3,57558
2023-05,downloads,/wp-content/plugins/custom-registration-form-builder-with-submission-manager/readme.txt,3,485
2023-05,downloads,/spa/data/graph_001.txt.gz,3,5334
2023-05,downloads,/spa/data/graph_028.txt.gz,3,185703
2023-05,downloads,/spa/data/graph_038.txt.gz,3,328940
2023-05,downloads,/spa/data/graph_019.txt.gz,3,80481
2023-05,downloads,/axes/paper-axes2-red.pdf,2,31703
2023-05,downloads,/corke.zip,2,0
2023-05,downloads,/spa/data/graph_031.txt.gz,2,168216
2023-05,downloads,/spa/data/graph_041.txt.gz,2,284732
2023-05,downloads,/spa/data/graph_050.txt.gz,2,342126
2023-05,downloads,/spa/data/graph_042.txt.gz,2,230017
2023-05,downloads,/peter.tar.gz,2,0
2023-05,downloads,/spa/data/graph_055.txt.gz,2,417708
2023-05,downloads,/spa/data/graph_044.txt.gz,2,321546
2023-05,downloads,/spa/data/graph_047.txt.gz,2,340642
2023-05,downloads,/spa/data/graph_032.txt.gz,2,168756
2023-05,downloads,/spa/data/graph_033.txt.gz,2,169542
2023-05,downloads,/spa/data/graph_061.txt.gz,2,604787
2023-05,downloads,/spa/data/graph_029.txt.gz,2,125904
2023-05,downloads,/spa/data/graph_040.txt.gz,2,231071
2023-05,downloads,/spa/data/graph_030.txt.gz,2,172258
2023-05,downloads,/spa/data/graph_037.txt.gz,2,196704
2023-05,downloads,/peter.zip,2,0
2023-05,downloads,/corke.tar.gz,2,0
2023-05,downloads,/spa/data/graph_010.txt.gz,2,35330
2023-05,downloads,/spa/data/graph_046.txt.gz,2,327646
2023-05,downloads,/spa/data/graph_052.txt.gz,2,515582
2023-05,downloads,/spa/data/graph_048.txt.gz,2,347234
2023-05,downloads,/spa/data/graph_059.txt.gz,2,461003
2023-05,downloads,/files/images/mosaicml.zip,2,12193854
2023-05,downloads,/spa/data/graph_039.txt.gz,2,225316
2023-05,downloads,/RTB/r8/robot.zip,2,1735198
2023-05,downloads,/spa/data/graph_035.txt.gz,2,205022
2023-05,downloads,/spa/data/graph_051.txt.gz,2,416382
2023-05,downloads,/spa/data/graph_008.txt.gz,2,29466
2023-05,downloads,/books/robotics-vision-control-all-versions/wp-content/plugins/advanced-custom-fields/readme.txt,1,166
2023-05,downloads,/wp-content/plugins/wemail/readme.txt,1,142
2023-05,downloads,/wp-content/plugins/wp-mail-smtp/readme.txt,1,144
2023-05,downloads,/download/27/rtb/1050/rtb-manual.pdf,1,97
2023-05,downloads,/toolboxes/robotics-toolbox/wp-content/plugins/ultimate-addons-for-contact-form-7/readme.txt,1,163
2023-05,downloads,/toolboxes/machine-vision-toolbox/wp-content/plugins/essential-addons-for-elementor-lite/readme.txt,1,167
2023-05,downloads,/wordpress/wp-content/plugins/ultimate-addons-for-contact-form-7/readme.txt,1,164
2023-05,downloads,/resources/articles-tutorials/wp-content/plugins/create-block-theme/readme.txt,1,156
2023-05,downloads,/about/wp-content/plugins/essential-addons-for-elementor-lite/readme.txt,1,153
2023-05,downloads,/toolboxes/wp-content/plugins/create-block-theme/readme.txt,1,144
2023-05,downloads,/books/robotics-vision-control-all-versions/wp-content/plugins/ultimate-addons-for-contact-form-7/readme.txt,1,172
2023-05,downloads,/resources/robot-academy/wp-content/plugins/advanced-custom-fields/readme.txt,1,155
2023-05,downloads,/data/admin/quickmenu-1.txt,1,124
2023-05,downloads,/resources/articles-tutorials/wp-content/plugins/advanced-custom-fields/readme.txt,1,156
2023-05,downloads,/toolboxes/machine-vision-toolbox/wp-content/plugins/ultimate-addons-for-contact-form-7/readme.txt,1,168
2023-05,downloads,/RTB/r4/robot.zip,1,248029
2023-05,downloads,/petercorke.com.zip,1,0
2023-05,downloads,/resources/robot-academy/wp-content/plugins/create-block-theme/readme.txt,1,152
2023-05,downloads,/public_html.tar.gz,1,0
2023-05,downloads,/wp-content/plugins/wp-smtp/readme.txt,1,141
2023-05,downloads,/wp-content/plugins/mailpoet/readme.txt,1,144
2023-05,downloads,/about/wp-content/plugins/custom-registration-form-builder-with-submission-manager/readme.txt,1,165
2023-05,downloads,/resources/robot-academy/wp-content/plugins/essential-addons-for-elementor-lite/readme.txt,1,163
2023-05,downloads,/books/robotics-vision-control-all-versions/wp-content/plugins/advanced-booking-calendar/readme.txt,1,168
2023-05,downloads,/toolboxes/robotics-toolbox/wp-content/plugins/advanced-custom-fields/readme.txt,1,156
2023-05,downloads,/toolboxes/robotics-toolbox/wp-content/plugins/create-block-theme/readme.txt,1,153
2023-05,downloads,/wp-content/plugins/optinmonster/readme.txt,1,144
2023-05,downloads,/wp-content/plugins/mailchimp-for-woocommerce/readme.txt,1,153
2023-05,downloads,/books/wp-content/plugins/essential-addons-for-elementor-lite/readme.txt,1,152
2023-05,downloads,/about/wp-content/plugins/advanced-custom-fields/readme.txt,1,144
2023-05,downloads,/wordpress/wp-content/plugins/essential-addons-for-elementor-lite/readme.txt,1,164
2023-05,downloads,/about/wp-content/plugins/ultimate-addons-for-contact-form-7/readme.txt,1,152
2023-05,downloads,/RVC1/top/errata/pumaaxis.pdf,1,23949
2023-05,downloads,/books/robotics-vision-control-all-versions/wp-content/plugins/custom-registration-form-builder-with-submission-manager/readme.txt,1,185
2023-05,downloads,/wp-content/plugins/creative-mail-by-constant-contact/readme.txt,1,156
2023-05,downloads,/wp-content/plugins/wpforms-lite/readme.txt,1,145
2023-05,downloads,/wp-content/plugins/wordpress-popup/readme.txt,1,147
2023-05,downloads,/archive.zip,1,0
2023-05,downloads,/resources/wp-content/plugins/essential-addons-for-elementor-lite/readme.txt,1,152
2023-05,downloads,/toolboxes/machine-vision-toolbox/wp-content/plugins/advanced-custom-fields/readme.txt,1,160
2023-05,downloads,/spa/data/graph_045.txt.gz,1,166296
2023-05,downloads,/wordpress/wp-content/plugins/create-block-theme/readme.txt,1,154
2023-05,downloads,/petercorke.tar.gz,1,0
2023-05,downloads,/resources/robot-academy/wp-content/plugins/custom-registration-form-builder-with-submission-manager/readme.txt,1,177
2023-05,downloads,/wp-content/plugins/convertkit/readme.txt,1,144
2023-05,downloads,/wp-content/plugins/contact-form-7/readme.txt,1,148
2023-05,downloads,/security.txt,1,123
2023-05,downloads,/public_html.zip,1,0
2023-05,downloads,/wp-content/plugins/post-smtp/readme.txt,1,143
2023-05,downloads,/RTB/r7/robot.zip,1,851846
2023-05,downloads,/Robot_dynamics_files/icra96.pdf,1,134
2023-05,downloads,/about/wp-content/plugins/create-block-theme/readme.txt,1,141
2023-05,downloads,/spa/data/graph_058.txt.gz,1,394809
2023-05,downloads,/wp-content/plugins/newsletters-lite/readme.txt,1,147
2023-05,downloads,/resources/articles-tutorials/wp-content/plugins/essential-addons-for-elementor-lite/readme.txt,1,164
2023-05,downloads,/wp-content/plugins/mailin/readme.txt,1,142
2023-05,downloads,/wp-content/plugins/easy-wp-smtp/readme.txt,1,144
2023-05,downloads,/images/swfupload/swfupload%20license.txt,1,140
2023-05,downloads,/resources/wp-content/plugins/create-block-theme/readme.txt,1,143
2023-05,downloads,/toolboxes/wp-content/plugins/ultimate-addons-for-contact-form-7/readme.txt,1,155
2023-05,downloads,/toolboxes/wp-content/plugins/advanced-booking-calendar/readme.txt,1,150
2023-05,downloads,/resources/articles-tutorials/wp-content/plugins/custom-registration-form-builder-with-submission-manager/readme.txt,1,179
2023-05,downloads,/toolboxes/robotics-toolbox/wp-content/plugins/custom-registration-form-builder-with-submission-manager/readme.txt,1,177
2023-05,downloads,/toolboxes/wp-content/plugins/essential-addons-for-elementor-lite/readme.txt,1,155
2023-05,downloads,/toolboxes/wp-content/plugins/advanced-custom-fields/readme.txt,1,147
2023-05,downloads,/books/wp-content/plugins/ultimate-addons-for-contact-form-7/readme.txt,1,152
2023-05,downloads,/wordpress/wp-content/plugins/advanced-booking-calendar/readme.txt,1,160
2023-05,downloads,/resources/wp-content/plugins/advanced-custom-fields/readme.txt,1,144
2023-05,downloads,/wp-content/plugins/mailchimp-for-wp/readme.txt,1,149
2023-05,downloads,/resources/articles-tutorials/wp-content/plugins/ultimate-addons-for-contact-form-7/readme.txt,1,165
2023-05,downloads,/doc/descartes.pdf,1,127
2023-05,downloads,/.well-known/security.txt,1,118
2023-05,downloads,/backup.zip,1,0
2023-05,downloads,/resources/robot-academy/wp-content/plugins/ultimate-addons-for-contact-form-7/readme.txt,1,162
2023-05,downloads,/wp-content/plugins/leadin/readme.txt,1,142
2023-05,downloads,/archive.tar.gz,1,0
2023-05,downloads,/RTB/r6/robot.zip,1,78013
2023-05,downloads,/wp-content/plugins/acymailing/readme.txt,1,146
2023-05,downloads,/pdf/QUTSchoolCaptainsDinner2017.pdf,1,10919936
2023-05,downloads,/wp-content/plugins/fluent-smtp/readme.txt,1,144
2023-05,downloads,/backup.tar.gz,1,0
2023-05,downloads,/books/robotics-vision-control-all-versions/wp-content/plugins/create-block-theme/readme.txt,1,163
2023-05,downloads,/books/wp-content/plugins/advanced-booking-calendar/readme.txt,1,145
2023-05,downloads,/wp-content/plugins/newsletter/readme.txt,1,144
2023-05,downloads,/petercorke.com.tar.gz,1,0
2023-05,downloads,/books/wp-content/plugins/create-block-theme/readme.txt,1,141
2023-05,downloads,/wordpress/wp-content/plugins/advanced-custom-fields/readme.txt,1,157
2023-05,downloads,/toolboxes/machine-vision-toolbox/wp-content/plugins/custom-registration-form-builder-with-submission-manager/readme.txt,1,179
2023-05,downloads,/books/wp-content/plugins/advanced-custom-fields/readme.txt,1,144
2023-05,downloads,/wp-content/plugins/smtp-mailer/readme.txt,1,144
2023-05,downloads,/wp-content/plugins/fluent-crm/readme.txt,1,144
2023-05,downloads,/toolboxes/robotics-toolbox/wp-content/plugins/advanced-booking-calendar/readme.txt,1,159
2023-05,downloads,/wp-content/plugins/mailchimp/readme.txt,1,144
2023-05,downloads,/wp-content/plugins/advanced-booking-calendar/readme.txt,1,142
2023-05,downloads,/resources/articles-tutorials/wp-content/plugins/manager-for-icomoon/readme.txt,1,157
2023-05,downloads,/books/wp-content/plugins/custom-registration-form-builder-with-submission-manager/readme.txt,1,165
2023-05,downloads,/toolboxes/machine-vision-toolbox/wp-content/plugins/manager-for-icomoon/readme.txt,1,158
2023-05,downloads,/resources/wp-content/plugins/ultimate-addons-for-contact-form-7/readme.txt,1,151
2023-05,downloads,/wp-content/plugins/wp-mail-bank/readme.txt,1,145
2023-05,downloads,/resources/wp-content/plugins/custom-registration-form-builder-with-submission-manager/readme.txt,1,168
2023-05,downloads,/books/robotics-vision-control-all-versions/wp-content/plugins/essential-addons-for-elementor-lite/readme.txt,1,171
2023-05,downloads,/toolboxes/machine-vision-toolbox/wp-content/plugins/create-block-theme/readme.txt,1,158
2023-05,downloads,/wp-content/plugins/jackmail-newsletters/readme.txt,1,150
2023-05,downloads,/petercorke.zip,1,0
2023-05,downloads,/about/wp-content/plugins/advanced-booking-calendar/readme.txt,1,147
2023-05,downloads,/spa/data/graph_049.txt.gz,1,272554
2023-05,downloads,/wp-content/plugins/email-subscribers/readme.txt,1,149
2023-05,downloads,/resources/robot-academy/wp-content/plugins/advanced-booking-calendar/readme.txt,1,159
2023-05,downloads,/toolboxes/wp-content/plugins/custom-registration-form-builder-with-submission-manager/readme.txt,1,168
2023-05,downloads,/toolboxes/robotics-toolbox/wp-content/plugins/essential-addons-for-elementor-lite/readme.txt,1,162
2023-05,downloads,/wordpress/wp-content/plugins/custom-registration-form-builder-with-submission-manager/readme.txt,1,176
2023-05,urls,/download/28/mvtb/1109/mvtb-4-3.mltbx,285,14944219891
2023-05,urls,/download/27/rtb/1045/rtb10-4-mltbx.mltbx,4,392
2023-05,urls,/download/20/articles/1056/sincos.mlx,5,24045
2024-05,downloads,/MVTB/vision.pdf,544,3401542108
2024-05,downloads,/download/20/articles/1062/rtb_dh.pdf,518,176748318
2024-05,downloads,/download/27/rtb/1011/robot-10-3-1.zip,498,10269861417
2024-05,downloads,/RTB/robot.pdf,476,2986264613
2024-05,downloads,/bluebook/book.pdf,345,990622615
2024-05,downloads,/RTB/ARA95.pdf,283,22220834
2024-05,downloads,/doc/simple_systematic.pdf,262,45421829
2024-05,downloads,/download/31/python-tools/1349/python_toolbox_icra_2021.pdf,249,137206910
2024-05,downloads,/download/30/rvc2/1182/solutions.pdf,242,215858869
2024-05,downloads,/download/20/articles/1063/rtb_real_robot.pdf,157,117455378
2024-05,downloads,/download/29/books/1256/corke-bluebook.pdf,136,412557341
2024-05,downloads,/download/20/articles/1059/urdf-2.pdf,121,84861622
2024-05,downloads,/download/20/articles/1057/prcurves.pdf,100,13714283
2024-05,downloads,/download/20/articles/1079/the-bones-of-descartes.pdf,95,27618958
2024-05,downloads,/download/20/articles/1041/ets_jacobian.pdf,89,17629943
2024-05,downloads,/download/20/articles/1064/rtb_4dof.pdf,89,65033207
2024-05,downloads,/download/30/rvc2/1208/rvc2-livescripts.zip,83,2096543945
2024-05,downloads,/download/27/rtb/1351/robot-9-10.zip,81,1442084615
2024-05,downloads,/download/20/articles/1055/solving-trig.pdf,71,5051154
2024-05,downloads,/MVTB/r3/vision.pdf,70,460920553
2024-05,downloads,/RTB/r9/robot.pdf,51,382166690
2024-05,downloads,/download/20/articles/1060/xml.pdf,50,4724370
2024-05,downloads,/download/28/mvtb/1181/contrib2.zip,45,214529525
2024-05,downloads,/download/20/articles/1058/urdf.zip,43,459108
2024-05,downloads,/files/MVTB/images-RVC2a.zip,42,2703877398
2024-05,downloads,/download/31/python-tools/1296/python_toolbox_icra_2020-5.pdf,36,1042
2024-05,downloads,/axes.pdf,35,1058656
2024-05,downloads,/download/32/documents/1317/aim-177.pdf,35,280939052
2024-05,downloads,/files/MVTB/images-RVC2b.zip,34,6972179591
2024-05,downloads,/download/28/mvtb/1087/vision-4-3.zip,33,1180136714
2024-05,downloads,/axes/paper-axes2-grey.pdf,30,950595
2024-05,downloads,/download/20/articles/1193/unimate-puma-servo-system-exposed.pdf,25,425227934
2024-05,downloads,/axes/paper-axes2-red.pdf,24,758705
2024-05,downloads,/download/30/rvc2/1183/rvc2-eps.zip,21,888027660
2024-05,downloads,/wp-content/uploads/2020/01/book.pdf,17,52701632
2024-05,downloads,/download/20/articles/1054/insertion.pdf,17,1642082
2024-05,downloads,/axes/paper-axes2-green.pdf,16,536690
2024-05,downloads,/download/30/rvc2/1184/rvc2-svg.zip,13,415482310
2024-05,downloads,/RVC1/top/toc/toc.pdf,12,867789
2024-05,downloads,/RTB/r8/robot.zip,11,14006166
2024-05,downloads,/pdf/book_comic.pdf,11,47993700
2024-05,downloads,/axes/paper-axes2-blue.pdf,11,348537
2024-05,downloads,/RVC1/top/errata/pumaaxis.pdf,10,239490
2024-05,downloads,/RTB/current/robot-9.10.zip,8,0
2024-05,downloads,/suttor/GeorgeAndSarahSuttorBook-TOC.pdf,8,568768
2024-05,downloads,/suttor/GeorgeAndSarahSuttorBook-index.pdf,8,1533457
2024-05,downloads,/RTB/current/robot-9.8.zip,6,0
2024-05,downloads,/RTB/current/robot-9.7.zip,6,0
2024-05,downloads,/RTB/current/robot-9.9.zip,6,0
2024-05,downloads,/RTB/current/robot-9.6.zip,6,0
2024-05,downloads,/download/20/articles/1061/xml-2.zip,6,5807
2024-05,downloads,/RTB/current/robot-9.3.zip,6,0
2024-05,downloads,/RTB/current/robot-9.4.zip,6,0
2024-05,downloads,/RTB/r7/robot.zip,4,3407384
2024-05,downloads,/RTB/r6/robot.zip,3,292710
2024-05,downloads,/files/MVTB/images1.zip,3,176052255
2024-05,downloads,/RTB/r4/robot.zip,2,496058
2024-05,downloads,/spa/data/graph_033.txt.gz,2,169542
2024-05,downloads,/spa/data/graph_029.txt.gz,1,62952
2024-05,downloads,/spa/data/graph_043.txt.gz,1,156818
2024-05,downloads,/spa/data/graph_022.txt.gz,1,38643
2024-05,downloads,/spa/data/graph_041.txt.gz,1,142366
2024-05,downloads,/files/images/bridge-r.zip,1,121762338
2024-05,downloads,/spa/data/graph_057.txt.gz,1,306197
2024-05,downloads,/files/images/bridge-l.zip,1,121967637
2024-05,downloads,/files/Octave.zip,1,80393
2024-05,downloads,/SMTB/spatialmath.pdf,1,114688
2024-05,downloads,/files/MVTB/contrib2.zip,0,2457048
2024-05,urls,/download/28/mvtb/1109/mvtb-4-3.mltbx,201,12304157484
2024-05,urls,/download/20/articles/1056/sincos.mlx,3,14427
2025-05,downloads,/files/salesrank/salesrank.csv,17185,782785276
2025-05,downloads,/MVTB/vision.pdf,499,3131911774
2025-05,downloads,/bluebook/book.pdf,402,1157343626
2025-05,downloads,/RTB/robot.pdf,383,2801766648
2025-05,downloads,/RTB/ARA95.pdf,269,20135540
2025-05,downloads,/download/20/articles/1063/rtb_real_robot.pdf,250,191803077
2025-05,downloads,/download/20/articles/1062/rtb_dh.pdf,227,74830408
2025-05,downloads,/download/31/python-tools/1349/python_toolbox_icra_2021.pdf,179,101739325
2025-05,downloads,/download/20/articles/1058/urdf.zip,170,1600992
2025-05,downloads,/download/27/rtb/1011/robot-10-3-1.zip,131,2774042711
2025-05,downloads,/doc/simple_systematic.pdf,128,22953896
2025-05,downloads,/download/20/articles/1059/urdf-2.pdf,117,60734624
2025-05,downloads,/download/30/rvc2/1182/solutions.pdf,115,102317031
2025-05,downloads,/download/20/articles/1041/ets_jacobian.pdf,92,13856744
2025-05,downloads,/download/20/articles/1057/prcurves.pdf,87,10526278
2025-05,downloads,/download/20/articles/1060/xml.pdf,74,3779496
2025-05,downloads,/download/20/articles/1055/solving-trig.pdf,60,4377390
2025-05,downloads,/download/20/articles/1064/rtb_4dof.pdf,59,26081079
2025-05,downloads,/download/20/articles/1079/the-bones-of-descartes.pdf,56,10013744
2025-05,downloads,/download/29/books/1256/corke-bluebook.pdf,47,140403078
2025-05,downloads,/MVTB/r3/vision.pdf,39,223661356
2025-05,downloads,/download/28/mvtb/1181/contrib2.zip,39,184256187
2025-05,downloads,/download/27/rtb/1351/robot-9-10.zip,34,635251567
2025-05,downloads,/download/31/python-tools/1296/python_toolbox_icra_2020-5.pdf,27,931
2025-05,downloads,/axes.pdf,25,789600
2025-05,downloads,/files/MVTB/images-RVC2b.zip,25,4581791312
2025-05,downloads,/download/20/articles/1193/unimate-puma-servo-system-exposed.pdf,21,430008338
2025-05,downloads,/files/MVTB/images-RVC2a.zip,21,1348557924
2025-05,downloads,/download/30/rvc2/1208/rvc2-livescripts.zip,16,420322309
2025-05,downloads,/download/32/documents/1317/aim-177.pdf,16,123438084
2025-05,downloads,/download/20/articles/1054/insertion.pdf,11,1389454
2025-05,downloads,/RTB/r9/robot.pdf,11,84020750
2025-05,downloads,/RVC1/top/toc/toc.pdf,11,734283
2025-05,downloads,/download/28/mvtb/1087/vision-4-3.zip,11,689042315
2025-05,downloads,/axes/paper-axes2-grey.pdf,10,315840
2025-05,downloads,/axes/paper-axes2-red.pdf,8,252560
2025-05,downloads,/axes/paper-axes2-blue.pdf,8,252736
2025-05,downloads,/wp-content/uploads/2020/01/book.pdf,8,24800768
2025-05,downloads,/axes/paper-axes2-green.pdf,7,220990
2025-05,downloads,/download/30/rvc2/1183/rvc2-eps.zip,6,302549070
2025-05,downloads,/suttor/GeorgeAndSarahSuttorBook-index.pdf,6,1174290
2025-05,downloads,/files/MVTB/images1.zip,5,245287635
2025-05,downloads,/suttor/GeorgeAndSarahSuttorBook-TOC.pdf,4,284384
2025-05,downloads,/RVC1/top/errata/pumaaxis.pdf,4,95796
2025-05,downloads,/RTB/r6/robot.zip,4,292710
2025-05,downloads,/RTB/r7/robot.zip,3,1703692
2025-05,downloads,/RTB/r4/robot.zip,3,496058
2025-05,downloads,/RTB/r8/robot.zip,3,2514424
2025-05,downloads,/spa/data/graph_031.txt.gz,3,252324
2025-05,downloads,/pdf/book_comic.pdf,3,9580074
2025-05,downloads,/files/images/bridge-l.zip,3,365902911
2025-05,downloads,/download/30/rvc2/1184/rvc2-svg.zip,3,97128642
2025-05,downloads,/files/images/bridge-r.zip,3,365287014
2025-05,downloads,/spa/data/graph_013.txt.gz,2,38372
2025-05,downloads,/spa/data/graph_053.txt.gz,2,538824
2025-05,downloads,/files/images/mosaicml.zip,2,12193854
2025-05,downloads,/spa/data/graph_051.txt.gz,2,521468
2025-05,downloads,/spa/data/graph_045.txt.gz,1,166296
2025-05,downloads,/download/30/rvc3/1182/solutions.pdf,1,941105
2025-05,downloads,http://www.petercorke.com/RTB/robot.pdf,1,3762810
2025-05,downloads,/spa/data/graph_038.txt.gz,1,119414
2025-05,urls,/download/28/mvtb/1109/mvtb-4-3.mltbx,141,8814404307
2025-05,urls,/download/20/articles/1056/sincos.mlx,4,14427
2026-05,downloads,/RTB/currentversion.txt,1490,7450
2026-05,downloads,/RTB/robot.pdf,1267,7916176274
2026-05,downloads,/bluebook/book.pdf,746,2374646600
2026-05,downloads,/doc/simple_systematic.pdf,515,91357830
2026-05,downloads,/RTB/ARA95.pdf,417,31159710
2026-05,downloads,/MVTB/vision.pdf,319,2402515789
2026-05,downloads,/files/salesrank/salesrank.csv,170,8225790
2026-05,downloads,/RVC1/top/toc/toc.pdf,72,4806216
2026-05,downloads,/suttor/GeorgeAndSarahSuttorBook-index.pdf,36,7045740
2026-05,downloads,/axes.pdf,36,1168608
2026-05,downloads,/RTB/r9/robot.pdf,27,211023490
2026-05,downloads,/sitemap.xml.gz,18,180666
2026-05,downloads,/axes/paper-axes2-grey.pdf,16,505344
2026-05,downloads,/suttor/GeorgeAndSarahSuttorBook-TOC.pdf,16,1279728
2026-05,downloads,/axes/paper-axes2-red.pdf,15,473550
2026-05,downloads,/wp-content/uploads/2020/01/book.pdf,15,46501440
2026-05,downloads,/axes/paper-axes2-blue.pdf,14,442288
2026-05,downloads,/SMTB/spatialmath.pdf,12,36037584
2026-05,downloads,/axes/paper-axes2-green.pdf,10,315700
2026-05,downloads,/RTB/r10/robot.pdf,9,38375064
2026-05,downloads,/pdf/book_comic.pdf,9,43110333
2026-05,downloads,/pdf/QUTSchoolCaptainsDinner2017.pdf,8,716358424
2026-05,downloads,/RVC1/top/errata/pumaaxis.pdf,5,119745
2026-05,downloads,/MVTB/r3/vision.pdf,5,32525260
2026-05,downloads,/spa/data/graph_026.txt.gz,4,231624
2026-05,downloads,/RTB/r8/robot.zip,4,5028848
2026-05,downloads,/spa/data/graph_029.txt.gz,3,188856
2026-05,downloads,/spa/data/graph_051.txt.gz,3,782202
2026-05,downloads,/files/MVTB/images-RVC2a.zip,3,221508417
2026-05,downloads,/spa/data/graph_033.txt.gz,3,254313
2026-05,downloads,/spa/data/graph_022.txt.gz,3,115929
2026-05,downloads,/files/MVTB/images-RVC2b.zip,3,764852031
2026-05,downloads,/spa/data/graph_028.txt.gz,3,185703
2026-05,downloads,/spa/data/graph_032.txt.gz,3,253134
2026-05,downloads,/spa/data/graph_045.txt.gz,2,332592
2026-05,downloads,/spa/data/graph_019.txt.gz,2,53654
2026-05,downloads,/spa/data/graph_052.txt.gz,2,515582
2026-05,downloads,/wp-content/plugins/wordpress-seo/css/main-sitemap.xsl,2,3004
2026-05,downloads,/spa/data/graph_023.txt.gz,2,82546
2026-05,downloads,/spa/data/graph_050.txt.gz,2,504028
2026-05,downloads,/spa/data/graph_020.txt.gz,2,74076
2026-05,downloads,/RTB/r7/robot.zip,2,1703692
2026-05,downloads,/spa/data/graph_037.txt.gz,2,213184
2026-05,downloads,/spa/data/graph_003.txt.gz,2,10862
2026-05,downloads,/spa/data/graph_002.txt.gz,2,7770
2026-05,downloads,/spa/data/graph_027.txt.gz,2,124452
2026-05,downloads,/spa/data/graph_014.txt.gz,2,39284
2026-05,downloads,/spa/data/graph_059.txt.gz,2,741782
2026-05,downloads,/RTB/r6/robot.zip,2,195140
2026-05,downloads,/usefulrobot/Useful_Robot_Capability_Statement_2026.pdf,2,7785018
2026-05,downloads,/spa/data/graph_043.txt.gz,2,313636
2026-05,downloads,/spa/data/graph_042.txt.gz,2,279810
2026-05,downloads,/spa/data/graph_018.txt.gz,2,53826
2026-05,downloads,/spa/data/graph_058.txt.gz,2,789618
2026-05,downloads,/spa/data/graph_040.txt.gz,2,281918
2026-05,downloads,/spa/data/graph_046.txt.gz,2,343996
2026-05,downloads,/spa/data/graph_057.txt.gz,2,612394
2026-05,downloads,/spa/data/graph_025.txt.gz,2,89338
2026-05,downloads,/spa/data/graph_061.txt.gz,2,767206
2026-05,downloads,/spa/data/graph_016.txt.gz,2,52038
2026-05,downloads,/spa/data/graph_001.txt.gz,2,3556
2026-05,downloads,/spa/data/graph_041.txt.gz,2,284732
2026-05,downloads,/pdf/paper-axes.pdf,1,30895
2026-05,downloads,/RTB/r4/robot.zip,1,248029
2026-05,downloads,/spa/data/graph_015.txt.gz,1,27752
2026-05,downloads,/spa/data/graph_012.txt.gz,1,19186
2026-05,downloads,/spa/data/graph_007.txt.gz,1,14684
2026-05,downloads,/spa/data/graph_036.txt.gz,1,102299
2026-05,downloads,/spa/data/graph_030.txt.gz,1,86129
2026-05,downloads,/spa/data/graph_010.txt.gz,1,17665
2026-05,downloads,/spa/data/graph_047.txt.gz,1,184994
2026-05,downloads,/spa/data/graph_035.txt.gz,1,102511
2026-05,downloads,/spa/data/graph_021.txt.gz,1,35787
2026-05,downloads,/spa/data/graph_024.txt.gz,1,43100
2026-05,downloads,/spa/data/graph_031.txt.gz,1,84108
2026-05,downloads,/spa/data/graph_009.txt.gz,1,16418
2026-05,downloads,/spa/data/graph_053.txt.gz,1,269412
2026-05,downloads,/spa/data/graph_017.txt.gz,1,25564
2026-05,downloads,/spa/data/graph_034.txt.gz,1,87208
2026-05,downloads,/spa/data/graph_060.txt.gz,1,372788
2026-05,downloads,/spa/data/graph_005.txt.gz,1,14216
2026-05,downloads,/spa/data/graph_055.txt.gz,1,262060
2026-05,downloads,/spa/data/graph_044.txt.gz,1,160773
2026-05,downloads,/spa/data/graph_011.txt.gz,1,19186
2026-05,downloads,/spa/data/graph_004.txt.gz,1,5840
2026-05,downloads,/cv/corke-resume.mov,1,14388649
2026-05,downloads,/spa/data/graph_049.txt.gz,1,272554
2026-05,downloads,/spa/data/graph_008.txt.gz,1,14733
2026-05,downloads,/spa/data/graph_038.txt.gz,1,119414
2026-05,downloads,/robots.txt,0,1924
2017-06,downloads,/RTB/robot.pdf,1548,16303145565
2017-06,downloads,/doc/rtb_dh.pdf,989,537396129
2017-06,downloads,/MVTB/vision.pdf,581,5450761662
2017-06,downloads,/RTB/ARA95.pdf,382,38024175
2017-06,downloads,/bluebook/book.pdf,279,1065612434
2017-06,downloads,/doc/simple_systematic.pdf,100,21553797
2017-06,downloads,/doc/descartes.pdf,78,72365693
2017-06,downloads,/doc/robotarm.pdf,70,78310489
2017-06,downloads,/doc/rtb_4dof.pdf,59,65281922
2017-06,downloads,/RTB/r9/robot.pdf,53,486115146
2017-06,downloads,/axes/paper-axes2-blue.pdf,42,1358457
2017-06,downloads,/RVC1/top/toc/toc.pdf,41,2861543
2017-06,downloads,/axes.pdf,38,1231776
2017-06,downloads,/MVTB/r3/vision.pdf,34,221149111
2017-06,downloads,/pdf/QUTSchoolCaptainsDinner2017.pdf,24,2149075272
2017-06,downloads,/pdf/paper-axes.pdf,19,648795
2017-06,downloads,/pdf/book_comic.pdf,13,62270481
2017-06,downloads,/RVC1/top/errata/pumaaxis.pdf,10,239490
2017-06,downloads,/axes/paper-axes2-red.pdf,9,315700
2017-06,downloads,/axes/paper-axes2-green.pdf,9,284130
2017-06,downloads,/spa/data/graph_059.txt.gz,3,1112673
2017-06,downloads,/spa/data/graph_060.txt.gz,3,1118364
2017-06,downloads,/spa/data/graph_017.txt.gz,2,51128
2017-06,downloads,/spa/data/graph_042.txt.gz,2,279810
2017-06,downloads,/spa/data/graph_009.txt.gz,2,32836
2017-06,downloads,/spa/data/graph_051.txt.gz,2,521468
2017-06,downloads,/spa/data/graph_011.txt.gz,2,38372
2017-06,downloads,/spa/data/graph_052.txt.gz,2,515582
2017-06,downloads,/spa/data/graph_016.txt.gz,2,52038
2017-06,downloads,/spa/data/graph_044.txt.gz,2,321546
2017-06,downloads,/spa/data/graph_049.txt.gz,2,545108
2017-06,downloads,/spa/data/graph_025.txt.gz,2,89338
2017-06,downloads,/spa/data/graph_020.txt.gz,2,74076
2017-06,downloads,/spa/data/graph_035.txt.gz,2,205022
2017-06,downloads,/spa/data/graph_043.txt.gz,2,313636
2017-06,downloads,/spa/data/graph_058.txt.gz,2,789618
2017-06,downloads,/spa/data/graph_013.txt.gz,2,38372
2017-06,downloads,/spa/data/graph_023.txt.gz,2,82546
2017-06,downloads,/spa/data/graph_048.txt.gz,2,383172
2017-06,downloads,/spa/data/graph_057.txt.gz,2,612394
2017-06,downloads,/spa/data/graph_015.txt.gz,2,55504
2017-06,downloads,/spa/data/graph_050.txt.gz,2,504028
2017-06,downloads,/spa/data/graph_037.txt.gz,2,213184
2017-06,downloads,/spa/data/graph_007.txt.gz,2,29368
2017-06,downloads,/spa/data/graph_046.txt.gz,2,343996
2017-06,downloads,/spa/data/graph_018.txt.gz,2,53826
2017-06,downloads,/spa/data/graph_061.txt.gz,2,767206
2017-06,downloads,/spa/data/graph_033.txt.gz,2,169542
2017-06,downloads,/spa/data/graph_005.txt.gz,2,28432
2017-06,downloads,/spa/data/graph_041.txt.gz,2,284732
2017-06,downloads,/spa/data/graph_002.txt.gz,2,7770
2017-06,downloads,/spa/data/graph_045.txt.gz,2,332592
2017-06,downloads,/spa/data/graph_028.txt.gz,2,123802
2017-06,downloads,/spa/data/graph_022.txt.gz,2,77286
2017-06,downloads,/spa/data/graph_003.txt.gz,2,10862
2017-06,downloads,/spa/data/graph_006.txt.gz,2,29308
2017-06,downloads,/spa/data/graph_055.txt.gz,2,524120
2017-06,downloads,/spa/data/graph_004.txt.gz,2,11680
2017-06,downloads,/spa/data/graph_040.txt.gz,2,281918
2017-06,downloads,/spa/data/graph_027.txt.gz,2,124452
2017-06,downloads,/spa/data/graph_031.txt.gz,2,168216
2017-06,downloads,/spa/data/graph_019.txt.gz,2,53654
2017-06,downloads,/spa/data/graph_034.txt.gz,2,174416
2017-06,downloads,/spa/data/graph_036.txt.gz,2,204598
2017-06,downloads,/spa/data/graph_030.txt.gz,2,172258
2017-06,downloads,/spa/data/graph_010.txt.gz,2,35330
2017-06,downloads,/spa/data/graph_053.txt.gz,2,538824
2017-06,downloads,/spa/data/graph_012.txt.gz,2,38372
2017-06,downloads,/spa/data/graph_054.txt.gz,2,523038
2017-06,downloads,/spa/data/graph_029.txt.gz,1,62952
2017-06,downloads,/spa/data/graph_039.txt.gz,1,135204
2017-06,downloads,/spa/data/graph_014.txt.gz,1,19642
2017-06,downloads,/spa/data/graph_024.txt.gz,1,43100
2017-06,downloads,/spa/data/graph_032.txt.gz,1,84378
2017-06,downloads,/spa/data/graph_056.txt.gz,1,267538
2017-06,downloads,/spa/data/graph_001.txt.gz,1,1778
2017-06,downloads,/spa/data/graph_008.txt.gz,1,14733
2017-06,downloads,/spa/data/graph_021.txt.gz,1,35787
2017-06,downloads,/spa/data/graph_047.txt.gz,1,184994
2017-06,downloads,/spa/data/graph_038.txt.gz,1,119414
2017-06,downloads,/spa/data/graph_026.txt.gz,1,57906
2021-06,downloads,/download/27/rtb/1011/robot-10-3-1.zip,586,9320454052
2021-06,downloads,/RTB/ARA95.pdf,505,37800925
2021-06,downloads,/RTB/robot.pdf,427,3217182634
2021-06,downloads,/MVTB/vision.pdf,377,2367164934
2021-06,downloads,/bluebook/book.pdf,353,1049283476
2021-06,downloads,/download/31/python-tools/1296/python_toolbox_icra_2020-5.pdf,223,112968863
2021-06,downloads,/doc/simple_systematic.pdf,180,31847271
2021-06,downloads,/download/29/books/1256/corke-bluebook.pdf,173,406715951
2021-06,downloads,/download/30/rvc2/1182/solutions.pdf,161,125549767
2021-06,downloads,/download/30/rvc2/1208/rvc2-livescripts.zip,92,2197713329
2021-06,downloads,/download/28/mvtb/1181/contrib2.zip,89,326982288
2021-06,downloads,/download/20/articles/1059/urdf-2.pdf,69,52920499
2021-06,downloads,/files/MVTB/images-RVC2a.zip,56,2288631861
2021-06,downloads,/files/MVTB/images-RVC2b.zip,48,7449224757
2021-06,downloads,/download/20/articles/1057/prcurves.pdf,44,7762524
2021-06,downloads,/download/20/articles/1041/ets_jacobian.pdf,40,9853354
2021-06,downloads,/download/20/articles/1064/rtb_4dof.pdf,39,33382046
2021-06,downloads,/RTB/r9/robot.pdf,35,267338750
2021-06,downloads,/axes.pdf,34,1010902
2021-06,downloads,/download/20/articles/1063/rtb_real_robot.pdf,22,19310104
2021-06,downloads,/download/20/articles/1062/rtb_dh.pdf,18,7058574
2021-06,downloads,/RVC1/top/toc/toc.pdf,18,1267090
2021-06,downloads,/download/20/articles/1060/xml.pdf,17,1784762
2021-06,downloads,/download/20/articles/1193/unimate-puma-servo-system-exposed.pdf,16,349173716
2021-06,downloads,/download/30/rvc2/1184/rvc2-svg.zip,16,272292524
2021-06,downloads,/download/30/rvc2/1183/rvc2-eps.zip,16,379609176
2021-06,downloads,/download/20/articles/1079/the-bones-of-descartes.pdf,14,5200748
2021-06,downloads,/MVTB/r3/vision.pdf,12,78060624
2021-06,downloads,/download/20/articles/1054/insertion.pdf,11,1389454
2021-06,downloads,/spa/data/graph_058.txt.gz,9,1447468
2021-06,downloads,/download/32/documents/1317/aim-177.pdf,8,52987982
2021-06,downloads,/suttor/GeorgeAndSarahSuttorBook-TOC.pdf,8,568768
2021-06,downloads,/download/20/articles/1058/urdf.zip,8,105948
2021-06,downloads,/axes/paper-axes2-red.pdf,7,220990
2021-06,downloads,/download/20/articles/1055/solving-trig.pdf,7,1021391
2021-06,downloads,/axes/paper-axes2-grey.pdf,7,221088
2021-06,downloads,/license.txt,7,33304
2021-06,downloads,/spa/data/graph_035.txt.gz,7,692779
2021-06,downloads,/spa/data/graph_021.txt.gz,7,250509
2021-06,downloads,/spa/data/graph_038.txt.gz,7,822980
2021-06,downloads,/spa/data/graph_008.txt.gz,7,103131
2021-06,downloads,/spa/data/graph_006.txt.gz,6,87924
2021-06,downloads,/suttor/GeorgeAndSarahSuttorBook-index.pdf,6,1174290
2021-06,downloads,/spa/data/graph_003.txt.gz,6,32586
2021-06,downloads,/spa/data/graph_004.txt.gz,6,35040
2021-06,downloads,/spa/data/graph_011.txt.gz,6,115116
2021-06,downloads,/spa/data/graph_007.txt.gz,6,88104
2021-06,downloads,/spa/data/graph_046.txt.gz,6,835089
2021-06,downloads,/spa/data/graph_048.txt.gz,6,845094
2021-06,downloads,/spa/data/graph_059.txt.gz,6,1505500
2021-06,downloads,/spa/data/graph_017.txt.gz,6,153384
2021-06,downloads,/spa/data/graph_014.txt.gz,6,117852
2021-06,downloads,/spa/data/graph_040.txt.gz,6,717724
2021-06,downloads,/spa/data/graph_053.txt.gz,6,1115423
2021-06,downloads,/spa/data/graph_009.txt.gz,5,82090
2021-06,downloads,/spa/data/graph_060.txt.gz,5,1364124
2021-06,downloads,/spa/data/graph_013.txt.gz,5,95930
2021-06,downloads,/spa/data/graph_026.txt.gz,5,278089
2021-06,downloads,/spa/data/graph_002.txt.gz,5,19425
2021-06,downloads,/spa/data/graph_018.txt.gz,5,134565
2021-06,downloads,/spa/data/graph_041.txt.gz,5,711830
2021-06,downloads,/spa/data/graph_025.txt.gz,5,223345
2021-06,downloads,/spa/data/graph_010.txt.gz,5,88325
2021-06,downloads,/spa/data/graph_044.txt.gz,5,798895
2021-06,downloads,/spa/data/graph_056.txt.gz,5,795843
2021-06,downloads,/spa/data/graph_039.txt.gz,5,602220
2021-06,downloads,/spa/data/graph_047.txt.gz,5,750541
2021-06,downloads,/spa/data/graph_043.txt.gz,5,683446
2021-06,downloads,/spa/data/graph_001.txt.gz,5,8890
2021-06,downloads,/spa/data/graph_028.txt.gz,5,309505
2021-06,downloads,/spa/data/graph_024.txt.gz,5,215500
2021-06,downloads,/spa/data/graph_061.txt.gz,5,1053926
2021-06,downloads,/spa/data/graph_029.txt.gz,5,314760
2021-06,downloads,/spa/data/graph_051.txt.gz,5,978810
2021-06,downloads,/spa/data/graph_049.txt.gz,5,966983
2021-06,downloads,/spa/data/graph_023.txt.gz,4,165092
2021-06,downloads,/spa/data/graph_036.txt.gz,4,409196
2021-06,downloads,/spa/data/graph_057.txt.gz,4,923690
2021-06,downloads,/spa/data/graph_005.txt.gz,4,56864
2021-06,downloads,/spa/data/graph_037.txt.gz,4,393408
2021-06,downloads,/wp-content/uploads/2020/01/book.pdf,4,12400384
2021-06,downloads,/spa/data/graph_031.txt.gz,4,336432
2021-06,downloads,/spa/data/graph_050.txt.gz,4,749788
2021-06,downloads,/spa/data/graph_020.txt.gz,4,148152
2021-06,downloads,/spa/data/graph_054.txt.gz,4,719646
2021-06,downloads,/spa/data/graph_052.txt.gz,4,626431
2021-06,downloads,/spa/data/graph_022.txt.gz,4,154572
2021-06,downloads,/spa/data/graph_055.txt.gz,4,539211
2021-06,downloads,/axes/paper-axes2-blue.pdf,4,126368
2021-06,downloads,/spa/data/graph_033.txt.gz,4,339084
2021-06,downloads,/axes/paper-axes2-green.pdf,4,126280
2021-06,downloads,/spa/data/graph_045.txt.gz,4,584088
2021-06,downloads,/spa/data/graph_019.txt.gz,4,107308
2021-06,downloads,/spa/data/graph_034.txt.gz,4,348832
2021-06,downloads,/spa/data/graph_027.txt.gz,4,248904
2021-06,downloads,/spa/data/graph_015.txt.gz,3,83256
2021-06,downloads,/spa/data/graph_030.txt.gz,3,258387
2021-06,downloads,/pdf/book_comic.pdf,3,14370111
2021-06,downloads,/spa/data/graph_016.txt.gz,3,78057
2021-06,downloads,/spa/data/graph_042.txt.gz,3,320770
2021-06,downloads,/spa/data/graph_012.txt.gz,3,57558
2021-06,downloads,/download/20/articles/1061/xml-2.zip,3,17421
2021-06,downloads,/spa/data/graph_032.txt.gz,3,253134
2021-06,downloads,/download/20/articles/1059/CHANGELOG.txt,2,1577772
2021-06,downloads,/download/20/articles/1060/CHANGELOG.txt,2,209972
2021-06,downloads,/RTB/r6/robot.zip,2,195140
2021-06,downloads,/pdf/QUTSchoolCaptainsDinner2017.pdf,2,179089606
2021-06,downloads,/RTB/r8/robot.zip,2,744297
2021-06,downloads,/RVC1/top/errata/pumaaxis.pdf,2,47898
2021-06,downloads,/download/20/articles/1060//CHANGELOG.txt,1,88
2021-06,downloads,/download/19/toolbox/1113/images-for-rvc2-extra-image-sequences-for-ch-14.zip,1,37
2021-06,downloads,/download/19/toolbox/1112/images-for-rvc2.zip,1,37
2021-06,downloads,/pdf/paper-axes.pdf,1,30895
2021-06,downloads,/wp-config-backup.txt,1,107
2021-06,downloads,/SMTB/spatialmath.pdf,1,3003132
2021-06,downloads,/download/19/toolbox/1011/robot-10-3-1.zip,1,37
2021-06,downloads,//CHANGELOG.txt,1,88
2021-06,urls,/download/28/mvtb/1109/mvtb-4-3.mltbx,246,12589715681
2021-06,urls,/download/20/articles/1056/sincos.mlx,1,4809
2022-06,downloads,/download/27/rtb/1011/robot-10-3-1.zip,665,11980448014
2022-06,downloads,/RTB/robot.pdf,626,4641317536
2022-06,downloads,/MVTB/vision.pdf,362,2237972470
2022-06,downloads,/bluebook/book.pdf,287,808437282
2022-06,downloads,/RTB/ARA95.pdf,275,20547559
2022-06,downloads,/download/31/python-tools/1296/python_toolbox_icra_2020-5.pdf,195,99000825
2022-06,downloads,/download/30/rvc2/1182/solutions.pdf,176,152973282
2022-06,downloads,/doc/simple_systematic.pdf,149,26364732
2022-06,downloads,/download/20/articles/1059/urdf-2.pdf,93,70377242
2022-06,downloads,/download/30/rvc2/1208/rvc2-livescripts.zip,71,1681536135
2022-06,downloads,/download/20/articles/1079/the-bones-of-descartes.pdf,42,15318352
2022-06,downloads,/download/28/mvtb/1181/contrib2.zip,39,123401800
2022-06,downloads,/axes.pdf,39,1231776
2022-06,downloads,/download/20/articles/1062/rtb_dh.pdf,37,13959797
2022-06,downloads,/download/29/books/1256/corke-bluebook.pdf,37,117364800
2022-06,downloads,/download/20/articles/1064/rtb_4dof.pdf,35,31805529
2022-06,downloads,/download/20/articles/1041/ets_jacobian.pdf,31,7646912
2022-06,downloads,/download/20/articles/1057/prcurves.pdf,27,4604015
2022-06,downloads,/download/20/articles/1060/xml.pdf,24,2519664
2022-06,downloads,/download/20/articles/1063/rtb_real_robot.pdf,20,18301300
2022-06,downloads,/wp-includes/ID3/license.txt,13,1144
2022-06,downloads,/RTB/r9/robot.pdf,13,99297250
2022-06,downloads,/download/30/rvc2/1183/rvc2-eps.zip,13,463775802
2022-06,downloads,/axes/paper-axes2-grey.pdf,12,379008
2022-06,downloads,/download/20/articles/1058/urdf.zip,12,141264
2022-06,downloads,/download/32/documents/1317/aim-177.pdf,11,80013241
2022-06,downloads,/files/MVTB/images-RVC2a.zip,11,833671824
2022-06,downloads,/files/MVTB/images-RVC2b.zip,10,2145865767
2022-06,downloads,/download/30/rvc2/1184/rvc2-svg.zip,10,232772118
2022-06,downloads,/MVTB/r3/vision.pdf,10,65050520
2022-06,downloads,/download/20/articles/1054/insertion.pdf,9,1136826
2022-06,downloads,/download/20/articles/1055/solving-trig.pdf,7,1101768
2022-06,downloads,/suttor/GeorgeAndSarahSuttorBook-index.pdf,6,1174290
2022-06,downloads,/RVC1/top/toc/toc.pdf,6,400518
2022-06,downloads,/pdf/book_comic.pdf,5,19160255
2022-06,downloads,/download/20/articles/1193/unimate-puma-servo-system-exposed.pdf,4,112630916
2022-06,downloads,/suttor/GeorgeAndSarahSuttorBook-TOC.pdf,4,284384
2022-06,downloads,/wp-content/plugins/capability-manager-enhanced/readme.txt,3,264
2022-06,downloads,/wp-content/plugins/sitemap-by-click5/readme.txt,3,264
2022-06,downloads,/axes/paper-axes2-red.pdf,3,63247
2022-06,downloads,/wp-content/plugins/nd-shortcodes/readme.txt,3,264
2022-06,downloads,/wp-content/plugins/woo-product-table/readme.txt,3,264
2022-06,downloads,/wp-content/plugins/ulisting/readme.txt,3,264
2022-06,downloads,/wp-content/plugins/wp-file-manager/readme.txt,3,264
2022-06,downloads,/wp-content/uploads/2020/01/book.pdf,3,9300288
2022-06,downloads,/wp-content/plugins/image-hover-effects-ultimate/readme.txt,3,264
2022-06,downloads,/wp-content/plugins/nd-learning/readme.txt,3,264
2022-06,downloads,/wp-content/plugins/masterstudy-lms-learning-management-system/readme.txt,3,264
2022-06,downloads,/wp-content/plugins/capabilities-pro/readme.txt,3,264
2022-06,downloads,/wp-content/plugins/emails-verification-for-woocommerce/readme.txt,3,264
2022-06,downloads,/wp-content/plugins/vc-tabs/readme.txt,3,264
2022-06,downloads,/wp-content/plugins/themegrill-demo-importer/readme.txt,3,264
2022-06,downloads,/wp-content/plugins/ait-csv-import-export/changelog.txt,3,264
2022-06,downloads,/wp-content/plugins/wp-time-capsule/readme.txt,3,264
2022-06,downloads,/wp-content/plugins/advanced-import/readme.txt,3,264
2022-06,downloads,/RVC1/top/errata/pumaaxis.pdf,3,71847
2022-06,downloads,/wp-content/plugins/angwp/__%20UPDATES.txt,3,264
2022-06,downloads,/wp-content/plugins/nd-booking/readme.txt,3,264
2022-06,downloads,/wp-content/plugins/shortcode-addons/readme.txt,3,264
2022-06,downloads,/wp-content/plugins/nd-donations/readme.txt,3,264
2022-06,downloads,/wp-content/plugins/wpcargo/readme.txt,3,264
2022-06,downloads,/wp-content/plugins/iwp-client/readme.txt,3,264
2022-06,downloads,/wp-content/plugins/udraw/readme.txt,3,264
2022-06,downloads,/wp-content/plugins/woocommerce-jetpack/readme.txt,3,264
2022-06,downloads,/wp-content/plugins/mstore-api/readme.txt,3,264
2022-06,downloads,/wp-content/plugins/nd-restaurant-reservations/readme.txt,3,264
2022-06,downloads,/spa/data/graph_006.txt.gz,2,29308
2022-06,downloads,/spa/data/graph_015.txt.gz,2,55504
2022-06,downloads,/spa/data/graph_057.txt.gz,2,612394
2022-06,downloads,/download/20/articles/1060/CHANGELOG.txt,2,209972
2022-06,downloads,/spa/data/graph_018.txt.gz,2,53826
2022-06,downloads,/spa/data/graph_041.txt.gz,2,284732
2022-06,downloads,/spa/data/graph_050.txt.gz,2,504028
2022-06,downloads,/spa/data/graph_042.txt.gz,2,279810
2022-06,downloads,/spa/data/graph_052.txt.gz,2,515582
2022-06,downloads,/spa/data/graph_048.txt.gz,2,383172
2022-06,downloads,/spa/data/graph_017.txt.gz,2,25671
2022-06,downloads,/spa/data/graph_055.txt.gz,2,491039
2022-06,downloads,/spa/data/graph_044.txt.gz,2,160880
2022-06,downloads,/spa/data/graph_056.txt.gz,2,535076
2022-06,downloads,/spa/data/graph_014.txt.gz,2,39284
2022-06,downloads,/spa/data/graph_047.txt.gz,2,369988
2022-06,downloads,/spa/data/graph_028.txt.gz,2,123802
2022-06,downloads,/axes/paper-axes2-green.pdf,2,63140
2022-06,downloads,/spa/data/graph_045.txt.gz,2,332592
2022-06,downloads,/spa/data/graph_019.txt.gz,2,53654
2022-06,downloads,/spa/data/graph_051.txt.gz,2,521468
2022-06,downloads,/spa/data/graph_034.txt.gz,2,174416
2022-06,downloads,/spa/data/graph_009.txt.gz,1,16418
2022-06,downloads,/spa/data/graph_023.txt.gz,1,41273
2022-06,downloads,/spa/data/graph_036.txt.gz,1,102299
2022-06,downloads,/spa/data/graph_060.txt.gz,1,372788
2022-06,downloads,/spa/data/graph_005.txt.gz,1,14216
2022-06,downloads,/spa/data/graph_003.txt.gz,1,5431
2022-06,downloads,/spa/data/graph_037.txt.gz,1,106592
2022-06,downloads,/spa/data/graph_026.txt.gz,1,107
2022-06,downloads,/log.txt,1,107
2022-06,downloads,/spa/data/graph_016.txt.gz,1,26019
2022-06,downloads,/spa/data/graph_031.txt.gz,1,84108
2022-06,downloads,/pdf/QUTSchoolCaptainsDinner2017.pdf,1,89544803
2022-06,downloads,/spa/data/graph_020.txt.gz,1,37038
2022-06,downloads,/spa/data/graph_010.txt.gz,1,17665
2022-06,downloads,/spa/data/graph_007.txt.gz,1,14684
2022-06,downloads,/spa/data/graph_046.txt.gz,1,171998
2022-06,downloads,/spa/data/graph_059.txt.gz,1,370891
2022-06,downloads,/spa/data/graph_039.txt.gz,1,135204
2022-06,downloads,/axes/paper-axes2-blue.pdf,1,31592
2022-06,downloads,/spa/data/graph_035.txt.gz,1,102511
2022-06,downloads,/spa/data/graph_001.txt.gz,1,1778
2022-06,downloads,/spa/data/graph_024.txt.gz,1,43100
2022-06,downloads,/spa/data/graph_038.txt.gz,1,119414
2022-06,downloads,/spa/data/graph_032.txt.gz,1,84378
2022-06,downloads,/spa/data/graph_033.txt.gz,1,84771
2022-06,downloads,/spa/data/graph_061.txt.gz,1,383603
2022-06,downloads,/spa/data/graph_040.txt.gz,1,107
2022-06,downloads,/spa/data/graph_027.txt.gz,1,62226
2022-06,downloads,/spa/data/graph_008.txt.gz,1,14733
2022-06,downloads,/spa/data/graph_053.txt.gz,1,269412
2022-06,downloads,/spa/data/graph_058.txt.gz,1,394809
2022-06,urls,/download/28/mvtb/1109/mvtb-4-3.mltbx,151,8266634798
2022-06,urls,/download/27/rtb/1045/rtb10-4-mltbx.mltbx,5,320
2022-06,urls,/download/20/articles/1056/sincos.mlx,1,4809
2023-06,downloads,/RTB/robot.pdf,641,4263766739
2023-06,downloads,/download/27/rtb/1011/robot-10-3-1.zip,420,8057760650
2023-06,downloads,/MVTB/vision.pdf,397,2527265238
2023-06,downloads,/bluebook/book.pdf,258,754158600
2023-06,downloads,/download/30/rvc2/1182/solutions.pdf,246,218137799
2023-06,downloads,/RTB/ARA95.pdf,213,16023575
2023-06,downloads,/download/31/python-tools/1349/python_toolbox_icra_2021.pdf,147,83537486
2023-06,downloads,/download/20/articles/1063/rtb_real_robot.pdf,127,98663215
2023-06,downloads,/download/27/rtb/1351/robot-9-10.zip,116,1922073757
2023-06,downloads,/download/29/books/1256/corke-bluebook.pdf,114,340080065
2023-06,downloads,/download/20/articles/1062/rtb_dh.pdf,95,34753041
2023-06,downloads,/doc/simple_systematic.pdf,90,15802018
2023-06,downloads,/download/20/articles/1059/urdf-2.pdf,78,55259301
2023-06,downloads,/download/30/rvc2/1208/rvc2-livescripts.zip,67,1621256659
2023-06,downloads,/download/20/articles/1064/rtb_4dof.pdf,63,48889860
2023-06,downloads,/download/28/mvtb/1181/contrib2.zip,56,260809462
2023-06,downloads,/download/20/articles/1041/ets_jacobian.pdf,47,9762310
2023-06,downloads,/download/20/articles/1057/prcurves.pdf,37,5645472
2023-06,downloads,/download/20/articles/1060/xml.pdf,36,3149685
2023-06,downloads,/RTB/r9/robot.pdf,32,238692906
2023-06,downloads,/download/20/articles/1079/the-bones-of-descartes.pdf,32,10289426
2023-06,downloads,/axes.pdf,31,992036
2023-06,downloads,/download/30/rvc2/1183/rvc2-eps.zip,30,1201724749
2023-06,downloads,/download/20/articles/1054/insertion.pdf,28,3536792
2023-06,downloads,/wp-content/uploads/2020/01/book.pdf,26,80602496
2023-06,downloads,/download/20/articles/1058/urdf.zip,26,247212
2023-06,downloads,/files/MVTB/images-RVC2a.zip,26,1372252538
2023-06,downloads,/download/32/documents/1317/aim-177.pdf,25,174448811
2023-06,downloads,/files/MVTB/images-RVC2b.zip,22,4513583105
2023-06,downloads,/download/28/mvtb/1087/vision-4-3.zip,22,1276501346
2023-06,downloads,/download/30/rvc2/1184/rvc2-svg.zip,19,402503615
2023-06,downloads,/download/20/articles/1055/solving-trig.pdf,17,1750956
2023-06,downloads,/download/20/articles/1193/unimate-puma-servo-system-exposed.pdf,16,270623021
2023-06,downloads,/download/31/python-tools/1296/python_toolbox_icra_2020-5.pdf,15,428
2023-06,downloads,/MVTB/r3/vision.pdf,15,97575780
2023-06,downloads,/files/MVTB/images1.zip,12,391582761
2023-06,downloads,/RTB/r4/robot.zip,10,1286144
2023-06,downloads,/RVC1/top/toc/toc.pdf,7,532807
2023-06,downloads,/pdf/book_comic.pdf,6,23950317
2023-06,downloads,/spa/data/graph_016.txt.gz,6,156114
2023-06,downloads,/suttor/GeorgeAndSarahSuttorBook-TOC.pdf,6,426576
2023-06,downloads,/spa/data/graph_030.txt.gz,4,344516
2023-06,downloads,/spa/data/graph_035.txt.gz,4,405837
2023-06,downloads,/axes/paper-axes2-green.pdf,4,126280
2023-06,downloads,/spa/data/graph_009.txt.gz,3,49254
2023-06,downloads,/suttor/GeorgeAndSarahSuttorBook-index.pdf,3,587145
2023-06,downloads,/files/images/bridge-l.zip,3,316991137
2023-06,downloads,/spa/data/graph_004.txt.gz,3,17520
2023-06,downloads,/RTB/r6/robot.zip,3,428221
2023-06,downloads,/spa/data/graph_052.txt.gz,3,560895
2023-06,downloads,/axes/paper-axes2-grey.pdf,3,126336
2023-06,downloads,/download/20/articles/1061/xml-2.zip,3,17421
2023-06,downloads,/spa/data/graph_044.txt.gz,3,332805
2023-06,downloads,/files/images/mosaicml.zip,3,18290781
2023-06,downloads,/RTB/r8/robot.zip,3,445463
2023-06,downloads,/RVC1/top/errata/pumaaxis.pdf,3,71847
2023-06,downloads,/spa/data/graph_001.txt.gz,3,5334
2023-06,downloads,/spa/data/graph_029.txt.gz,3,188856
2023-06,downloads,/spa/data/graph_051.txt.gz,3,603388
2023-06,downloads,/spa/data/graph_008.txt.gz,3,44199
2023-06,downloads,/spa/data/graph_049.txt.gz,3,592042
2023-06,downloads,/RTB/r7/robot.zip,3,2707060
2023-06,downloads,/spa/data/graph_058.txt.gz,3,632377
2023-06,downloads,/spa/data/graph_006.txt.gz,2,29308
2023-06,downloads,/spa/data/graph_013.txt.gz,2,38372
2023-06,downloads,/spa/data/graph_003.txt.gz,2,10862
2023-06,downloads,/spa/data/graph_026.txt.gz,2,115812
2023-06,downloads,/spa/data/graph_002.txt.gz,2,7770
2023-06,downloads,/spa/data/graph_018.txt.gz,2,53826
2023-06,downloads,/spa/data/graph_011.txt.gz,2,38372
2023-06,downloads,/spa/data/graph_041.txt.gz,2,180224
2023-06,downloads,/spa/data/graph_020.txt.gz,2,74076
2023-06,downloads,/spa/data/graph_050.txt.gz,2,350318
2023-06,downloads,/spa/data/graph_054.txt.gz,2,172032
2023-06,downloads,/spa/data/graph_010.txt.gz,2,35330
2023-06,downloads,/spa/data/graph_007.txt.gz,2,29368
2023-06,downloads,/spa/data/graph_046.txt.gz,2,253918
2023-06,downloads,/spa/data/graph_056.txt.gz,2,414994
2023-06,downloads,/axes/paper-axes2-blue.pdf,2,63184
2023-06,downloads,/files/images/bridge-r.zip,2,243524676
2023-06,downloads,/spa/data/graph_021.txt.gz,2,71574
2023-06,downloads,/spa/data/graph_043.txt.gz,2,238738
2023-06,downloads,/spa/data/graph_032.txt.gz,2,168756
2023-06,downloads,/spa/data/graph_045.txt.gz,2,264600
2023-06,downloads,/spa/data/graph_019.txt.gz,2,53654
2023-06,downloads,/axes/paper-axes2-red.pdf,1,31570
2023-06,downloads,/spa/data/graph_015.txt.gz,1,27752
2023-06,downloads,/spa/data/graph_023.txt.gz,1,41273
2023-06,downloads,/spa/data/graph_036.txt.gz,1,81920
2023-06,downloads,/spa/data/graph_057.txt.gz,1,98304
2023-06,downloads,/spa/data/graph_060.txt.gz,1,98304
2023-06,downloads,/spa/data/graph_005.txt.gz,1,14216
2023-06,downloads,/pdf/paper-axes.pdf,1,30895
2023-06,downloads,/spa/data/graph_037.txt.gz,1,106592
2023-06,downloads,/spa/data/graph_031.txt.gz,1,84108
2023-06,downloads,/spa/data/graph_025.txt.gz,1,44669
2023-06,downloads,/wp-admin.zip,1,0
2023-06,downloads,/administrator.zip,1,0
2023-06,downloads,/spa/data/graph_012.txt.gz,1,19186
2023-06,downloads,/spa/data/graph_042.txt.gz,1,98304
2023-06,downloads,/spa/data/graph_022.txt.gz,1,38643
2023-06,downloads,/spa/data/graph_048.txt.gz,1,81920
2023-06,downloads,/spa/data/graph_059.txt.gz,1,81920
2023-06,downloads,/spa/data/graph_017.txt.gz,1,25564
2023-06,downloads,/spa/data/graph_055.txt.gz,1,245760
2023-06,downloads,/doc/rtb_dh.pdf,1,125
2023-06,downloads,/spa/data/graph_039.txt.gz,1,114688
2023-06,downloads,/spa/data/graph_047.txt.gz,1,163840
2023-06,downloads,/spa/data/graph_014.txt.gz,1,19642
2023-06,downloads,/ads.txt,1,101
2023-06,downloads,http://www.petercorke.com/RTB/robot.pdf,1,7638250
2023-06,downloads,/spa/data/graph_028.txt.gz,1,61901
2023-06,downloads,/spa/data/graph_024.txt.gz,1,43100
2023-06,downloads,/spa/data/graph_038.txt.gz,1,81920
2023-06,downloads,/spa/data/graph_033.txt.gz,1,84771
2023-06,downloads,/spa/data/graph_061.txt.gz,1,81920
2023-06,downloads,/book_comic.pdf,1,108
2023-06,downloads,/download/27/rtb/910/rtb-manual.pdf,1,26
2023-06,downloads,/petercorke.zip,1,0
2023-06,downloads,/spa/data/graph_040.txt.gz,1,98304
2023-06,downloads,/spa/data/graph_034.txt.gz,1,87208
2023-06,downloads,/spa/data/graph_027.txt.gz,1,62226
2023-06,downloads,/spa/data/graph_053.txt.gz,1,98304
2023-06,downloads,/download/26/rtb/910/rtb-manual.pdf,1,26
2023-06,downloads,/download/25/rtb/910/rtb-manual.pdf,1,22
2023-06,urls,/download/28/mvtb/1109/mvtb-4-3.mltbx,159,9095540807
2023-06,urls,/download/27/rtb/1045/rtb10-4-mltbx.mltbx,3,332
2023-06,urls,/download/20/articles/1056/sincos.mlx,2,9618
2024-06,downloads,/download/20/articles/1062/rtb_dh.pdf,502,180396376
2024-06,downloads,/MVTB/vision.pdf,421,2588522228
2024-06,downloads,/download/27/rtb/1011/robot-10-3-1.zip,379,5509593265
2024-06,downloads,/bluebook/book.pdf,376,1151930004
2024-06,downloads,/doc/simple_systematic.pdf,362,62314142
2024-06,downloads,/RTB/robot.pdf,356,2387992552
2024-06,downloads,/download/30/rvc2/1182/solutions.pdf,224,133390734
2024-06,downloads,/download/31/python-tools/1349/python_toolbox_icra_2021.pdf,204,101338761
2024-06,downloads,/RTB/ARA95.pdf,202,15743697
2024-06,downloads,/download/29/books/1256/corke-bluebook.pdf,164,277201980
2024-06,downloads,/download/30/rvc2/1208/rvc2-livescripts.zip,130,1607897591
2024-06,downloads,/download/28/mvtb/1181/contrib2.zip,118,203073725
2024-06,downloads,/download/20/articles/1063/rtb_real_robot.pdf,118,93924591
2024-06,downloads,/download/20/articles/1057/prcurves.pdf,108,17967672
2024-06,downloads,/download/20/articles/1061/xml-2.zip,99,29037
2024-06,downloads,/files/MVTB/images-RVC2a.zip,99,1911782879
2024-06,downloads,/download/20/articles/1193/unimate-puma-servo-system-exposed.pdf,99,526831283
2024-06,downloads,/download/20/articles/1054/insertion.pdf,98,2448610
2024-06,downloads,/files/MVTB/images-RVC2b.zip,88,3991706947
2024-06,downloads,/download/28/mvtb/1087/vision-4-3.zip,87,505692401
2024-06,downloads,/download/30/rvc2/1184/rvc2-svg.zip,85,446907540
2024-06,downloads,/download/30/rvc2/1183/rvc2-eps.zip,82,554721930
2024-06,downloads,/files/MVTB/images1.zip,72,117368174
2024-06,downloads,/download/20/articles/1059/urdf-2.pdf,72,51633633
2024-06,downloads,/download/27/rtb/1351/robot-9-10.zip,64,687413839
2024-06,downloads,/download/20/articles/1064/rtb_4dof.pdf,56,43092382
2024-06,downloads,/download/20/articles/1041/ets_jacobian.pdf,50,10996668
2024-06,downloads,/download/20/articles/1055/solving-trig.pdf,48,6226136
2024-06,downloads,/axes.pdf,41,1294944
2024-06,downloads,/download/32/documents/1317/aim-177.pdf,40,244844847
2024-06,downloads,/download/20/articles/1079/the-bones-of-descartes.pdf,38,11576209
2024-06,downloads,/download/20/articles/1060/xml.pdf,35,3142402
2024-06,downloads,/RTB/r9/robot.pdf,29,207504914
2024-06,downloads,/MVTB/r3/vision.pdf,28,174608686
2024-06,downloads,/wp-content/uploads/2020/01/book.pdf,28,86802688
2024-06,downloads,/download/20/articles/1058/urdf.zip,22,211912
2024-06,downloads,/axes/paper-axes2-blue.pdf,18,568656
2024-06,downloads,/files/images/mosaicml.zip,17,103170154
2024-06,downloads,/axes/paper-axes2-red.pdf,17,536690
2024-06,downloads,/download/31/python-tools/1296/python_toolbox_icra_2020-5.pdf,16,384
2024-06,downloads,/files/images/bridge-l.zip,16,1576899898
2024-06,downloads,/pdf/book_comic.pdf,12,57480444
2024-06,downloads,/axes/paper-axes2-grey.pdf,11,347424
2024-06,downloads,/files/images/bridge-r.zip,11,1265693643
2024-06,downloads,/suttor/GeorgeAndSarahSuttorBook-TOC.pdf,10,639864
2024-06,downloads,/suttor/GeorgeAndSarahSuttorBook-index.pdf,10,1663636
2024-06,downloads,/RVC1/top/toc/toc.pdf,10,600777
2024-06,downloads,/axes/paper-axes2-green.pdf,9,284130
2024-06,downloads,/spa/data/graph_018.txt.gz,7,188391
2024-06,downloads,/spa/data/graph_037.txt.gz,6,614387
2024-06,downloads,/spa/data/graph_059.txt.gz,6,1671583
2024-06,downloads,/RVC1/top/errata/pumaaxis.pdf,6,143694
2024-06,downloads,/spa/data/graph_038.txt.gz,6,665675
2024-06,downloads,/spa/data/graph_015.txt.gz,5,138760
2024-06,downloads,/spa/data/graph_024.txt.gz,5,215500
2024-06,downloads,/RTB/r6/robot.zip,5,487850
2024-06,downloads,/RTB/r4/robot.zip,5,1240145
2024-06,downloads,/RTB/r7/robot.zip,4,3407384
2024-06,downloads,/spa/data/graph_032.txt.gz,4,337512
2024-06,downloads,/spa/data/graph_003.txt.gz,4,21724
2024-06,downloads,/RTB/r8/robot.zip,4,5028848
2024-06,downloads,/spa/data/graph_014.txt.gz,4,78568
2024-06,downloads,/spa/data/graph_023.txt.gz,4,165092
2024-06,downloads,/cv/corke-resume.mov,3,407147
2024-06,downloads,/spa/data/graph_051.txt.gz,3,448753
2024-06,downloads,/spa/data/graph_004.txt.gz,3,17520
2024-06,downloads,/spa/data/graph_061.txt.gz,3,571622
2024-06,downloads,/spa/data/graph_045.txt.gz,3,419851
2024-06,downloads,/spa/data/graph_021.txt.gz,3,107361
2024-06,downloads,/spa/data/graph_002.txt.gz,3,11655
2024-06,downloads,/spa/data/graph_042.txt.gz,3,327924
2024-06,downloads,/spa/data/graph_049.txt.gz,3,460573
2024-06,downloads,/spa/data/graph_044.txt.gz,3,348792
2024-06,downloads,/spa/data/graph_013.txt.gz,3,57558
2024-06,downloads,/spa/data/graph_020.txt.gz,3,111114
2024-06,downloads,/spa/data/graph_046.txt.gz,3,360017
2024-06,downloads,/spa/data/graph_047.txt.gz,3,438549
2024-06,downloads,/spa/data/graph_011.txt.gz,3,57558
2024-06,downloads,/spa/data/graph_040.txt.gz,3,361746
2024-06,downloads,/spa/data/graph_007.txt.gz,3,44052
2024-06,downloads,/spa/data/graph_017.txt.gz,3,76692
2024-06,downloads,/spa/data/graph_031.txt.gz,3,252324
2024-06,downloads,/spa/data/graph_057.txt.gz,2,188019
2024-06,downloads,/spa/data/graph_001.txt.gz,2,3556
2024-06,downloads,/spa/data/graph_036.txt.gz,2,204598
2024-06,downloads,/spa/data/graph_005.txt.gz,2,28432
2024-06,downloads,/spa/data/graph_026.txt.gz,2,115812
2024-06,downloads,/spa/data/graph_012.txt.gz,2,38372
2024-06,downloads,/spa/data/graph_058.txt.gz,2,188019
2024-06,downloads,/spa/data/graph_035.txt.gz,2,205022
2024-06,downloads,/spa/data/graph_060.txt.gz,2,188019
2024-06,downloads,/spa/data/graph_052.txt.gz,2,171635
2024-06,downloads,/spa/data/graph_055.txt.gz,2,188019
2024-06,downloads,/spa/data/graph_009.txt.gz,2,32836
2024-06,downloads,/spa/data/graph_025.txt.gz,2,89338
2024-06,downloads,/spa/data/graph_050.txt.gz,2,188019
2024-06,downloads,/spa/data/graph_006.txt.gz,2,29308
2024-06,downloads,/spa/data/graph_041.txt.gz,2,188019
2024-06,downloads,/spa/data/graph_056.txt.gz,2,188019
2024-06,downloads,/SMTB/spatialmath.pdf,2,6006264
2024-06,downloads,/spa/data/graph_008.txt.gz,2,29466
2024-06,downloads,/spa/data/graph_028.txt.gz,2,123802
2024-06,downloads,/spa/data/graph_016.txt.gz,2,52038
2024-06,downloads,/spa/data/graph_039.txt.gz,2,188019
2024-06,downloads,/spa/data/graph_027.txt.gz,2,124452
2024-06,downloads,/spa/data/graph_029.txt.gz,2,125904
2024-06,downloads,/spa/data/graph_053.txt.gz,2,188019
2024-06,downloads,/spa/data/graph_019.txt.gz,2,53654
2024-06,downloads,/spa/data/graph_054.txt.gz,2,188019
2024-06,downloads,/spa/data/graph_043.txt.gz,2,188019
2024-06,downloads,/spa/data/graph_048.txt.gz,2,188019
2024-06,downloads,/spa/data/graph_034.txt.gz,2,174416
2024-06,downloads,/spa/data/graph_033.txt.gz,2,169542
2024-06,downloads,/spa/data/graph_030.txt.gz,2,172258
2024-06,downloads,/spa/data/graph_022.txt.gz,2,77286
2024-06,downloads,/spa/data/graph_010.txt.gz,2,35330
2024-06,downloads,http://www.petercorke.com/doc/simple_systematic.pdf,1,175015
2024-06,urls,/download/20/articles/1056/sincos.mlx,9,43281
2024-06,urls,/download/28/mvtb/1109/mvtb-4-3.mltbx,177,10799959337
2025-06,downloads,/files/salesrank/salesrank.csv,12146,555849544
2025-06,downloads,/MVTB/vision.pdf,525,3392469472
2025-06,downloads,/bluebook/book.pdf,454,1380080669
2025-06,downloads,/RTB/robot.pdf,287,2046654965
2025-06,downloads,/download/20/articles/1062/rtb_dh.pdf,175,65526972
2025-06,downloads,/RTB/ARA95.pdf,173,13114540
2025-06,downloads,/download/20/articles/1063/rtb_real_robot.pdf,157,128865578
2025-06,downloads,/download/31/python-tools/1349/python_toolbox_icra_2021.pdf,154,83247809
2025-06,downloads,/doc/simple_systematic.pdf,119,21198056
2025-06,downloads,/download/27/rtb/1011/robot-10-3-1.zip,98,1993467398
2025-06,downloads,/download/30/rvc2/1182/solutions.pdf,94,87228002
2025-06,downloads,/download/20/articles/1058/urdf.zip,68,788724
2025-06,downloads,/download/20/articles/1059/urdf-2.pdf,65,49699818
2025-06,downloads,/download/20/articles/1079/the-bones-of-descartes.pdf,58,21213335
2025-06,downloads,/download/20/articles/1041/ets_jacobian.pdf,57,13332942
2025-06,downloads,/download/20/articles/1057/prcurves.pdf,52,8821050
2025-06,downloads,/download/29/books/1256/corke-bluebook.pdf,51,137133578
2025-06,downloads,/download/28/mvtb/1181/contrib2.zip,45,172200488
2025-06,downloads,/files/images/mosaicml.zip,37,198423197
2025-06,downloads,/download/20/articles/1060/xml.pdf,35,3464538
2025-06,downloads,/download/20/articles/1064/rtb_4dof.pdf,33,27780990
2025-06,downloads,/files/images/bridge-l.zip,29,2644274741
2025-06,downloads,/download/20/articles/1055/solving-trig.pdf,28,3696977
2025-06,downloads,/download/27/rtb/1351/robot-9-10.zip,27,488288705
2025-06,downloads,/MVTB/r3/vision.pdf,19,110297785
2025-06,downloads,/files/images/bridge-r.zip,18,1918593891
2025-06,downloads,/download/31/python-tools/1296/python_toolbox_icra_2020-5.pdf,17,594
2025-06,downloads,/files/MVTB/images-RVC2b.zip,17,1891353621
2025-06,downloads,/RTB/r9/robot.pdf,16,93475699
2025-06,downloads,/download/32/documents/1317/aim-177.pdf,15,106385460
2025-06,downloads,/download/20/articles/1193/unimate-puma-servo-system-exposed.pdf,13,193116233
2025-06,downloads,/files/MVTB/images-RVC2a.zip,13,618154757
2025-06,downloads,/axes.pdf,12,442176
2025-06,downloads,/download/30/rvc2/1208/rvc2-livescripts.zip,9,230275525
2025-06,downloads,/axes/paper-axes2-red.pdf,8,250172
2025-06,downloads,/download/20/articles/1054/insertion.pdf,8,1010512
2025-06,downloads,/suttor/GeorgeAndSarahSuttorBook-index.pdf,8,1565720
2025-06,downloads,/axes/paper-axes2-grey.pdf,7,218686
2025-06,downloads,/wp-content/uploads/2020/01/book.pdf,7,21700672
2025-06,downloads,/suttor/GeorgeAndSarahSuttorBook-TOC.pdf,6,426576
2025-06,downloads,/axes/paper-axes2-green.pdf,6,182256
2025-06,downloads,/download/28/mvtb/1087/vision-4-3.zip,5,220324259
2025-06,downloads,/RVC1/top/toc/toc.pdf,5,333765
2025-06,downloads,/axes/paper-axes2-blue.pdf,4,123958
2025-06,downloads,/RTB/r4/robot.zip,3,744087
2025-06,downloads,/download/30/rvc2/1184/rvc2-svg.zip,3,74196915
2025-06,downloads,/RTB/r8/robot.zip,3,3223671
2025-06,downloads,/RTB/r6/robot.zip,3,292710
2025-06,downloads,/download/30/rvc2/1183/rvc2-eps.zip,3,66160842
2025-06,downloads,/RTB/r7/robot.zip,2,1703692
2025-06,downloads,/files/MVTB/images1.zip,2,68128696
2025-06,downloads,/spa/data/graph_034.txt.gz,2,174416
2025-06,downloads,http://www.petercorke.com/axes.pdf,2,63168
2025-06,downloads,/RVC1/top/errata/pumaaxis.pdf,2,47898
2025-06,downloads,/spa/data/graph_020.txt.gz,2,74076
2025-06,downloads,/spa/data/graph_035.txt.gz,2,205022
2025-06,downloads,http://www.petercorke.com/RTB/r9/robot.pdf,1,7638250
2025-06,downloads,/spa/data/graph_049.txt.gz,1,272554
2025-06,downloads,/SMTB/spatialmath.pdf,1,3003132
2025-06,downloads,/files/images/LeftBag.mpg,1,17201025
2025-06,downloads,/pdf/QUTSchoolCaptainsDinner2017.pdf,1,55263232
2025-06,downloads,/spa/data/graph_033.txt.gz,1,84771
2025-06,downloads,/pdf/book_comic.pdf,1,4790037
2025-06,downloads,/files/MVTB/contrib2.zip,0,3066751
2025-06,urls,/download/20/articles/1056/sincos.mlx,4,19236
2025-06,urls,/download/28/mvtb/1109/mvtb-4-3.mltbx,177,9372867981
2026-06,downloads,/RTB/currentversion.txt,1209,6045
2026-06,downloads,/bluebook/book.pdf,487,1636656110
2026-06,downloads,/RTB/robot.pdf,464,4033538871
2026-06,downloads,/RTB/ARA95.pdf,275,20321550
2026-06,downloads,/doc/simple_systematic.pdf,265,48866357
2026-06,downloads,/MVTB/vision.pdf,263,2218309198
2026-06,downloads,/files/salesrank/salesrank.csv,192,9290304
2026-06,downloads,/axes.pdf,38,1168608
2026-06,downloads,/RTB/r9/robot.pdf,34,259700500
2026-06,downloads,/RVC1/top/toc/toc.pdf,29,2002590
2026-06,downloads,/suttor/GeorgeAndSarahSuttorBook-index.pdf,28,5480020
2026-06,downloads,/suttor/GeorgeAndSarahSuttorBook-TOC.pdf,17,1208632
2026-06,downloads,/RTB/r10/robot.pdf,17,72486232
2026-06,downloads,/axes/paper-axes2-blue.pdf,14,442288
2026-06,downloads,/pdf/book_comic.pdf,12,57136376
2026-06,downloads,/wp-content/uploads/2020/01/book.pdf,12,37201152
2026-06,downloads,/axes/paper-axes2-red.pdf,9,284130
2026-06,downloads,/axes/paper-axes2-grey.pdf,9,284256
2026-06,downloads,/SMTB/spatialmath.pdf,9,30031320
2026-06,downloads,/RVC1/top/errata/pumaaxis.pdf,8,191592
2026-06,downloads,/MVTB/r3/vision.pdf,6,39030312
2026-06,downloads,/axes/paper-axes2-green.pdf,4,126280
2026-06,downloads,/files/images/bridge-l.zip,3,365902911
2026-06,downloads,/spa/data/graph_025.txt.gz,3,134007
2026-06,downloads,/spa/data/graph_013.txt.gz,3,57558
2026-06,downloads,/spa/data/graph_060.txt.gz,3,1118364
2026-06,downloads,/RTB/r6/robot.zip,3,195140
2026-06,downloads,/spa/data/graph_051.txt.gz,3,782202
2026-06,downloads,/spa/data/graph_006.txt.gz,2,29308
2026-06,downloads,/spa/data/graph_031.txt.gz,2,168216
2026-06,downloads,/spa/data/graph_026.txt.gz,2,115812
2026-06,downloads,/spa/data/graph_042.txt.gz,2,279810
2026-06,downloads,/files/images/bridge-r.zip,2,243524676
2026-06,downloads,/spa/data/graph_061.txt.gz,2,767206
2026-06,downloads,/spa/data/graph_036.txt.gz,2,204598
2026-06,downloads,/spa/data/graph_016.txt.gz,2,52038
2026-06,downloads,/spa/data/graph_024.txt.gz,2,86200
2026-06,downloads,/spa/data/graph_017.txt.gz,2,51128
2026-06,downloads,/spa/data/graph_057.txt.gz,2,612394
2026-06,downloads,/spa/data/graph_018.txt.gz,2,53826
2026-06,downloads,/spa/data/graph_034.txt.gz,2,174416
2026-06,downloads,/spa/data/graph_040.txt.gz,2,281918
2026-06,downloads,/spa/data/graph_045.txt.gz,2,332592
2026-06,downloads,/spa/data/graph_059.txt.gz,2,741782
2026-06,downloads,/spa/data/graph_039.txt.gz,2,270408
2026-06,downloads,/spa/data/graph_029.txt.gz,2,125904
2026-06,downloads,/spa/data/graph_044.txt.gz,2,321546
2026-06,downloads,/spa/data/graph_005.txt.gz,2,28432
2026-06,downloads,/RTB/r8/robot.zip,2,1257212
2026-06,downloads,/spa/data/graph_033.txt.gz,2,169542
2026-06,downloads,/spa/data/graph_022.txt.gz,2,77286
2026-06,downloads,/spa/data/graph_001.txt.gz,2,3556
2026-06,downloads,/RTB/r7/robot.zip,2,851846
2026-06,downloads,/spa/data/graph_050.txt.gz,2,504028
2026-06,downloads,/spa/data/graph_030.txt.gz,2,172258
2026-06,downloads,/spa/data/graph_020.txt.gz,2,74076
2026-06,downloads,/wp-content/plugins/wordpress-seo/css/main-sitemap.xsl,2,3004
2026-06,downloads,/spa/data/graph_037.txt.gz,2,213184
2026-06,downloads,/spa/data/graph_056.txt.gz,2,535076
2026-06,downloads,/pdf/QUTSchoolCaptainsDinner2017.pdf,2,179089606
2026-06,downloads,/spa/data/graph_048.txt.gz,2,383172
2026-06,downloads,/spa/data/graph_055.txt.gz,2,524120
2026-06,downloads,/spa/data/graph_008.txt.gz,2,29466
2026-06,downloads,/spa/data/graph_041.txt.gz,2,284732
2026-06,downloads,/RTB/r4/robot.zip,2,248029
2026-06,downloads,/spa/data/graph_049.txt.gz,2,545108
2026-06,downloads,/spa/data/graph_003.txt.gz,2,10862
2026-06,downloads,/spa/data/graph_047.txt.gz,1,184994
2026-06,downloads,http://www.petercorke.com/RTB/robot.pdf,1,7638250
2026-06,downloads,/spa/data/graph_002.txt.gz,1,3885
2026-06,downloads,/spa/data/graph_011.txt.gz,1,19186
2026-06,downloads,/spa/data/graph_052.txt.gz,1,257791
2026-06,downloads,/spa/data/graph_007.txt.gz,1,14684
2026-06,downloads,/spa/data/graph_027.txt.gz,1,62226
2026-06,downloads,/spa/data/graph_015.txt.gz,1,27752
2026-06,downloads,/spa/data/graph_058.txt.gz,1,394809
2026-06,downloads,/spa/data/graph_010.txt.gz,1,17665
2026-06,downloads,/spa/data/graph_023.txt.gz,1,41273
2026-06,downloads,/spa/data/graph_021.txt.gz,1,35787
2026-06,downloads,/spa/data/graph_004.txt.gz,1,5840
2026-06,downloads,/spa/data/graph_054.txt.gz,1,261519
2026-06,downloads,/spa/data/graph_035.txt.gz,1,102511
2026-06,downloads,/spa/data/graph_046.txt.gz,1,171998
2026-06,downloads,/spa/data/graph_043.txt.gz,1,156818
2026-06,downloads,/spa/data/graph_014.txt.gz,1,19642
2026-06,downloads,/spa/data/graph_032.txt.gz,1,84378
2026-06,downloads,/spa/data/graph_038.txt.gz,1,119414
2026-06,downloads,/spa/data/graph_012.txt.gz,1,19186
2026-06,downloads,/spa/data/graph_019.txt.gz,1,26827
2026-06,downloads,/spa/data/graph_028.txt.gz,1,61901
2026-06,downloads,/spa/data/graph_053.txt.gz,1,269412
2026-06,downloads,/spa/data/graph_009.txt.gz,1,16418
2026-06,downloads,/robots.txt,0,962
2017-07,downloads,/RTB/robot.pdf,1017,10179127950
2017-07,downloads,/doc/rtb_dh.pdf,681,347771836
2017-07,downloads,/MVTB/vision.pdf,633,6015293441
2017-07,downloads,/bluebook/book.pdf,359,1462223369
2017-07,downloads,/RTB/ARA95.pdf,325,29550912
2017-07,downloads,/doc/simple_systematic.pdf,73,16417037
2017-07,downloads,/doc/descartes.pdf,69,64532983
2017-07,downloads,/doc/robotarm.pdf,66,77880198
2017-07,downloads,/RTB/r9/robot.pdf,62,586252252
2017-07,downloads,/doc/rtb_4dof.pdf,60,70249604
2017-07,downloads,/axes.pdf,45,1452864
2017-07,downloads,/pdf/paper-axes.pdf,43,1421170
2017-07,downloads,/axes/paper-axes2-blue.pdf,42,1453232
2017-07,downloads,/RVC1/top/toc/toc.pdf,36,2735699
2017-07,downloads,/axes/paper-axes2-green.pdf,25,883960
2017-07,downloads,/RVC1/top/errata/pumaaxis.pdf,22,526878
2017-07,downloads,/axes/paper-axes2-red.pdf,22,757680
2017-07,downloads,/MVTB/r3/vision.pdf,21,148118640
2017-07,downloads,/pdf/book_comic.pdf,16,78947233
2017-07,downloads,/pdf/QUTSchoolCaptainsDinner2017.pdf,16,1432716848
2017-07,downloads,/spa/data/graph_041.txt.gz,7,996562
2017-07,downloads,/spa/data/graph_061.txt.gz,7,2685221
2017-07,downloads,/spa/data/graph_058.txt.gz,7,2763663
2017-07,downloads,/spa/data/graph_049.txt.gz,7,1907878
2017-07,downloads,/spa/data/graph_056.txt.gz,7,1872766
2017-07,downloads,/spa/data/graph_059.txt.gz,7,2596237
2017-07,downloads,/spa/data/graph_011.txt.gz,6,115116
2017-07,downloads,/spa/data/graph_018.txt.gz,6,161478
2017-07,downloads,/spa/data/graph_012.txt.gz,6,115116
2017-07,downloads,/spa/data/graph_009.txt.gz,6,98508
2017-07,downloads,/spa/data/graph_013.txt.gz,6,115116
2017-07,downloads,/spa/data/graph_002.txt.gz,6,23310
2017-07,downloads,/spa/data/graph_008.txt.gz,6,88398
2017-07,downloads,/spa/data/graph_051.txt.gz,6,1564404
2017-07,downloads,/spa/data/graph_026.txt.gz,6,347436
2017-07,downloads,/spa/data/graph_001.txt.gz,6,10668
2017-07,downloads,/spa/data/graph_007.txt.gz,6,88104
2017-07,downloads,/spa/data/graph_055.txt.gz,6,1572360
2017-07,downloads,/spa/data/graph_003.txt.gz,6,32586
2017-07,downloads,/spa/data/graph_014.txt.gz,6,117852
2017-07,downloads,/spa/data/graph_021.txt.gz,6,214722
2017-07,downloads,/spa/data/graph_016.txt.gz,6,156114
2017-07,downloads,/spa/data/graph_027.txt.gz,6,373356
2017-07,downloads,/spa/data/graph_045.txt.gz,5,831480
2017-07,downloads,/spa/data/graph_047.txt.gz,5,924970
2017-07,downloads,/spa/data/graph_048.txt.gz,5,957930
2017-07,downloads,/spa/data/graph_032.txt.gz,5,421890
2017-07,downloads,/spa/data/graph_004.txt.gz,5,29200
2017-07,downloads,/spa/data/graph_022.txt.gz,5,193215
2017-07,downloads,/spa/data/graph_057.txt.gz,5,1530985
2017-07,downloads,/spa/data/graph_034.txt.gz,5,436040
2017-07,downloads,/spa/data/graph_023.txt.gz,5,206365
2017-07,downloads,/spa/data/graph_031.txt.gz,5,420540
2017-07,downloads,/spa/data/graph_038.txt.gz,5,597070
2017-07,downloads,/spa/data/graph_036.txt.gz,5,511495
2017-07,downloads,/spa/data/graph_035.txt.gz,5,512555
2017-07,downloads,/spa/data/graph_033.txt.gz,5,423855
2017-07,downloads,/spa/data/graph_028.txt.gz,5,309505
2017-07,downloads,/spa/data/graph_060.txt.gz,5,1863940
2017-07,downloads,/spa/data/graph_046.txt.gz,5,859990
2017-07,downloads,/spa/data/graph_025.txt.gz,5,223345
2017-07,downloads,/spa/data/graph_052.txt.gz,5,1288955
2017-07,downloads,/spa/data/graph_006.txt.gz,5,73270
2017-07,downloads,/spa/data/graph_015.txt.gz,5,138760
2017-07,downloads,/spa/data/graph_024.txt.gz,5,215500
2017-07,downloads,/spa/data/graph_053.txt.gz,5,1347060
2017-07,downloads,/spa/data/graph_005.txt.gz,5,71080
2017-07,downloads,/spa/data/graph_050.txt.gz,5,1260070
2017-07,downloads,/spa/data/graph_010.txt.gz,5,88325
2017-07,downloads,/spa/data/graph_019.txt.gz,5,134135
2017-07,downloads,/spa/data/graph_029.txt.gz,5,314760
2017-07,downloads,/spa/data/graph_042.txt.gz,5,699525
2017-07,downloads,/spa/data/graph_017.txt.gz,5,127820
2017-07,downloads,/spa/data/graph_043.txt.gz,5,784090
2017-07,downloads,/spa/data/graph_020.txt.gz,5,185190
2017-07,downloads,/spa/data/graph_040.txt.gz,5,704795
2017-07,downloads,/spa/data/graph_044.txt.gz,5,803865
2017-07,downloads,/spa/data/graph_039.txt.gz,5,676020
2017-07,downloads,/spa/data/graph_030.txt.gz,4,344516
2017-07,downloads,/spa/data/graph_054.txt.gz,4,1046076
2017-07,downloads,/spa/data/graph_037.txt.gz,4,426368
2017-07,downloads,/suttor/GeorgeAndSarahSuttorBook-index.pdf,1,276545
2017-07,downloads,/suttor/GeorgeAndSarahSuttorBook-TOC.pdf,1,71096
2021-07,downloads,/download/27/rtb/1011/robot-10-3-1.zip,403,6804844955
2021-07,downloads,/RTB/robot.pdf,359,2732464602
2021-07,downloads,/RTB/ARA95.pdf,353,26568545
2021-07,downloads,/MVTB/vision.pdf,319,2026635148
2021-07,downloads,/bluebook/book.pdf,295,887714461
2021-07,downloads,/download/31/python-tools/1296/python_toolbox_icra_2020-5.pdf,174,90211108
2021-07,downloads,/doc/simple_systematic.pdf,125,22272643
2021-07,downloads,/download/29/books/1256/corke-bluebook.pdf,121,312730929
2021-07,downloads,/download/30/rvc2/1182/solutions.pdf,107,92475719
2021-07,downloads,/download/30/rvc2/1208/rvc2-livescripts.zip,84,1833690589
2021-07,downloads,/download/28/mvtb/1181/contrib2.zip,62,259039741
2021-07,downloads,/download/20/articles/1059/urdf-2.pdf,59,43200138
2021-07,downloads,/files/MVTB/images-RVC2b.zip,37,5977257596
2021-07,downloads,/files/MVTB/images-RVC2a.zip,35,1810001787
2021-07,downloads,/download/20/articles/1041/ets_jacobian.pdf,34,8137151
2021-07,downloads,/download/20/articles/1057/prcurves.pdf,31,4941340
2021-07,downloads,/axes.pdf,29,915936
2021-07,downloads,/download/20/articles/1062/rtb_dh.pdf,24,9411432
2021-07,downloads,/download/20/articles/1060/xml.pdf,22,2309692
2021-07,downloads,/MVTB/r3/vision.pdf,21,136606092
2021-07,downloads,/download/20/articles/1058/urdf.zip,15,176580
2021-07,downloads,/download/20/articles/1064/rtb_4dof.pdf,15,13265697
2021-07,downloads,/pdf/book_comic.pdf,14,67060518
2021-07,downloads,/download/20/articles/1063/rtb_real_robot.pdf,13,11410516
2021-07,downloads,/download/20/articles/1079/the-bones-of-descartes.pdf,13,4880587
2021-07,downloads,/download/30/rvc2/1184/rvc2-svg.zip,11,301403733
2021-07,downloads,/download/20/articles/1055/solving-trig.pdf,11,1605043
2021-07,downloads,/download/30/rvc2/1183/rvc2-eps.zip,10,465279429
2021-07,downloads,/suttor/GeorgeAndSarahSuttorBook-TOC.pdf,9,639864
2021-07,downloads,/RTB/r9/robot.pdf,8,61106000
2021-07,downloads,/download/20/articles/1193/unimate-puma-servo-system-exposed.pdf,7,83581681
2021-07,downloads,/download/20/articles/1054/insertion.pdf,7,884198
2021-07,downloads,/RVC1/top/toc/toc.pdf,7,467271
2021-07,downloads,/axes/paper-axes2-red.pdf,6,189420
2021-07,downloads,/spa/data/graph_005.txt.gz,5,71080
2021-07,downloads,/spa/data/graph_050.txt.gz,5,665697
2021-07,downloads,/spa/data/graph_012.txt.gz,5,95930
2021-07,downloads,/spa/data/graph_059.txt.gz,5,895179
2021-07,downloads,/spa/data/graph_001.txt.gz,5,8890
2021-07,downloads,/suttor/GeorgeAndSarahSuttorBook-index.pdf,4,782860
2021-07,downloads,/spa/data/graph_030.txt.gz,4,344516
2021-07,downloads,/wp-content/uploads/2020/01/book.pdf,4,13267883
2021-07,downloads,/spa/data/graph_031.txt.gz,4,336432
2021-07,downloads,/spa/data/graph_010.txt.gz,4,70660
2021-07,downloads,/spa/data/graph_042.txt.gz,4,410882
2021-07,downloads,/spa/data/graph_007.txt.gz,4,58736
2021-07,downloads,/axes/paper-axes2-grey.pdf,4,126336
2021-07,downloads,/spa/data/graph_044.txt.gz,4,534538
2021-07,downloads,/license.txt,4,33304
2021-07,downloads,/spa/data/graph_056.txt.gz,4,521490
2021-07,downloads,/RTB/r8/robot.zip,4,4228486
2021-07,downloads,/spa/data/graph_014.txt.gz,4,78568
2021-07,downloads,/spa/data/graph_035.txt.gz,4,397645
2021-07,downloads,/spa/data/graph_043.txt.gz,4,526628
2021-07,downloads,/spa/data/graph_033.txt.gz,4,339084
2021-07,downloads,/axes/paper-axes2-green.pdf,4,126280
2021-07,downloads,/spa/data/graph_029.txt.gz,4,229816
2021-07,downloads,/spa/data/graph_051.txt.gz,4,563838
2021-07,downloads,/spa/data/graph_034.txt.gz,4,348832
2021-07,downloads,/RTB/r7/robot.zip,4,2076378
2021-07,downloads,/spa/data/graph_049.txt.gz,4,559274
2021-07,downloads,/spa/data/graph_058.txt.gz,4,811884
2021-07,downloads,/spa/data/graph_006.txt.gz,3,43962
2021-07,downloads,/spa/data/graph_023.txt.gz,3,123819
2021-07,downloads,/spa/data/graph_057.txt.gz,3,409600
2021-07,downloads,/spa/data/graph_060.txt.gz,3,417792
2021-07,downloads,/spa/data/graph_013.txt.gz,3,57558
2021-07,downloads,/spa/data/graph_003.txt.gz,3,16293
2021-07,downloads,/spa/data/graph_026.txt.gz,3,160868
2021-07,downloads,/spa/data/graph_002.txt.gz,3,11655
2021-07,downloads,/RTB/r4/robot.zip,3,700150
2021-07,downloads,/spa/data/graph_018.txt.gz,3,80739
2021-07,downloads,/RTB/r6/robot.zip,3,292710
2021-07,downloads,/spa/data/graph_041.txt.gz,3,338974
2021-07,downloads,/spa/data/graph_025.txt.gz,3,134007
2021-07,downloads,/spa/data/graph_054.txt.gz,3,441743
2021-07,downloads,/download/32/documents/1317/aim-177.pdf,3,19819721
2021-07,downloads,/spa/data/graph_046.txt.gz,3,417758
2021-07,downloads,/spa/data/graph_052.txt.gz,3,335872
2021-07,downloads,/spa/data/graph_022.txt.gz,3,115929
2021-07,downloads,/spa/data/graph_048.txt.gz,3,502882
2021-07,downloads,/spa/data/graph_055.txt.gz,3,507820
2021-07,downloads,/spa/data/graph_039.txt.gz,3,360520
2021-07,downloads,/spa/data/graph_021.txt.gz,3,107361
2021-07,downloads,/spa/data/graph_047.txt.gz,3,397986
2021-07,downloads,/spa/data/graph_061.txt.gz,3,303104
2021-07,downloads,/spa/data/graph_027.txt.gz,3,186678
2021-07,downloads,/spa/data/graph_053.txt.gz,3,466020
2021-07,downloads,/spa/data/graph_015.txt.gz,2,55504
2021-07,downloads,/spa/data/graph_009.txt.gz,2,32836
2021-07,downloads,/spa/data/graph_036.txt.gz,2,204598
2021-07,downloads,/spa/data/graph_037.txt.gz,2,213184
2021-07,downloads,/spa/data/graph_004.txt.gz,2,11680
2021-07,downloads,/spa/data/graph_011.txt.gz,2,38372
2021-07,downloads,/spa/data/graph_016.txt.gz,2,52038
2021-07,downloads,/spa/data/graph_020.txt.gz,2,74076
2021-07,downloads,/download/20/articles/1061/xml-2.zip,2,11614
2021-07,downloads,/spa/data/graph_017.txt.gz,2,51128
2021-07,downloads,/axes/paper-axes2-blue.pdf,2,63184
2021-07,downloads,/RVC1/top/errata/pumaaxis.pdf,2,47898
2021-07,downloads,/spa/data/graph_028.txt.gz,2,123802
2021-07,downloads,/spa/data/graph_024.txt.gz,2,86200
2021-07,downloads,/spa/data/graph_038.txt.gz,2,196608
2021-07,downloads,/spa/data/graph_032.txt.gz,2,168756
2021-07,downloads,/spa/data/graph_019.txt.gz,2,53654
2021-07,downloads,/spa/data/graph_040.txt.gz,2,247455
2021-07,downloads,/spa/data/graph_008.txt.gz,2,29466
2021-07,downloads,/cv/corke-resume.mov,1,192729
2021-07,downloads,/download/20/articles/1060/CHANGELOG.txt,1,104986
2021-07,downloads,/doc/descartes.pdf,1,107
2021-07,downloads,/wp-config-backup.txt,1,107
2021-07,downloads,/pdf/QUTSchoolCaptainsDinner2017.pdf,1,89544803
2021-07,downloads,/SMTB/spatialmath.pdf,1,3003132
2021-07,downloads,/download/28/mvtb/1181/contrib.zip,1,4965306
2021-07,downloads,/wp-content/plugins/wordpress-seo/css/main-sitemap.xsl,1,1520
2021-07,downloads,/spa/data/graph_045.txt.gz,1,166296
2021-07,downloads,/download/19/toolbox/1011/robot-10-3-1.zip,1,38
2021-07,downloads,/download/30/rvc1/1208/rvc1-livescripts.zip,1,27603876
2021-07,downloads,/files/MVTB/contrib2.zip,0,4792050
2021-07,urls,/download/27/rtb/1034/rtb10-3-mltbx.mltbx,1,26
2021-07,urls,/download/27/rtb/1041/rtb10-3-mltbx.mltbx,1,26
2021-07,urls,/download/27/rtb/1030/rtb10-3-mltbx.mltbx,1,26
2021-07,urls,/download/27/rtb/1033/rtb10-3-mltbx.mltbx,1,26
2021-07,urls,/download/28/mvtb/1109/mvtb-4-3.mltbx,165,9033403743
2021-07,urls,/download/27/rtb/1031/rtb10-3-mltbx.mltbx,1,26
2021-07,urls,/download/27/rtb/1035/rtb10-3-mltbx.mltbx,1,26
2021-07,urls,/download/20/articles/1056/sincos.mlx,5,24045
2021-07,urls,/download/19/toolbox/1045/rtb10-4-mltbx.mltbx,2,76
2021-07,urls,/download/27/rtb/1044/rtb10-3-mltbx.mltbx,3,78
2021-07,urls,/download/19/toolbox/1109/mvtb-4-3.mltbx,3,114
2021-07,urls,/download/27/rtb/1040/rtb10-3-mltbx.mltbx,1,26
2021-07,urls,/download/27/rtb/1039/rtb10-3-mltbx.mltbx,1,26
2021-07,urls,/download/27/rtb/1042/rtb10-3-mltbx.mltbx,1,26
2021-07,urls,/download/27/rtb/1043/rtb10-3-mltbx.mltbx,2,52
2021-07,urls,/download/27/rtb/1044/rtb9-10-mltbx.mltbx,1,26
2021-07,urls,/download/27/rtb/1036/rtb10-3-mltbx.mltbx,1,26
2021-07,urls,/download/27/rtb/1038/rtb10-3-mltbx.mltbx,1,26
2021-07,urls,/download/27/rtb/1037/rtb10-3-mltbx.mltbx,1,26
2021-07,urls,/download/27/rtb/1032/rtb10-3-mltbx.mltbx,1,26
2022-07,downloads,/RTB/robot.pdf,521,3796146549
2022-07,downloads,/download/27/rtb/1011/robot-10-3-1.zip,378,6469290860
2022-07,downloads,/MVTB/vision.pdf,355,2227764814
2022-07,downloads,/bluebook/book.pdf,271,787921164
2022-07,downloads,/download/31/python-tools/1296/python_toolbox_icra_2020-5.pdf,215,92178738
2022-07,downloads,/RTB/ARA95.pdf,178,13397170
2022-07,downloads,/download/30/rvc2/1182/solutions.pdf,95,88578192
2022-07,downloads,/doc/simple_systematic.pdf,94,16197393
2022-07,downloads,/download/20/articles/1059/urdf-2.pdf,78,55718882
2022-07,downloads,/download/30/rvc2/1208/rvc2-livescripts.zip,68,1540266948
2022-07,downloads,/download/29/books/1256/corke-bluebook.pdf,60,170179713
2022-07,downloads,/download/28/mvtb/1181/contrib2.zip,42,168871234
2022-07,downloads,/download/20/articles/1041/ets_jacobian.pdf,40,10098012
2022-07,downloads,/axes.pdf,35,1073963
2022-07,downloads,/download/20/articles/1079/the-bones-of-descartes.pdf,32,11826666
2022-07,downloads,/RTB/r9/robot.pdf,30,229147500
2022-07,downloads,/wp-includes/ID3/license.txt,26,2699
2022-07,downloads,/files/MVTB/images-RVC2a.zip,25,1447778385
2022-07,downloads,/download/20/articles/1062/rtb_dh.pdf,17,6666431
2022-07,downloads,/files/MVTB/images-RVC2b.zip,17,3073378175
2022-07,downloads,/axes/paper-axes2-grey.pdf,17,536928
2022-07,downloads,/download/20/articles/1057/prcurves.pdf,17,2969426
2022-07,downloads,/download/20/articles/1060/xml.pdf,16,1679776
2022-07,downloads,/download/20/articles/1063/rtb_real_robot.pdf,13,11410516
2022-07,downloads,/download/20/articles/1058/urdf.zip,13,153036
2022-07,downloads,/download/20/articles/1064/rtb_4dof.pdf,11,10186363
2022-07,downloads,/download/20/articles/1055/solving-trig.pdf,10,1459130
2022-07,downloads,/download/20/articles/1193/unimate-puma-servo-system-exposed.pdf,9,178253947
2022-07,downloads,/download/20/articles/1054/insertion.pdf,9,1197604
2022-07,downloads,/download/30/rvc2/1183/rvc2-eps.zip,8,353251670
2022-07,downloads,/download/30/rvc2/1184/rvc2-svg.zip,7,194387583
2022-07,downloads,/axes/paper-axes2-blue.pdf,7,221144
2022-07,downloads,/RVC1/top/toc/toc.pdf,7,467271
2022-07,downloads,/download/31/python-tools/1349/python_toolbox_icra_2021.pdf,7,4367652
2022-07,downloads,//wp-content/uploads/arforms/a57bze8931.txt,6,642
2022-07,downloads,/suttor/GeorgeAndSarahSuttorBook-TOC.pdf,6,426576
2022-07,downloads,/suttor/GeorgeAndSarahSuttorBook-index.pdf,5,978575
2022-07,downloads,/backup.zip,5,535
2022-07,downloads,/pdf/book_comic.pdf,5,23950185
2022-07,downloads,/backup.rar,5,535
2022-07,downloads,/backup.tar.gz,5,535
2022-07,downloads,/download/32/documents/1317/aim-177.pdf,5,43693270
2022-07,downloads,/backup.tar,5,535
2022-07,downloads,/axes/paper-axes2-red.pdf,4,126280
2022-07,downloads,/wp-content/uploads/2020/01/book.pdf,4,12400384
2022-07,downloads,/wp-admin/Panels.txt,4,428
2022-07,downloads,/MVTB/r3/vision.pdf,4,19515263
2022-07,downloads,/RTB/r8/robot.zip,3,3771636
2022-07,downloads,/spa/data/graph_061.txt.gz,3,1150809
2022-07,downloads,/axes/paper-axes2-green.pdf,3,94710
2022-07,downloads,//wp-content/uploads/arforms/xo.txt,3,321
2022-07,downloads,/wordpress//wp-content/uploads/arforms/a57bze8931.txt,2,214
2022-07,downloads,/pdf/QUTSchoolCaptainsDinner2017.pdf,2,179089606
2022-07,downloads,/spa/data/graph_054.txt.gz,2,474114
2022-07,downloads,/spa/data/graph_055.txt.gz,2,425503
2022-07,downloads,/wp-content/plugins/ninja-forms/readme.txt,2,176
2022-07,downloads,/spa/data/graph_056.txt.gz,2,463749
2022-07,downloads,/spa/data/graph_014.txt.gz,2,39284
2022-07,downloads,/wp-content/plugins/elementor/readme.txt,2,214
2022-07,downloads,/spa/data/graph_006.txt.gz,1,14654
2022-07,downloads,/cv/corke-resume.mov,1,50768463
2022-07,downloads,/spa/data/graph_057.txt.gz,1,163443
2022-07,downloads,/spa/data/graph_060.txt.gz,1,212595
2022-07,downloads,/spa/data/graph_005.txt.gz,1,14216
2022-07,downloads,/spa/data/graph_003.txt.gz,1,5431
2022-07,downloads,/RTB/r10/robot.pdf,1,107
2022-07,downloads,/spa/data/graph_002.txt.gz,1,3885
2022-07,downloads,/RTB/r4/robot.zip,1,248029
2022-07,downloads,/spa/data/graph_004.txt.gz,1,5840
2022-07,downloads,/spa/data/graph_011.txt.gz,1,19186
2022-07,downloads,/RTB/r6/robot.zip,1,97570
2022-07,downloads,/spa/data/graph_020.txt.gz,1,37038
2022-07,downloads,/download/27/rtb/910/robot-9-1-0.zip,1,50
2022-07,downloads,/spa/data/graph_010.txt.gz,1,17665
2022-07,downloads,/spa/data/graph_052.txt.gz,1,163443
2022-07,downloads,/spa/data/graph_046.txt.gz,1,171998
2022-07,downloads,/spa/data/graph_022.txt.gz,1,38643
2022-07,downloads,/spa/data/graph_048.txt.gz,1,191586
2022-07,downloads,/humans.txt,1,107
2022-07,downloads,/spa/data/graph_059.txt.gz,1,114291
2022-07,downloads,/spa/data/graph_017.txt.gz,1,25564
2022-07,downloads,/download/27/rtb/9/robot-10-3-1.zip,1,50
2022-07,downloads,/SMTB/spatialmath.pdf,1,3003132
2022-07,downloads,/RVC1/top/errata/pumaaxis.pdf,1,23949
2022-07,downloads,/spa/data/graph_035.txt.gz,1,102511
2022-07,downloads,/spa/data/graph_043.txt.gz,1,156818
2022-07,downloads,/spa/data/graph_038.txt.gz,1,119414
2022-07,downloads,/download/26/rtb/910/robot-9-10.zip,1,50
2022-07,downloads,/wp-content/plugins/wp-user-avatar/changelog.txt,1,107
2022-07,downloads,/spa/data/graph_008.txt.gz,1,14733
2022-07,downloads,/download/27/rtb/910/robot-9-10.zip,1,50
2022-07,downloads,/RTB/r7/robot.zip,1,851846
2022-07,downloads,/spa/data/graph_053.txt.gz,1,269412
2022-07,downloads,/spa/data/graph_049.txt.gz,1,272554
2022-07,downloads,/spa/data/graph_058.txt.gz,1,163443
2022-07,urls,/download/28/mvtb/1109/mvtb-4-3.mltbx,173,9380430479
2022-07,urls,/download/27/rtb/1045/rtb10-4-mltbx.mltbx,2,128
2022-07,urls,/download/20/articles/1056/sincos.mlx,2,9618
2022-07,urls,/RVC/rvc.bib,2,214
2023-07,downloads,/RTB/robot.pdf,577,3736069988
2023-07,downloads,/MVTB/vision.pdf,565,3612537136
2023-07,downloads,/bluebook/book.pdf,281,782492669
2023-07,downloads,/download/27/rtb/1011/robot-10-3-1.zip,265,5090408841
2023-07,downloads,/download/31/python-tools/1349/python_toolbox_icra_2021.pdf,199,112645798
2023-07,downloads,/download/30/rvc2/1182/solutions.pdf,148,124337038
2023-07,downloads,/download/20/articles/1062/rtb_dh.pdf,136,52694371
2023-07,downloads,/RTB/ARA95.pdf,120,9177551
2023-07,downloads,/doc/simple_systematic.pdf,92,16455746
2023-07,downloads,/download/20/articles/1059/urdf-2.pdf,90,64704131
2023-07,downloads,/download/28/mvtb/1181/contrib2.zip,84,387071040
2023-07,downloads,/download/20/articles/1063/rtb_real_robot.pdf,70,53965192
2023-07,downloads,/download/29/books/1256/corke-bluebook.pdf,64,186621507
2023-07,downloads,/files/MVTB/images-RVC2a.zip,60,4172729856
2023-07,downloads,/download/30/rvc2/1208/rvc2-livescripts.zip,52,1238863655
2023-07,downloads,/download/20/articles/1057/prcurves.pdf,44,7233358
2023-07,downloads,/download/20/articles/1041/ets_jacobian.pdf,42,9739083
2023-07,downloads,/download/27/rtb/1351/robot-9-10.zip,39,695226189
2023-07,downloads,/download/31/python-tools/1296/python_toolbox_icra_2020-5.pdf,34,979
2023-07,downloads,/files/MVTB/images-RVC2b.zip,31,5270162282
2023-07,downloads,/download/20/articles/1064/rtb_4dof.pdf,31,26419380
2023-07,downloads,/download/20/articles/1060/xml.pdf,30,3018508
2023-07,downloads,/axes.pdf,29,790745
2023-07,downloads,/download/20/articles/1079/the-bones-of-descartes.pdf,28,9952321
2023-07,downloads,/RTB/r9/robot.pdf,20,145126750
2023-07,downloads,/MVTB/r3/vision.pdf,20,124333872
2023-07,downloads,/download/32/documents/1317/aim-177.pdf,20,116310070
2023-07,downloads,/download/20/articles/1055/solving-trig.pdf,20,2724198
2023-07,downloads,/download/20/articles/1058/urdf.zip,20,235440
2023-07,downloads,/download/20/articles/1054/insertion.pdf,19,2249065
2023-07,downloads,/axes/paper-axes2-grey.pdf,18,505344
2023-07,downloads,/suttor/GeorgeAndSarahSuttorBook-index.pdf,14,2201778
2023-07,downloads,/download/20/articles/1193/unimate-puma-servo-system-exposed.pdf,14,155737408
2023-07,downloads,/axes/paper-axes2-blue.pdf,14,410696
2023-07,downloads,/wp-content/uploads/2020/01/book.pdf,11,31000960
2023-07,downloads,/axes/paper-axes2-red.pdf,10,315700
2023-07,downloads,/axes/paper-axes2-green.pdf,10,284130
2023-07,downloads,/RVC1/top/toc/toc.pdf,9,333896
2023-07,downloads,/download/30/rvc2/1183/rvc2-eps.zip,8,353186364
2023-07,downloads,/pdf/book_comic.pdf,7,19160412
2023-07,downloads,/download/30/rvc2/1184/rvc2-svg.zip,7,194453349
2023-07,downloads,/suttor/GeorgeAndSarahSuttorBook-TOC.pdf,7,426576
2023-07,downloads,/spa/data/graph_039.txt.gz,6,676157
2023-07,downloads,/spa/data/graph_008.txt.gz,6,73802
2023-07,downloads,/spa/data/graph_013.txt.gz,5,76881
2023-07,downloads,/files/images/mosaicml.zip,5,30484635
2023-07,downloads,/spa/data/graph_006.txt.gz,4,44099
2023-07,downloads,/spa/data/graph_011.txt.gz,4,57694
2023-07,downloads,/spa/data/graph_041.txt.gz,4,427235
2023-07,downloads,/spa/data/graph_012.txt.gz,4,57694
2023-07,downloads,/spa/data/graph_055.txt.gz,4,720468
2023-07,downloads,/RVC1/top/errata/pumaaxis.pdf,4,47898
2023-07,downloads,/spa/data/graph_035.txt.gz,4,307670
2023-07,downloads,/spa/data/graph_032.txt.gz,4,253271
2023-07,downloads,/spa/data/graph_027.txt.gz,4,186815
2023-07,downloads,/spa/data/graph_036.txt.gz,3,204736
2023-07,downloads,/spa/data/graph_002.txt.gz,3,7906
2023-07,downloads,/spa/data/graph_018.txt.gz,3,53963
2023-07,downloads,/spa/data/graph_004.txt.gz,3,11817
2023-07,downloads,/spa/data/graph_054.txt.gz,3,359563
2023-07,downloads,/spa/data/graph_010.txt.gz,3,35466
2023-07,downloads,/spa/data/graph_022.txt.gz,3,77422
2023-07,downloads,/spa/data/graph_048.txt.gz,3,355167
2023-07,downloads,/download/20/articles/1061/xml-2.zip,3,17421
2023-07,downloads,/spa/data/graph_059.txt.gz,3,534472
2023-07,downloads,/spa/data/graph_017.txt.gz,3,51265
2023-07,downloads,/spa/data/graph_044.txt.gz,3,321683
2023-07,downloads,/spa/data/graph_056.txt.gz,3,381967
2023-07,downloads,/spa/data/graph_047.txt.gz,3,348575
2023-07,downloads,/spa/data/graph_021.txt.gz,3,71710
2023-07,downloads,/spa/data/graph_001.txt.gz,3,5334
2023-07,downloads,/spa/data/graph_024.txt.gz,3,86337
2023-07,downloads,/spa/data/graph_038.txt.gz,3,217459
2023-07,downloads,/spa/data/graph_061.txt.gz,3,432495
2023-07,downloads,/download/28/mvtb/1087/vision-4-3.zip,3,151442399
2023-07,downloads,/spa/data/graph_029.txt.gz,3,126041
2023-07,downloads,/spa/data/graph_045.txt.gz,3,215188
2023-07,downloads,/spa/data/graph_019.txt.gz,3,53791
2023-07,downloads,/spa/data/graph_034.txt.gz,3,174553
2023-07,downloads,/spa/data/graph_049.txt.gz,3,468903
2023-07,downloads,/spa/data/graph_015.txt.gz,2,27889
2023-07,downloads,/spa/data/graph_009.txt.gz,2,16555
2023-07,downloads,/spa/data/graph_023.txt.gz,2,41410
2023-07,downloads,/spa/data/graph_057.txt.gz,2,98045
2023-07,downloads,/spa/data/graph_030.txt.gz,2,86265
2023-07,downloads,/spa/data/graph_060.txt.gz,2,163580
2023-07,downloads,/files/images/bridge-l.zip,2,243935274
2023-07,downloads,/spa/data/graph_005.txt.gz,2,14353
2023-07,downloads,/spa/data/graph_003.txt.gz,2,5567
2023-07,downloads,/spa/data/graph_037.txt.gz,2,106730
2023-07,downloads,/spa/data/graph_026.txt.gz,2,58043
2023-07,downloads,/RTB/r4/robot.zip,2,349017
2023-07,downloads,/php/modpage/%20readme.txt,2,0
2023-07,downloads,/php/modpage/readme.txt,2,0
2023-07,downloads,/spa/data/graph_016.txt.gz,2,26156
2023-07,downloads,/spa/data/graph_031.txt.gz,2,84245
2023-07,downloads,/pdf/QUTSchoolCaptainsDinner2017.pdf,2,11968512
2023-07,downloads,/spa/data/graph_025.txt.gz,2,44806
2023-07,downloads,/spa/data/graph_050.txt.gz,2,48892
2023-07,downloads,/spa/data/graph_020.txt.gz,2,37174
2023-07,downloads,/spa/data/graph_042.txt.gz,2,140042
2023-07,downloads,/spa/data/graph_007.txt.gz,2,14821
2023-07,downloads,/spa/data/graph_052.txt.gz,2,163580
2023-07,downloads,/spa/data/graph_046.txt.gz,2,172136
2023-07,downloads,/files/images/bridge-r.zip,2,243524676
2023-07,downloads,/spa/data/graph_014.txt.gz,2,19779
2023-07,downloads,/spa/data/graph_043.txt.gz,2,156955
2023-07,downloads,/spa/data/graph_028.txt.gz,2,62038
2023-07,downloads,/spa/data/graph_033.txt.gz,2,84908
2023-07,downloads,/files/MVTB/images1.zip,2,59732661
2023-07,downloads,/spa/data/graph_051.txt.gz,2,163580
2023-07,downloads,/spa/data/graph_040.txt.gz,2,141096
2023-07,downloads,/spa/data/graph_053.txt.gz,2,163580
2023-07,downloads,/spa/data/graph_058.txt.gz,2,163581
2023-07,downloads,/sitemap.txt,1,124
2023-07,downloads,/RTB/r6/robot.zip,1,95357
2023-07,downloads,/RTB/r8/robot.zip,1,89722
2023-07,downloads,/files/images/LeftBag.mpg,1,17201025
2023-07,downloads,/download/26/rtb/1050/rtb-manual.pdf,1,26
2023-07,downloads,http://www.petercorke.com/RTB/robot.pdf,1,7638250
2023-07,downloads,/RTB/r7/robot.zip,1,103804
2023-07,urls,/download/28/mvtb/1109/mvtb-4-3.mltbx,181,11764168366
2023-07,urls,/download/27/rtb/1045/rtb10-4-mltbx.mltbx,6,626
2023-07,urls,/download/20/articles/1056/sincos.mlx,6,24191
2024-07,downloads,/MVTB/vision.pdf,431,2561790096
2024-07,downloads,/bluebook/book.pdf,383,1205646977
2024-07,downloads,/RTB/robot.pdf,331,2163143079
2024-07,downloads,/download/20/articles/1062/rtb_dh.pdf,234,69899936
2024-07,downloads,/download/27/rtb/1011/robot-10-3-1.zip,189,3599358332
2024-07,downloads,/RTB/ARA95.pdf,175,12162213
2024-07,downloads,/download/31/python-tools/1349/python_toolbox_icra_2021.pdf,173,97874849
2024-07,downloads,/download/30/rvc2/1182/solutions.pdf,135,117578864
2024-07,downloads,/doc/simple_systematic.pdf,127,21622897
2024-07,downloads,/download/29/books/1256/corke-bluebook.pdf,92,282847112
2024-07,downloads,/download/20/articles/1063/rtb_real_robot.pdf,68,52959260
2024-07,downloads,/download/31/python-tools/1296/python_toolbox_icra_2020-5.pdf,64,2073
2024-07,downloads,/download/20/articles/1057/prcurves.pdf,62,10701348
2024-07,downloads,/download/20/articles/1059/urdf-2.pdf,57,44966502
2024-07,downloads,/download/20/articles/1041/ets_jacobian.pdf,45,11029950
2024-07,downloads,/download/30/rvc2/1208/rvc2-livescripts.zip,44,1187948876
2024-07,downloads,/wp-content/uploads/2020/01/book.pdf,36,111603456
2024-07,downloads,/MVTB/r3/vision.pdf,36,230609166
2024-07,downloads,/download/27/rtb/1351/robot-9-10.zip,35,551945376
2024-07,downloads,/axes.pdf,32,932320
2024-07,downloads,/download/20/articles/1064/rtb_4dof.pdf,28,24321016
2024-07,downloads,/download/28/mvtb/1181/contrib2.zip,22,100385850
2024-07,downloads,/download/20/articles/1079/the-bones-of-descartes.pdf,22,7908862
2024-07,downloads,/download/20/articles/1060/xml.pdf,20,2099720
2024-07,downloads,/download/20/articles/1055/solving-trig.pdf,19,2772347
2024-07,downloads,/axes/paper-axes2-grey.pdf,19,601121
2024-07,downloads,/suttor/GeorgeAndSarahSuttorBook-TOC.pdf,19,1350824
2024-07,downloads,/download/30/rvc2/1183/rvc2-eps.zip,16,706519654
2024-07,downloads,/RTB/r9/robot.pdf,16,124939049
2024-07,downloads,/files/MVTB/images-RVC2a.zip,16,1037356002
2024-07,downloads,/download/30/rvc2/1184/rvc2-svg.zip,16,518019424
2024-07,downloads,/download/32/documents/1317/aim-177.pdf,14,122341156
2024-07,downloads,/suttor/GeorgeAndSarahSuttorBook-index.pdf,14,2740010
2024-07,downloads,/download/20/articles/1193/unimate-puma-servo-system-exposed.pdf,13,312277605
2024-07,downloads,/files/MVTB/images-RVC2b.zip,12,3061907206
2024-07,downloads,/download/20/articles/1058/urdf.zip,10,117720
2024-07,downloads,/RVC1/top/toc/toc.pdf,9,600777
2024-07,downloads,/axes/paper-axes2-red.pdf,9,284130
2024-07,downloads,/download/20/articles/1054/insertion.pdf,8,1010512
2024-07,downloads,/spa/data/graph_034.txt.gz,7,610456
2024-07,downloads,/axes/paper-axes2-green.pdf,7,220990
2024-07,downloads,/axes/paper-axes2-blue.pdf,6,189552
2024-07,downloads,/download/28/mvtb/1087/vision-4-3.zip,6,279554012
2024-07,downloads,/spa/data/graph_050.txt.gz,5,1260070
2024-07,downloads,/spa/data/graph_060.txt.gz,5,1863940
2024-07,downloads,/files/images/bridge-l.zip,5,609838185
2024-07,downloads,/RTB/r7/robot.zip,5,4259230
2024-07,downloads,/spa/data/graph_035.txt.gz,5,512555
2024-07,downloads,/files/images/bridge-r.zip,5,608811690
2024-07,downloads,/spa/data/graph_044.txt.gz,4,643092
2024-07,downloads,/spa/data/graph_002.txt.gz,4,15540
2024-07,downloads,/spa/data/graph_005.txt.gz,4,56864
2024-07,downloads,/spa/data/graph_021.txt.gz,4,143148
2024-07,downloads,/RVC1/top/errata/pumaaxis.pdf,4,95796
2024-07,downloads,/RTB/r8/robot.zip,4,5028848
2024-07,downloads,/spa/data/graph_030.txt.gz,4,344516
2024-07,downloads,/spa/data/graph_011.txt.gz,4,76744
2024-07,downloads,/files/MVTB/images1.zip,3,117482858
2024-07,downloads,/pdf/book_comic.pdf,3,14370111
2024-07,downloads,/spa/data/graph_007.txt.gz,3,44052
2024-07,downloads,/spa/data/graph_033.txt.gz,3,254313
2024-07,downloads,/spa/data/graph_018.txt.gz,3,80739
2024-07,downloads,/spa/data/graph_010.txt.gz,3,52995
2024-07,downloads,/spa/data/graph_014.txt.gz,3,58926
2024-07,downloads,/spa/data/graph_040.txt.gz,3,422877
2024-07,downloads,/spa/data/graph_017.txt.gz,2,51128
2024-07,downloads,/spa/data/graph_041.txt.gz,2,284732
2024-07,downloads,/spa/data/graph_022.txt.gz,2,77286
2024-07,downloads,/spa/data/graph_024.txt.gz,2,86200
2024-07,downloads,/spa/data/graph_059.txt.gz,2,714563
2024-07,downloads,/spa/data/graph_036.txt.gz,2,204598
2024-07,downloads,/spa/data/graph_051.txt.gz,2,521468
2024-07,downloads,/spa/data/graph_023.txt.gz,2,82546
2024-07,downloads,/spa/data/graph_046.txt.gz,2,343996
2024-07,downloads,/spa/data/graph_031.txt.gz,2,168216
2024-07,downloads,/spa/data/graph_061.txt.gz,2,767206
2024-07,downloads,/spa/data/graph_015.txt.gz,2,55504
2024-07,downloads,/spa/data/graph_045.txt.gz,2,332592
2024-07,downloads,/spa/data/graph_048.txt.gz,2,383172
2024-07,downloads,/spa/data/graph_025.txt.gz,2,89338
2024-07,downloads,/spa/data/graph_009.txt.gz,2,32836
2024-07,downloads,/spa/data/graph_013.txt.gz,2,38372
2024-07,downloads,/spa/data/graph_053.txt.gz,2,538824
2024-07,downloads,/spa/data/graph_003.txt.gz,2,10862
2024-07,downloads,/RTB/r6/robot.zip,2,195140
2024-07,downloads,/spa/data/graph_052.txt.gz,2,515582
2024-07,downloads,/spa/data/graph_028.txt.gz,2,123802
2024-07,downloads,/spa/data/graph_032.txt.gz,2,168756
2024-07,downloads,/spa/data/graph_006.txt.gz,2,29308
2024-07,downloads,/spa/data/graph_019.txt.gz,2,53654
2024-07,downloads,/spa/data/graph_056.txt.gz,2,535076
2024-07,downloads,/RTB/r4/robot.zip,2,496058
2024-07,downloads,/spa/data/graph_016.txt.gz,2,52038
2024-07,downloads,/spa/data/graph_008.txt.gz,2,29466
2024-07,downloads,/spa/data/graph_020.txt.gz,2,74076
2024-07,downloads,/spa/data/graph_039.txt.gz,2,270408
2024-07,downloads,/spa/data/graph_027.txt.gz,2,124452
2024-07,downloads,/spa/data/graph_055.txt.gz,2,524120
2024-07,downloads,/spa/data/graph_057.txt.gz,2,612394
2024-07,downloads,/spa/data/graph_001.txt.gz,2,3556
2024-07,downloads,/spa/data/graph_049.txt.gz,2,545108
2024-07,downloads,/pdf/QUTSchoolCaptainsDinner2017.pdf,1,56502828
2024-07,downloads,/spa/data/graph_037.txt.gz,1,106592
2024-07,downloads,/files/images/traffic_sequence.mpg,1,7949716
2024-07,downloads,/spa/data/graph_054.txt.gz,1,261519
2024-07,downloads,/spa/data/graph_047.txt.gz,1,184994
2024-07,downloads,/spa/data/graph_038.txt.gz,1,119414
2024-07,downloads,/spa/data/graph_029.txt.gz,1,62952
2024-07,downloads,/spa/data/graph_026.txt.gz,1,57906
2024-07,downloads,/spa/data/graph_042.txt.gz,1,139905
2024-07,downloads,/files/images/mosaicml.zip,1,6096927
2024-07,downloads,/spa/data/graph_004.txt.gz,1,5840
2024-07,downloads,/spa/data/graph_012.txt.gz,1,19186
2024-07,downloads,/download/20/articles/1061/xml-2.zip,1,5807
2024-07,downloads,/spa/data/graph_043.txt.gz,1,156818
2024-07,downloads,/spa/data/graph_058.txt.gz,1,394809
2024-07,urls,/download/28/mvtb/1109/mvtb-4-3.mltbx,87,5443733282
2024-07,urls,/download/20/articles/1056/sincos.mlx,6,28854
2025-07,downloads,/files/salesrank/salesrank.csv,7963,364418732
2025-07,downloads,/MVTB/vision.pdf,569,3590498612
2025-07,downloads,/bluebook/book.pdf,381,1146738075
2025-07,downloads,/RTB/robot.pdf,298,2161081149
2025-07,downloads,/download/20/articles/1062/rtb_dh.pdf,176,61315480
2025-07,downloads,/download/31/python-tools/1349/python_toolbox_icra_2021.pdf,138,78830391
2025-07,downloads,/RTB/ARA95.pdf,132,9877632
2025-07,downloads,/doc/simple_systematic.pdf,114,19204875
2025-07,downloads,/download/20/articles/1063/rtb_real_robot.pdf,113,87805399
2025-07,downloads,/download/30/rvc2/1182/solutions.pdf,85,77317877
2025-07,downloads,/download/20/articles/1057/prcurves.pdf,71,10137396
2025-07,downloads,/download/20/articles/1059/urdf-2.pdf,68,46524975
2025-07,downloads,/download/29/books/1256/corke-bluebook.pdf,67,188349443
2025-07,downloads,/download/27/rtb/1011/robot-10-3-1.zip,61,1221342199
2025-07,downloads,/download/20/articles/1041/ets_jacobian.pdf,59,12500610
2025-07,downloads,/download/20/articles/1058/urdf.zip,59,600372
2025-07,downloads,/download/20/articles/1079/the-bones-of-descartes.pdf,53,17462018
2025-07,downloads,/download/20/articles/1064/rtb_4dof.pdf,41,28884269
2025-07,downloads,/download/20/articles/1060/xml.pdf,32,2519664
2025-07,downloads,/download/20/articles/1055/solving-trig.pdf,31,3355999
2025-07,downloads,/download/28/mvtb/1181/contrib2.zip,30,109334045
2025-07,downloads,/download/32/documents/1317/aim-177.pdf,27,175818094
2025-07,downloads,/axes.pdf,25,979104
2025-07,downloads,/download/27/rtb/1351/robot-9-10.zip,24,445882999
2025-07,downloads,/files/MVTB/images-RVC2b.zip,22,3046587396
2025-07,downloads,/files/MVTB/images-RVC2a.zip,21,865335999
2025-07,downloads,/RVC1/top/toc/toc.pdf,18,1272940
2025-07,downloads,/RTB/r9/robot.pdf,18,103023704
2025-07,downloads,/download/20/articles/1193/unimate-puma-servo-system-exposed.pdf,18,281469015
2025-07,downloads,/download/31/python-tools/1296/python_toolbox_icra_2020-5.pdf,18,631
2025-07,downloads,/suttor/GeorgeAndSarahSuttorBook-index.pdf,16,3131440
2025-07,downloads,/wp-content/uploads/2020/01/book.pdf,15,46501440
2025-07,downloads,/MVTB/r3/vision.pdf,15,74873619
2025-07,downloads,/suttor/GeorgeAndSarahSuttorBook-TOC.pdf,14,1060880
2025-07,downloads,/download/30/rvc2/1208/rvc2-livescripts.zip,14,304853996
2025-07,downloads,/download/30/rvc2/1183/rvc2-eps.zip,13,315300601
2025-07,downloads,/axes/paper-axes2-red.pdf,13,411435
2025-07,downloads,/download/20/articles/1054/insertion.pdf,11,1263140
2025-07,downloads,/download/30/rvc2/1184/rvc2-svg.zip,10,195795844
2025-07,downloads,/RVC1/top/errata/pumaaxis.pdf,10,239490
2025-07,downloads,/axes/paper-axes2-grey.pdf,10,316865
2025-07,downloads,/RTB/r8/robot.zip,8,8917863
2025-07,downloads,/axes/paper-axes2-green.pdf,8,252560
2025-07,downloads,/download/28/mvtb/1087/vision-4-3.zip,8,304126670
2025-07,downloads,/pdf/book_comic.pdf,6,16337725
2025-07,downloads,/spa/data/graph_026.txt.gz,6,347436
2025-07,downloads,/RTB/r4/robot.zip,6,1488174
2025-07,downloads,/spa/data/graph_033.txt.gz,6,472611
2025-07,downloads,/RTB/r7/robot.zip,6,4870938
2025-07,downloads,/spa/data/graph_014.txt.gz,5,98210
2025-07,downloads,/axes/paper-axes2-blue.pdf,5,157960
2025-07,downloads,/spa/data/graph_031.txt.gz,5,420540
2025-07,downloads,/spa/data/graph_059.txt.gz,5,1745311
2025-07,downloads,/spa/data/graph_034.txt.gz,5,436040
2025-07,downloads,/spa/data/graph_044.txt.gz,5,803865
2025-07,downloads,/spa/data/graph_003.txt.gz,5,27155
2025-07,downloads,/spa/data/graph_045.txt.gz,5,831480
2025-07,downloads,/spa/data/graph_048.txt.gz,5,897019
2025-07,downloads,/spa/data/graph_013.txt.gz,4,76744
2025-07,downloads,/spa/data/graph_050.txt.gz,4,985021
2025-07,downloads,/files/MVTB/images1.zip,4,207457676
2025-07,downloads,/spa/data/graph_038.txt.gz,4,477656
2025-07,downloads,/spa/data/graph_016.txt.gz,4,104076
2025-07,downloads,/spa/data/graph_058.txt.gz,4,1476952
2025-07,downloads,/spa/data/graph_053.txt.gz,4,1037215
2025-07,downloads,/spa/data/graph_037.txt.gz,4,426368
2025-07,downloads,/spa/data/graph_006.txt.gz,4,58616
2025-07,downloads,/spa/data/graph_023.txt.gz,4,165092
2025-07,downloads,/spa/data/graph_036.txt.gz,4,409196
2025-07,downloads,/spa/data/graph_047.txt.gz,4,739976
2025-07,downloads,/spa/data/graph_015.txt.gz,4,111008
2025-07,downloads,/RTB/r6/robot.zip,4,390280
2025-07,downloads,/spa/data/graph_041.txt.gz,4,569464
2025-07,downloads,/spa/data/graph_030.txt.gz,4,344516
2025-07,downloads,/spa/data/graph_009.txt.gz,3,49254
2025-07,downloads,/spa/data/graph_004.txt.gz,3,17520
2025-07,downloads,/spa/data/graph_025.txt.gz,3,134007
2025-07,downloads,/spa/data/graph_032.txt.gz,3,253134
2025-07,downloads,/spa/data/graph_042.txt.gz,3,419715
2025-07,downloads,/spa/data/graph_012.txt.gz,3,57558
2025-07,downloads,/spa/data/graph_039.txt.gz,3,405612
2025-07,downloads,/spa/data/graph_056.txt.gz,3,802614
2025-07,downloads,/spa/data/graph_011.txt.gz,3,57558
2025-07,downloads,/spa/data/graph_029.txt.gz,3,188856
2025-07,downloads,/spa/data/graph_035.txt.gz,3,307533
2025-07,downloads,/download/20/articles/1061/xml-2.zip,3,11614
2025-07,downloads,/spa/data/graph_020.txt.gz,3,111114
2025-07,downloads,/spa/data/graph_043.txt.gz,3,470454
2025-07,downloads,/spa/data/graph_002.txt.gz,3,11655
2025-07,downloads,/spa/data/graph_054.txt.gz,3,702865
2025-07,downloads,/spa/data/graph_005.txt.gz,3,42648
2025-07,downloads,/spa/data/graph_055.txt.gz,3,786180
2025-07,downloads,/spa/data/graph_052.txt.gz,3,597105
2025-07,downloads,/spa/data/graph_022.txt.gz,2,77286
2025-07,downloads,/spa/data/graph_049.txt.gz,2,468765
2025-07,downloads,/spa/data/graph_007.txt.gz,2,29368
2025-07,downloads,/spa/data/graph_061.txt.gz,2,767206
2025-07,downloads,/spa/data/graph_021.txt.gz,2,71574
2025-07,downloads,/spa/data/graph_024.txt.gz,2,86200
2025-07,downloads,/spa/data/graph_027.txt.gz,2,124452
2025-07,downloads,/spa/data/graph_018.txt.gz,2,53826
2025-07,downloads,/spa/data/graph_040.txt.gz,2,206098
2025-07,downloads,/spa/data/graph_017.txt.gz,2,51128
2025-07,downloads,/spa/data/graph_019.txt.gz,2,53654
2025-07,downloads,/spa/data/graph_008.txt.gz,2,29466
2025-07,downloads,/spa/data/graph_010.txt.gz,2,35330
2025-07,downloads,/spa/data/graph_046.txt.gz,2,343996
2025-07,downloads,/spa/data/graph_051.txt.gz,2,521468
2025-07,downloads,/spa/data/graph_057.txt.gz,2,612394
2025-07,downloads,/spa/data/graph_028.txt.gz,2,123802
2025-07,downloads,http://www.petercorke.com/MVTB/r3/vision.pdf,1,6505052
2025-07,downloads,http://www.petercorke.com:80/doc/simple_systematic.pdf,1,175015
2025-07,downloads,/spa/data/graph_060.txt.gz,1,372788
2025-07,downloads,/spa/data/graph_001.txt.gz,1,1778
2025-07,urls,/download/28/mvtb/1109/mvtb-4-3.mltbx,85,3539994571
2025-07,urls,/download/20/articles/1056/sincos.mlx,14,62517
2026-07,downloads,/bluebook/book.pdf,595,2186680396
2026-07,downloads,/RTB/robot.pdf,535,4886421643
2026-07,downloads,/MVTB/vision.pdf,298,2473124095
2026-07,downloads,/RTB/ARA95.pdf,268,20246285
2026-07,downloads,/RTB/currentversion.txt,268,1340
2026-07,downloads,/doc/simple_systematic.pdf,258,46810491
2026-07,downloads,/RTB/r10/robot.pdf,245,1044654520
2026-07,downloads,/files/salesrank/salesrank.csv,166,8032242
2026-07,downloads,/RVC1/top/toc/toc.pdf,55,3804921
2026-07,downloads,/axes.pdf,44,1389696
2026-07,downloads,/suttor/GeorgeAndSarahSuttorBook-index.pdf,40,7679340
2026-07,downloads,/RTB/r9/robot.pdf,27,206232750
2026-07,downloads,/suttor/GeorgeAndSarahSuttorBook-TOC.pdf,17,1208632
2026-07,downloads,/axes/paper-axes2-blue.pdf,15,473880
2026-07,downloads,/pdf/book_comic.pdf,13,62270481
2026-07,downloads,/axes/paper-axes2-red.pdf,12,410410
2026-07,downloads,/axes/paper-axes2-grey.pdf,12,410592
2026-07,downloads,/SMTB/spatialmath.pdf,11,33034452
2026-07,downloads,/MVTB/r3/vision.pdf,11,71555572
2026-07,downloads,/axes/paper-axes2-green.pdf,11,347270
2026-07,downloads,/spa/data/graph_016.txt.gz,8,208152
2026-07,downloads,/files/Octave.zip,7,562751
2026-07,downloads,/RTB/r4/robot.zip,7,1569689
2026-07,downloads,/spa/data/graph_045.txt.gz,6,997776
2026-07,downloads,http://www.petercorke.com/RTB/robot.pdf,6,60713777
2026-07,downloads,/spa/data/graph_013.txt.gz,6,115116
2026-07,downloads,/spa/data/graph_012.txt.gz,5,95930
2026-07,downloads,/spa/data/graph_031.txt.gz,5,420540
2026-07,downloads,/spa/data/graph_052.txt.gz,5,1288955
2026-07,downloads,/spa/data/graph_008.txt.gz,4,58932
2026-07,downloads,/files/images/LeftBag.mpg,4,34402050
2026-07,downloads,/spa/data/graph_047.txt.gz,4,739976
2026-07,downloads,/spa/data/graph_028.txt.gz,3,185703
2026-07,downloads,/wp-content/uploads/2020/01/book.pdf,3,9300288
2026-07,downloads,/RTB/r8/robot.zip,3,3771636
2026-07,downloads,/spa/data/graph_007.txt.gz,3,44052
2026-07,downloads,/spa/data/graph_005.txt.gz,3,42648
2026-07,downloads,/spa/data/graph_023.txt.gz,3,123819
2026-07,downloads,/RVC1/top/errata/pumaaxis.pdf,3,71847
2026-07,downloads,/spa/data/graph_020.txt.gz,3,111114
2026-07,downloads,/spa/data/graph_021.txt.gz,3,107361
2026-07,downloads,/spa/data/graph_015.txt.gz,3,83256
2026-07,downloads,/spa/data/graph_059.txt.gz,3,1112673
2026-07,downloads,/spa/data/graph_048.txt.gz,3,574758
2026-07,downloads,/spa/data/graph_053.txt.gz,3,808236
2026-07,downloads,/spa/data/graph_037.txt.gz,3,319776
2026-07,downloads,/spa/data/graph_025.txt.gz,3,134007
2026-07,downloads,/spa/data/graph_054.txt.gz,2,523038
2026-07,downloads,/RTB/r7/robot.zip,2,1703692
2026-07,downloads,/pdf/QUTSchoolCaptainsDinner2017.pdf,2,179089606
2026-07,downloads,/files/images/traffic_sequence.mpg,2,7949716
2026-07,downloads,/spa/data/graph_024.txt.gz,2,86200
2026-07,downloads,/spa/data/graph_027.txt.gz,2,124452
2026-07,downloads,/spa/data/graph_026.txt.gz,2,115812
2026-07,downloads,/RTB/r6/robot.zip,2,195140
2026-07,downloads,/RTB/r9/robot-9.10.zip,2,41983352
2026-07,downloads,/spa/data/graph_030.txt.gz,2,172258
2026-07,downloads,/spa/data/graph_056.txt.gz,2,535076
2026-07,downloads,/spa/data/graph_003.txt.gz,2,10862
2026-07,downloads,/spa/data/graph_043.txt.gz,2,313636
2026-07,downloads,/spa/data/graph_014.txt.gz,2,39284
2026-07,downloads,/spa/data/graph_029.txt.gz,2,125904
2026-07,downloads,/spa/data/graph_002.txt.gz,2,7770
2026-07,downloads,/files/MVTB/images-RVC2a.zip,2,147617934
2026-07,downloads,/spa/data/graph_039.txt.gz,2,270408
2026-07,downloads,/spa/data/graph_051.txt.gz,2,521468
2026-07,downloads,/spa/data/graph_004.txt.gz,2,11680
2026-07,downloads,/sitemap.xml.gz,2,20222
2026-07,downloads,/spa/data/graph_022.txt.gz,1,38643
2026-07,downloads,/spa/data/graph_057.txt.gz,1,306197
2026-07,downloads,/spa/data/graph_050.txt.gz,1,252014
2026-07,downloads,/spa/data/graph_018.txt.gz,1,26913
2026-07,downloads,/spa/data/graph_017.txt.gz,1,25564
2026-07,downloads,/spa/data/graph_033.txt.gz,1,84771
2026-07,downloads,/spa/data/graph_035.txt.gz,1,102511
2026-07,downloads,/spa/data/graph_036.txt.gz,1,102299
2026-07,downloads,/cv/corke-resume.mov,1,14388649
2026-07,downloads,/spa/data/graph_061.txt.gz,1,383603
2026-07,downloads,/spa/data/graph_060.txt.gz,1,372788
2026-07,downloads,/spa/data/graph_049.txt.gz,1,272554
2026-07,downloads,/spa/data/graph_006.txt.gz,1,14654
2026-07,downloads,/spa/data/graph_009.txt.gz,1,16418
2026-07,downloads,/spa/data/graph_034.txt.gz,1,87208
2026-07,downloads,/spa/data/graph_055.txt.gz,1,262060
2026-07,downloads,/spa/data/graph_044.txt.gz,1,160773
2026-07,downloads,/spa/data/graph_010.txt.gz,1,17665
2026-07,downloads,/spa/data/graph_058.txt.gz,1,394809
2026-07,downloads,/spa/data/graph_046.txt.gz,1,171998
2026-07,downloads,/spa/data/graph_011.txt.gz,1,19186
2026-07,downloads,/spa/data/graph_042.txt.gz,1,139905
2026-07,downloads,/spa/data/graph_041.txt.gz,1,142366
2026-07,downloads,/spa/data/graph_038.txt.gz,1,119414
2026-07,downloads,/spa/data/graph_019.txt.gz,1,26827
2026-07,downloads,/spa/data/graph_032.txt.gz,1,84378
2026-07,downloads,/spa/data/graph_001.txt.gz,1,1778
2026-07,downloads,/spa/data/graph_040.txt.gz,1,140959
2026-07,downloads,/robots.txt,0,4329
2017-08,downloads,/doc/rtb_dh.pdf,694,353053844
2017-08,downloads,/RTB/robot.pdf,676,6982827204
2017-08,downloads,/MVTB/vision.pdf,569,5418153453
2017-08,downloads,/bluebook/book.pdf,305,1220108525
2017-08,downloads,/RTB/ARA95.pdf,225,20736917
2017-08,downloads,/doc/rtb_4dof.pdf,76,74639079
2017-08,downloads,/doc/simple_systematic.pdf,64,13910647
2017-08,downloads,/doc/descartes.pdf,63,56239462
2017-08,downloads,/doc/robotarm.pdf,61,72963928
2017-08,downloads,/RTB/r9/robot.pdf,42,355395667
2017-08,downloads,/axes.pdf,39,1326528
2017-08,downloads,/pdf/QUTSchoolCaptainsDinner2017.pdf,26,2328164878
2017-08,downloads,/axes/paper-axes2-blue.pdf,26,852984
2017-08,downloads,/RVC1/top/toc/toc.pdf,25,2002744
2017-08,downloads,/pdf/paper-axes.pdf,20,679690
2017-08,downloads,/RVC1/top/errata/pumaaxis.pdf,14,335286
2017-08,downloads,/MVTB/r3/vision.pdf,13,73266165
2017-08,downloads,/axes/paper-axes2-green.pdf,12,410410
2017-08,downloads,/axes/paper-axes2-red.pdf,10,315700
2017-08,downloads,/pdf/book_comic.pdf,9,43110333
2017-08,downloads,/spa/data/graph_049.txt.gz,8,2180432
2017-08,downloads,/spa/data/graph_058.txt.gz,8,3158472
2017-08,downloads,/spa/data/graph_059.txt.gz,7,2596237
2017-08,downloads,/spa/data/graph_050.txt.gz,7,1764098
2017-08,downloads,/spa/data/graph_026.txt.gz,6,347436
2017-08,downloads,/suttor/GeorgeAndSarahSuttorBook-TOC.pdf,6,426576
2017-08,downloads,/spa/data/graph_005.txt.gz,6,85296
2017-08,downloads,/spa/data/graph_061.txt.gz,6,2301618
2017-08,downloads,/spa/data/graph_055.txt.gz,6,1572360
2017-08,downloads,/spa/data/graph_056.txt.gz,6,1605228
2017-08,downloads,/spa/data/graph_053.txt.gz,5,1347060
2017-08,downloads,/spa/data/graph_014.txt.gz,5,98210
2017-08,downloads,/spa/data/graph_009.txt.gz,5,82090
2017-08,downloads,/spa/data/graph_054.txt.gz,5,1307595
2017-08,downloads,/spa/data/graph_032.txt.gz,5,421890
2017-08,downloads,/spa/data/graph_044.txt.gz,5,803865
2017-08,downloads,/spa/data/graph_043.txt.gz,5,784090
2017-08,downloads,/spa/data/graph_051.txt.gz,5,1303670
2017-08,downloads,/spa/data/graph_002.txt.gz,5,19425
2017-08,downloads,/spa/data/graph_030.txt.gz,5,430645
2017-08,downloads,/spa/data/graph_021.txt.gz,5,178935
2017-08,downloads,/spa/data/graph_045.txt.gz,5,831480
2017-08,downloads,/spa/data/graph_025.txt.gz,5,223345
2017-08,downloads,/spa/data/graph_034.txt.gz,5,436040
2017-08,downloads,/spa/data/graph_046.txt.gz,5,859990
2017-08,downloads,/spa/data/graph_010.txt.gz,5,88325
2017-08,downloads,/spa/data/graph_060.txt.gz,5,1863940
2017-08,downloads,/spa/data/graph_015.txt.gz,4,111008
2017-08,downloads,/spa/data/graph_027.txt.gz,4,248904
2017-08,downloads,/spa/data/graph_029.txt.gz,4,251808
2017-08,downloads,/spa/data/graph_028.txt.gz,4,247604
2017-08,downloads,/spa/data/graph_006.txt.gz,4,58616
2017-08,downloads,/spa/data/graph_052.txt.gz,4,1031164
2017-08,downloads,/spa/data/graph_041.txt.gz,4,569464
2017-08,downloads,/spa/data/graph_040.txt.gz,4,563836
2017-08,downloads,/spa/data/graph_038.txt.gz,4,477656
2017-08,downloads,/spa/data/graph_031.txt.gz,4,336432
2017-08,downloads,/spa/data/graph_022.txt.gz,4,154572
2017-08,downloads,/spa/data/graph_037.txt.gz,4,426368
2017-08,downloads,/spa/data/graph_033.txt.gz,4,339084
2017-08,downloads,/spa/data/graph_003.txt.gz,4,21724
2017-08,downloads,/spa/data/graph_023.txt.gz,4,165092
2017-08,downloads,/spa/data/graph_057.txt.gz,4,1224788
2017-08,downloads,/spa/data/graph_036.txt.gz,4,409196
2017-08,downloads,/spa/data/graph_020.txt.gz,4,148152
2017-08,downloads,/spa/data/graph_008.txt.gz,4,58932
2017-08,downloads,/spa/data/graph_004.txt.gz,4,23360
2017-08,downloads,/spa/data/graph_035.txt.gz,3,307533
2017-08,downloads,/spa/data/graph_013.txt.gz,3,57558
2017-08,downloads,/spa/data/graph_019.txt.gz,3,80481
2017-08,downloads,/spa/data/graph_042.txt.gz,3,419715
2017-08,downloads,/spa/data/graph_017.txt.gz,3,76692
2017-08,downloads,/spa/data/graph_011.txt.gz,3,57558
2017-08,downloads,/spa/data/graph_012.txt.gz,3,57558
2017-08,downloads,/spa/data/graph_024.txt.gz,3,129300
2017-08,downloads,/spa/data/graph_047.txt.gz,3,554982
2017-08,downloads,/spa/data/graph_001.txt.gz,3,5334
2017-08,downloads,/spa/data/graph_048.txt.gz,3,574758
2017-08,downloads,/spa/data/graph_018.txt.gz,3,80739
2017-08,downloads,/spa/data/graph_007.txt.gz,3,44052
2017-08,downloads,/spa/data/graph_016.txt.gz,3,78057
2017-08,downloads,/spa/data/graph_039.txt.gz,3,405612
2017-08,downloads,//RTB/ARA95.pdf,1,75265
2017-08,downloads,/suttor/GeorgeAndSarahSuttorBook-index.pdf,1,195715
2021-08,downloads,/MVTB/vision.pdf,399,2582589297
2021-08,downloads,/download/27/rtb/1011/robot-10-3-1.zip,398,7334591607
2021-08,downloads,/bluebook/book.pdf,368,1094809278
2021-08,downloads,/RTB/ARA95.pdf,354,26568652
2021-08,downloads,/RTB/robot.pdf,276,2073272847
2021-08,downloads,/download/31/python-tools/1296/python_toolbox_icra_2020-5.pdf,148,75420294
2021-08,downloads,/doc/simple_systematic.pdf,86,15227169
2021-08,downloads,/download/30/rvc2/1182/solutions.pdf,83,73990922
2021-08,downloads,/download/30/rvc2/1208/rvc2-livescripts.zip,64,1651004116
2021-08,downloads,/download/20/articles/1059/urdf-2.pdf,52,36200670
2021-08,downloads,/download/29/books/1256/corke-bluebook.pdf,46,143264087
2021-08,downloads,/download/28/mvtb/1181/contrib2.zip,31,183615120
2021-08,downloads,/download/20/articles/1041/ets_jacobian.pdf,28,6372860
2021-08,downloads,/download/20/articles/1060/xml.pdf,27,2834622
2021-08,downloads,/axes.pdf,26,821184
2021-08,downloads,/pdf/book_comic.pdf,24,114960888
2021-08,downloads,/download/20/articles/1062/rtb_dh.pdf,23,8659731
2021-08,downloads,/download/20/articles/1079/the-bones-of-descartes.pdf,23,8828870
2021-08,downloads,/RVC1/top/toc/toc.pdf,23,1468673
2021-08,downloads,/files/MVTB/images-RVC2a.zip,23,1293504188
2021-08,downloads,/files/MVTB/images-RVC2b.zip,20,4436671406
2021-08,downloads,/download/20/articles/1064/rtb_4dof.pdf,20,18520660
2021-08,downloads,/download/20/articles/1057/prcurves.pdf,19,3351999
2021-08,downloads,/download/20/articles/1055/solving-trig.pdf,13,1896869
2021-08,downloads,/download/20/articles/1193/unimate-puma-servo-system-exposed.pdf,12,175908797
2021-08,downloads,/download/20/articles/1063/rtb_real_robot.pdf,12,10326012
2021-08,downloads,/axes/paper-axes2-grey.pdf,12,379008
2021-08,downloads,/axes/paper-axes2-red.pdf,11,347270
2021-08,downloads,/RTB/r9/robot.pdf,11,84020750
2021-08,downloads,/suttor/GeorgeAndSarahSuttorBook-TOC.pdf,11,782056
2021-08,downloads,/suttor/GeorgeAndSarahSuttorBook-index.pdf,10,1957150
2021-08,downloads,/download/30/rvc2/1184/rvc2-svg.zip,10,180854377
2021-08,downloads,/MVTB/r3/vision.pdf,8,52040416
2021-08,downloads,/axes/paper-axes2-green.pdf,8,252560
2021-08,downloads,/spa/data/graph_004.txt.gz,7,40880
2021-08,downloads,/spa/data/graph_016.txt.gz,7,182133
2021-08,downloads,/spa/data/graph_031.txt.gz,7,588756
2021-08,downloads,/spa/data/graph_041.txt.gz,7,892054
2021-08,downloads,/spa/data/graph_020.txt.gz,7,259266
2021-08,downloads,/spa/data/graph_054.txt.gz,7,1332796
2021-08,downloads,/spa/data/graph_017.txt.gz,7,178948
2021-08,downloads,/axes/paper-axes2-blue.pdf,7,221144
2021-08,downloads,/RVC1/top/errata/pumaaxis.pdf,7,167643
2021-08,downloads,/spa/data/graph_032.txt.gz,7,590646
2021-08,downloads,/spa/data/graph_015.txt.gz,6,166512
2021-08,downloads,/spa/data/graph_009.txt.gz,6,98508
2021-08,downloads,/download/20/articles/1054/insertion.pdf,6,757884
2021-08,downloads,/spa/data/graph_037.txt.gz,6,623072
2021-08,downloads,/spa/data/graph_026.txt.gz,6,347436
2021-08,downloads,/spa/data/graph_050.txt.gz,6,1026378
2021-08,downloads,/spa/data/graph_012.txt.gz,6,115116
2021-08,downloads,/download/32/documents/1317/aim-177.pdf,6,52431924
2021-08,downloads,/spa/data/graph_007.txt.gz,6,88104
2021-08,downloads,/spa/data/graph_022.txt.gz,6,231858
2021-08,downloads,/download/30/rvc2/1183/rvc2-eps.zip,6,104992536
2021-08,downloads,/spa/data/graph_039.txt.gz,6,766132
2021-08,downloads,/spa/data/graph_021.txt.gz,6,214722
2021-08,downloads,/spa/data/graph_024.txt.gz,6,258600
2021-08,downloads,/spa/data/graph_019.txt.gz,6,160962
2021-08,downloads,/spa/data/graph_057.txt.gz,5,1164351
2021-08,downloads,/spa/data/graph_030.txt.gz,5,430645
2021-08,downloads,/spa/data/graph_060.txt.gz,5,1314972
2021-08,downloads,/spa/data/graph_013.txt.gz,5,95930
2021-08,downloads,/spa/data/graph_005.txt.gz,5,71080
2021-08,downloads,/spa/data/graph_003.txt.gz,5,27155
2021-08,downloads,/wp-content/uploads/2020/01/book.pdf,5,15500480
2021-08,downloads,/spa/data/graph_002.txt.gz,5,19425
2021-08,downloads,/spa/data/graph_018.txt.gz,5,134565
2021-08,downloads,/spa/data/graph_011.txt.gz,5,95930
2021-08,downloads,/spa/data/graph_025.txt.gz,5,223345
2021-08,downloads,/spa/data/graph_046.txt.gz,5,778138
2021-08,downloads,/spa/data/graph_059.txt.gz,5,1555041
2021-08,downloads,/spa/data/graph_055.txt.gz,5,794456
2021-08,downloads,/license.txt,5,41630
2021-08,downloads,/spa/data/graph_047.txt.gz,5,591172
2021-08,downloads,/spa/data/graph_001.txt.gz,5,8890
2021-08,downloads,/spa/data/graph_028.txt.gz,5,309505
2021-08,downloads,/spa/data/graph_038.txt.gz,5,538466
2021-08,downloads,/spa/data/graph_033.txt.gz,5,423855
2021-08,downloads,/spa/data/graph_029.txt.gz,5,314760
2021-08,downloads,/spa/data/graph_040.txt.gz,5,585022
2021-08,downloads,/spa/data/graph_034.txt.gz,5,436040
2021-08,downloads,/spa/data/graph_027.txt.gz,5,289864
2021-08,downloads,/spa/data/graph_008.txt.gz,5,73665
2021-08,downloads,/spa/data/graph_053.txt.gz,5,988460
2021-08,downloads,/spa/data/graph_006.txt.gz,4,58616
2021-08,downloads,/spa/data/graph_023.txt.gz,4,165092
2021-08,downloads,/spa/data/graph_036.txt.gz,4,384822
2021-08,downloads,/spa/data/graph_010.txt.gz,4,70660
2021-08,downloads,/spa/data/graph_042.txt.gz,4,460034
2021-08,downloads,/spa/data/graph_052.txt.gz,4,695806
2021-08,downloads,/spa/data/graph_048.txt.gz,4,579780
2021-08,downloads,/download/20/articles/1061/xml-2.zip,4,23228
2021-08,downloads,/download/20/articles/1058/urdf.zip,4,47088
2021-08,downloads,/spa/data/graph_044.txt.gz,4,501770
2021-08,downloads,/spa/data/graph_056.txt.gz,4,731684
2021-08,downloads,/spa/data/graph_014.txt.gz,4,78568
2021-08,downloads,/spa/data/graph_035.txt.gz,4,397645
2021-08,downloads,/spa/data/graph_043.txt.gz,4,627272
2021-08,downloads,/spa/data/graph_061.txt.gz,4,963814
2021-08,downloads,/spa/data/graph_045.txt.gz,4,502168
2021-08,downloads,/spa/data/graph_051.txt.gz,4,832764
2021-08,downloads,/spa/data/graph_049.txt.gz,4,790868
2021-08,downloads,/spa/data/graph_058.txt.gz,4,986226
2021-08,downloads,/pdf/QUTSchoolCaptainsDinner2017.pdf,2,179089606
2021-08,downloads,/download/19/toolbox/1011/robot-10-3-1.zip,2,76
2021-08,downloads,/.well-known/security.txt,1,107
2021-08,downloads,/SMTB/spatialmath.pdf,1,3003132
2021-08,downloads,/download/28/mvtb/1113/images-for-rvc2-extra-image-sequences-for-ch-14.zip,1,75
2021-08,downloads,/download/28/mvtb/1112/images-for-rvc2.zip,1,75
2021-08,downloads,/book_comic.pdf,1,107
2021-08,downloads,/files/MVTB/contrib2.zip,0,1695331
2021-08,urls,/download/28/mvtb/1109/mvtb-4-3.mltbx,152,9571023003
2021-08,urls,/download/20/articles/1056/sincos.mlx,3,14427
2022-08,downloads,/download/20/articles/1058/urdf.zip,1390,16363080
2022-08,downloads,/RTB/robot.pdf,561,4840071870
2022-08,downloads,/MVTB/vision.pdf,456,3566679620
2022-08,downloads,/download/28/mvtb/1181/contrib2.zip,240,1091282107
2022-08,downloads,/bluebook/book.pdf,179,789789731
2022-08,downloads,/download/31/python-tools/1349/python_toolbox_icra_2021.pdf,167,94292700
2022-08,downloads,/RTB/ARA95.pdf,165,15753877
2022-08,downloads,/download/30/rvc2/1182/solutions.pdf,107,96956294
2022-08,downloads,/download/27/rtb/1011/robot-10-3-1.zip,107,188025057582
2022-08,downloads,/download/20/articles/1059/urdf-2.pdf,89,65028773
2022-08,downloads,/doc/simple_systematic.pdf,76,18557469
2022-08,downloads,/download/31/python-tools/1296/python_toolbox_icra_2020-5.pdf,74,2496
2022-08,downloads,/download/30/rvc2/1208/rvc2-livescripts.zip,72,3711845086
2022-08,downloads,/download/20/articles/1079/the-bones-of-descartes.pdf,58,20324374
2022-08,downloads,/download/29/books/1256/corke-bluebook.pdf,56,154047719
2022-08,downloads,/download/20/articles/1041/ets_jacobian.pdf,55,12695730
2022-08,downloads,/download/20/articles/1064/rtb_4dof.pdf,54,44018902
2022-08,downloads,/download/20/articles/1063/rtb_real_robot.pdf,45,32618432
2022-08,downloads,/download/20/articles/1062/rtb_dh.pdf,43,14769093
2022-08,downloads,/download/20/articles/1057/prcurves.pdf,41,6931874
2022-08,downloads,/download/20/articles/1060/xml.pdf,36,3676060
2022-08,downloads,/files/MVTB/images-RVC2b.zip,36,7732552597
2022-08,downloads,/download/27/rtb/1351/robot-9-10.zip,25,3438948068
2022-08,downloads,/download/20/articles/1055/solving-trig.pdf,24,3356526
2022-08,downloads,/files/MVTB/images-RVC2a.zip,23,1961805579
2022-08,downloads,/axes.pdf,19,821184
2022-08,downloads,/wp-includes/ID3/license.txt,19,2102
2022-08,downloads,/axes/paper-axes2-grey.pdf,16,758016
2022-08,downloads,/RTB/r9/robot.pdf,15,135093130
2022-08,downloads,/download/32/documents/1317/aim-177.pdf,14,133520016
2022-08,downloads,/suttor/GeorgeAndSarahSuttorBook-index.pdf,10,1894639
2022-08,downloads,/download/28/mvtb/1087/vision-4-3.zip,10,635713784
2022-08,downloads,/download/27/rtb/1050/rtb-manual.pdf,9,865
2022-08,downloads,/download/20/articles/1193/unimate-puma-servo-system-exposed.pdf,8,262639221
2022-08,downloads,/MVTB/r3/vision.pdf,7,65050520
2022-08,downloads,/download/30/rvc2/1184/rvc2-svg.zip,7,601325172
2022-08,downloads,/download/20/articles/1061/xml-2.zip,7,40649
2022-08,downloads,/download/20/articles/1054/insertion.pdf,6,631677
2022-08,downloads,/suttor/GeorgeAndSarahSuttorBook-TOC.pdf,6,426576
2022-08,downloads,/RVC1/top/toc/toc.pdf,6,534024
2022-08,downloads,/spa/data/graph_030.txt.gz,6,602903
2022-08,downloads,/download/30/rvc2/1183/rvc2-eps.zip,6,963429004
2022-08,downloads,/axes/paper-axes2-red.pdf,5,284237
2022-08,downloads,/wp-content/uploads/2020/01/book.pdf,5,21024628
2022-08,downloads,/spa/data/graph_041.txt.gz,5,854196
2022-08,downloads,/spa/data/graph_054.txt.gz,5,1569114
2022-08,downloads,/spa/data/graph_021.txt.gz,5,214722
2022-08,downloads,/spa/data/graph_013.txt.gz,5,115116
2022-08,downloads,/spa/data/graph_023.txt.gz,4,288911
2022-08,downloads,/spa/data/graph_036.txt.gz,4,613794
2022-08,downloads,/spa/data/graph_043.txt.gz,4,940908
2022-08,downloads,/files/MVTB/images1.zip,4,183176282
2022-08,downloads,/axes/paper-axes2-green.pdf,4,252560
2022-08,downloads,/spa/data/graph_034.txt.gz,4,436040
2022-08,downloads,/spa/data/graph_037.txt.gz,4,533067
2022-08,downloads,/spa/data/graph_051.txt.gz,4,1303670
2022-08,downloads,/spa/data/graph_027.txt.gz,4,311130
2022-08,downloads,/spa/data/graph_009.txt.gz,3,65672
2022-08,downloads,/spa/data/graph_031.txt.gz,3,588756
2022-08,downloads,/spa/data/graph_042.txt.gz,3,559620
2022-08,downloads,/spa/data/graph_044.txt.gz,3,803865
2022-08,downloads,/spa/data/graph_032.txt.gz,3,421890
2022-08,downloads,/spa/data/graph_045.txt.gz,3,665291
2022-08,downloads,/spa/data/graph_029.txt.gz,3,314760
2022-08,downloads,/spa/data/graph_040.txt.gz,3,704795
2022-08,downloads,/spa/data/graph_053.txt.gz,3,1077648
2022-08,downloads,/spa/data/graph_057.txt.gz,3,1224788
2022-08,downloads,/spa/data/graph_010.txt.gz,3,88325
2022-08,downloads,/files/MVTB/contrib2.zip,3,21160482
2022-08,downloads,/spa/data/graph_035.txt.gz,3,410044
2022-08,downloads,/spa/data/graph_028.txt.gz,3,247604
2022-08,downloads,/spa/data/graph_008.txt.gz,3,58932
2022-08,downloads,/spa/data/graph_003.txt.gz,2,16400
2022-08,downloads,/spa/data/graph_018.txt.gz,2,80739
2022-08,downloads,/pdf/book_comic.pdf,2,14370218
2022-08,downloads,/spa/data/graph_022.txt.gz,2,115929
2022-08,downloads,/spa/data/graph_055.txt.gz,2,884087
2022-08,downloads,/axes/paper-axes2-blue.pdf,2,189552
2022-08,downloads,/spa/data/graph_047.txt.gz,2,739976
2022-08,downloads,/RVC1/top/errata/pumaaxis.pdf,2,47898
2022-08,downloads,/spa/data/graph_024.txt.gz,2,172400
2022-08,downloads,/spa/data/graph_033.txt.gz,2,339084
2022-08,downloads,/.env.txt,2,214
2022-08,downloads,/spa/data/graph_061.txt.gz,2,767313
2022-08,downloads,/spa/data/graph_058.txt.gz,2,1579236
2022-08,downloads,/spa/data/graph_015.txt.gz,2,83256
2022-08,downloads,/spa/data/graph_060.txt.gz,2,1089243
2022-08,downloads,/.well-known/security.txt,2,214
2022-08,downloads,/pdf/QUTSchoolCaptainsDinner2017.pdf,2,89544910
2022-08,downloads,/spa/data/graph_020.txt.gz,2,111114
2022-08,downloads,/spa/data/graph_017.txt.gz,2,76692
2022-08,downloads,/spa/data/graph_056.txt.gz,2,802614
2022-08,downloads,/spa/data/graph_039.txt.gz,2,405612
2022-08,downloads,/spa/data/graph_001.txt.gz,2,7112
2022-08,downloads,/spa/data/graph_049.txt.gz,2,545215
2022-08,downloads,/corke.zip,1,107
2022-08,downloads,/peterco.zip,1,107
2022-08,downloads,/download/19/toolbox/1112/images-for-rvc2.zip,1,61
2022-08,downloads,/download/26/smtb/1049/smtb-manual.pdf,1,75
2022-08,downloads,/paper-axes2-blue.pdf,1,107
2022-08,downloads,/etercorke.zip,1,107
2022-08,downloads,/e.zip,1,107
2022-08,downloads,/axes/paper-axes.pdf,1,107
2022-08,downloads,/ke.zip,1,107
2022-08,downloads,/spa/data/graph_011.txt.gz,1,38372
2022-08,downloads,/petercork.zip,1,107
2022-08,downloads,/spa/data/graph_025.txt.gz,1,134007
2022-08,downloads,/spa/data/graph_050.txt.gz,1,504028
2022-08,downloads,/tercorke.zip,1,107
2022-08,downloads,/doc/rtb_dh.pdf,1,107
2022-08,downloads,/p.zip,1,107
2022-08,downloads,/orke.zip,1,107
2022-08,downloads,/wp-content/plugins/tatsu/readme.txt,1,107
2022-08,downloads,//wp-includes/ID3/license.txt,1,1361
2022-08,downloads,/ercorke.zip,1,107
2022-08,downloads,/download/19/toolbox/1011/robot-10-3-1.zip,1,61
2022-08,downloads,/spa/data/graph_006.txt.gz,1,43962
2022-08,downloads,/peterc.zip,1,107
2022-08,downloads,/spa/data/graph_005.txt.gz,1,28432
2022-08,downloads,/download/19/toolbox/1113/images-for-rvc2-extra-image-sequences-for-ch-14.zip,1,61
2022-08,downloads,/wp-content/plugins/tatsu/README.txt,1,107
2022-08,downloads,/rke.zip,1,107
2022-08,downloads,/spa/data/graph_026.txt.gz,1,115812
2022-08,downloads,/spa/data/graph_002.txt.gz,1,15540
2022-08,downloads,/doc/descartes.pdf,1,107
2022-08,downloads,/spa/data/graph_004.txt.gz,1,17520
2022-08,downloads,/peter.zip,1,107
2022-08,downloads,/spa/data/graph_016.txt.gz,1,52038
2022-08,downloads,/spa/data/graph_012.txt.gz,1,57558
2022-08,downloads,/spa/data/graph_007.txt.gz,1,29368
2022-08,downloads,/spa/data/graph_046.txt.gz,1,343996
2022-08,downloads,/spa/data/graph_052.txt.gz,1,773373
2022-08,downloads,/spa/data/graph_048.txt.gz,1,383172
2022-08,downloads,/spa/data/graph_059.txt.gz,1,741782
2022-08,downloads,/rcorke.zip,1,107
2022-08,downloads,/pete.zip,1,107
2022-08,downloads,/RTB/r8/robot.zip,1,2514424
2022-08,downloads,/spa/data/graph_014.txt.gz,1,58926
2022-08,downloads,/wp-content/plugins/wpdiscuz/readme.txt,1,107
2022-08,downloads,/spa/data/graph_038.txt.gz,1,238828
2022-08,downloads,/petercorke.zip,1,107
2022-08,downloads,/spa/data/graph_019.txt.gz,1,107308
2022-08,downloads,/RTB/r4/robot.zip,0,992116
2022-08,downloads,/files/Octave.zip,0,80393
2022-08,downloads,/RTB/r7/robot.zip,0,1703692
2022-08,downloads,/RTB/r6/robot.zip,0,195140
2022-08,urls,/download/28/mvtb/1109/mvtb-4-3.mltbx,154,9090358463
2022-08,urls,/download/27/rtb/1045/rtb10-4-mltbx.mltbx,1,64
2022-08,urls,/RVC/rvc.bib,1,107
2022-08,urls,/download/20/articles/1056/sincos.mlx,6,28854
2023-08,downloads,/MVTB/vision.pdf,457,2814855293
2023-08,downloads,/RTB/robot.pdf,426,2750964897
2023-08,downloads,/bluebook/book.pdf,256,743509895
2023-08,downloads,/download/31/python-tools/1349/python_toolbox_icra_2021.pdf,212,118845474
2023-08,downloads,/download/28/mvtb/1181/contrib2.zip,185,892020047
2023-08,downloads,/download/27/rtb/1011/robot-10-3-1.zip,176,3493636676
2023-08,downloads,/files/MVTB/images-RVC2a.zip,172,11798780531
2023-08,downloads,/download/30/rvc2/1182/solutions.pdf,163,145592584
2023-08,downloads,/RTB/ARA95.pdf,147,11079348
2023-08,downloads,/download/20/articles/1062/rtb_dh.pdf,81,30292901
2023-08,downloads,/download/29/books/1256/corke-bluebook.pdf,81,221938597
2023-08,downloads,/files/MVTB/images-RVC2b.zip,80,18719601492
2023-08,downloads,/doc/simple_systematic.pdf,66,11761461
2023-08,downloads,/download/20/articles/1059/urdf-2.pdf,62,46755170
2023-08,downloads,/download/30/rvc2/1208/rvc2-livescripts.zip,59,1454850601
2023-08,downloads,/download/20/articles/1063/rtb_real_robot.pdf,56,40060739
2023-08,downloads,/MVTB/r3/vision.pdf,46,285173972
2023-08,downloads,/download/20/articles/1057/prcurves.pdf,45,7772657
2023-08,downloads,/download/27/rtb/1351/robot-9-10.zip,39,714627728
2023-08,downloads,/download/20/articles/1041/ets_jacobian.pdf,38,9134286
2023-08,downloads,/axes.pdf,30,758016
2023-08,downloads,/download/20/articles/1060/xml.pdf,29,3021006
2023-08,downloads,/RTB/r9/robot.pdf,27,198763356
2023-08,downloads,/axes/paper-axes2-grey.pdf,27,872064
2023-08,downloads,/download/32/documents/1317/aim-177.pdf,25,206783184
2023-08,downloads,/download/20/articles/1079/the-bones-of-descartes.pdf,25,8439275
2023-08,downloads,/download/20/articles/1064/rtb_4dof.pdf,24,18722995
2023-08,downloads,/download/30/rvc2/1184/rvc2-svg.zip,22,410889473
2023-08,downloads,/download/30/rvc2/1183/rvc2-eps.zip,22,866230341
2023-08,downloads,/download/20/articles/1055/solving-trig.pdf,21,3064173
2023-08,downloads,/download/31/python-tools/1296/python_toolbox_icra_2020-5.pdf,19,562
2023-08,downloads,/download/28/mvtb/1087/vision-4-3.zip,19,869329330
2023-08,downloads,/axes/paper-axes2-red.pdf,17,537715
2023-08,downloads,/download/20/articles/1058/urdf.zip,16,164944
2023-08,downloads,/RVC1/top/toc/toc.pdf,16,1069073
2023-08,downloads,/suttor/GeorgeAndSarahSuttorBook-index.pdf,14,2544295
2023-08,downloads,/axes/paper-axes2-green.pdf,13,410410
2023-08,downloads,/axes/paper-axes2-blue.pdf,11,347512
2023-08,downloads,/suttor/GeorgeAndSarahSuttorBook-TOC.pdf,10,710960
2023-08,downloads,/wp-content/uploads/2020/01/book.pdf,9,27900864
2023-08,downloads,/download/20/articles/1193/unimate-puma-servo-system-exposed.pdf,8,98648947
2023-08,downloads,/files/images/bridge-l.zip,8,542826258
2023-08,downloads,/download/20/articles/1054/insertion.pdf,8,884344
2023-08,downloads,/files/MVTB/images1.zip,6,364649858
2023-08,downloads,/pdf/book_comic.pdf,5,23950185
2023-08,downloads,/sitemap.txt,4,496
2023-08,downloads,/RVC1/top/errata/pumaaxis.pdf,4,95796
2023-08,downloads,/spa/data/graph_035.txt.gz,4,410044
2023-08,downloads,/download/28/mvtb/1181/contrib.zip,4,14993685
2023-08,downloads,/spa/data/graph_005.txt.gz,3,42648
2023-08,downloads,/spa/data/graph_004.txt.gz,3,17520
2023-08,downloads,/spa/data/graph_046.txt.gz,3,515994
2023-08,downloads,/spa/data/graph_001.txt.gz,3,5334
2023-08,downloads,/spa/data/graph_006.txt.gz,2,29308
2023-08,downloads,/spa/data/graph_015.txt.gz,2,55504
2023-08,downloads,/spa/data/graph_023.txt.gz,2,82546
2023-08,downloads,/spa/data/graph_036.txt.gz,2,204598
2023-08,downloads,/spa/data/graph_030.txt.gz,2,172258
2023-08,downloads,/spa/data/graph_060.txt.gz,2,745576
2023-08,downloads,/spa/data/graph_003.txt.gz,2,10862
2023-08,downloads,/spa/data/graph_037.txt.gz,2,213184
2023-08,downloads,/spa/data/graph_002.txt.gz,2,7770
2023-08,downloads,/spa/data/graph_018.txt.gz,2,53826
2023-08,downloads,/spa/data/graph_020.txt.gz,2,74076
2023-08,downloads,/spa/data/graph_050.txt.gz,2,504028
2023-08,downloads,/spa/data/graph_010.txt.gz,2,35330
2023-08,downloads,/spa/data/graph_012.txt.gz,2,38372
2023-08,downloads,/spa/data/graph_007.txt.gz,2,29368
2023-08,downloads,/spa/data/graph_048.txt.gz,2,383172
2023-08,downloads,/spa/data/graph_059.txt.gz,2,741782
2023-08,downloads,/spa/data/graph_017.txt.gz,2,51128
2023-08,downloads,/spa/data/graph_055.txt.gz,2,524120
2023-08,downloads,/spa/data/graph_044.txt.gz,2,321546
2023-08,downloads,/files/images/bridge-r.zip,2,243524676
2023-08,downloads,/spa/data/graph_047.txt.gz,2,369988
2023-08,downloads,/spa/data/graph_028.txt.gz,2,123802
2023-08,downloads,/spa/data/graph_038.txt.gz,2,238828
2023-08,downloads,/spa/data/graph_033.txt.gz,2,169542
2023-08,downloads,/spa/data/graph_061.txt.gz,2,767206
2023-08,downloads,/spa/data/graph_019.txt.gz,2,53654
2023-08,downloads,/spa/data/graph_008.txt.gz,2,29466
2023-08,downloads,/spa/data/graph_053.txt.gz,2,538824
2023-08,downloads,/spa/data/graph_009.txt.gz,1,16418
2023-08,downloads,/spa/data/graph_057.txt.gz,1,306197
2023-08,downloads,/spa/data/graph_013.txt.gz,1,19186
2023-08,downloads,/spa/data/graph_026.txt.gz,1,57906
2023-08,downloads,/spa/data/graph_011.txt.gz,1,19186
2023-08,downloads,/spa/data/graph_016.txt.gz,1,26019
2023-08,downloads,/spa/data/graph_031.txt.gz,1,84108
2023-08,downloads,/spa/data/graph_041.txt.gz,1,142366
2023-08,downloads,/spa/data/graph_025.txt.gz,1,44669
2023-08,downloads,/spa/data/graph_054.txt.gz,1,261519
2023-08,downloads,/spa/data/graph_042.txt.gz,1,139905
2023-08,downloads,/spa/data/graph_052.txt.gz,1,257791
2023-08,downloads,/spa/data/graph_022.txt.gz,1,38643
2023-08,downloads,/download/20/articles/1061/xml-2.zip,1,5807
2023-08,downloads,/humans.txt,1,124
2023-08,downloads,/SMTB/spatialmath.pdf,1,3003132
2023-08,downloads,/doc/rtb_dh.pdf,1,125
2023-08,downloads,/spa/data/graph_056.txt.gz,1,267538
2023-08,downloads,/files/images/LeftBag.mpg,1,17201025
2023-08,downloads,/RTB/r8/robot.zip,1,103802
2023-08,downloads,/spa/data/graph_039.txt.gz,1,135204
2023-08,downloads,/spa/data/graph_021.txt.gz,1,35787
2023-08,downloads,/spa/data/graph_014.txt.gz,1,19642
2023-08,downloads,/spa/data/graph_043.txt.gz,1,156818
2023-08,downloads,/ads.txt,1,118
2023-08,downloads,/download/28/mvtb/1181/contri.zip,1,4965306
2023-08,downloads,/spa/data/graph_024.txt.gz,1,43100
2023-08,downloads,/spa/data/graph_032.txt.gz,1,84378
2023-08,downloads,/wp-content/plugins/wordpress-seo/css/main-sitemap.xsl,1,1162
2023-08,downloads,/spa/data/graph_029.txt.gz,1,62952
2023-08,downloads,/spa/data/graph_045.txt.gz,1,166296
2023-08,downloads,/spa/data/graph_051.txt.gz,1,260734
2023-08,downloads,/spa/data/graph_040.txt.gz,1,140959
2023-08,downloads,/spa/data/graph_034.txt.gz,1,87208
2023-08,downloads,/the_story.pdf,1,113
2023-08,downloads,/spa/data/graph_027.txt.gz,1,62226
2023-08,downloads,/spa/data/graph_049.txt.gz,1,272554
2023-08,downloads,/spa/data/graph_058.txt.gz,1,394809
2023-08,urls,/download/28/mvtb/1109/mvtb-4-3.mltbx,323,20923721662
2023-08,urls,/download/27/rtb/1045/rtb10-4-mltbx.mltbx,1,98
2023-08,urls,/download/20/articles/1056/sincos.mlx,1,4809
2024-08,downloads,/MVTB/vision.pdf,390,2504497907
2024-08,downloads,/RTB/robot.pdf,386,2606560372
2024-08,downloads,/bluebook/book.pdf,334,1095194412
2024-08,downloads,/download/27/rtb/1011/robot-10-3-1.zip,329,6141850078
2024-08,downloads,/RTB/ARA95.pdf,245,14108856
2024-08,downloads,/download/20/articles/1062/rtb_dh.pdf,233,87337092
2024-08,downloads,/download/31/python-tools/1349/python_toolbox_icra_2021.pdf,152,86047227
2024-08,downloads,/doc/simple_systematic.pdf,134,23682236
2024-08,downloads,/download/30/rvc2/1182/solutions.pdf,115,105255346
2024-08,downloads,/download/20/articles/1063/rtb_real_robot.pdf,113,93528617
2024-08,downloads,/download/29/books/1256/corke-bluebook.pdf,104,307262424
2024-08,downloads,/RTB/r9/robot.pdf,83,620002430
2024-08,downloads,/download/30/rvc2/1208/rvc2-livescripts.zip,63,1556937986
2024-08,downloads,/download/27/rtb/1351/robot-9-10.zip,63,1100081684
2024-08,downloads,/download/20/articles/1057/prcurves.pdf,61,10460487
2024-08,downloads,/download/20/articles/1059/urdf-2.pdf,50,37072056
2024-08,downloads,/wp-content/uploads/2020/01/book.pdf,39,120903744
2024-08,downloads,/download/20/articles/1064/rtb_4dof.pdf,39,35901043
2024-08,downloads,/download/20/articles/1041/ets_jacobian.pdf,32,7745352
2024-08,downloads,/download/28/mvtb/1181/contrib2.zip,29,142505578
2024-08,downloads,/axes.pdf,28,758016
2024-08,downloads,/download/32/documents/1317/aim-177.pdf,28,240366833
2024-08,downloads,/download/20/articles/1079/the-bones-of-descartes.pdf,25,9420034
2024-08,downloads,/download/31/python-tools/1296/python_toolbox_icra_2020-5.pdf,25,757
2024-08,downloads,/files/MVTB/images-RVC2a.zip,22,1573751300
2024-08,downloads,/MVTB/r3/vision.pdf,20,125783496
2024-08,downloads,/files/MVTB/images-RVC2b.zip,19,4418415989
2024-08,downloads,/download/30/rvc2/1183/rvc2-eps.zip,18,807140776
2024-08,downloads,/download/20/articles/1060/xml.pdf,17,1784762
2024-08,downloads,/download/20/articles/1058/urdf.zip,17,188352
2024-08,downloads,/axes/paper-axes2-grey.pdf,15,473760
2024-08,downloads,/axes/paper-axes2-red.pdf,14,441980
2024-08,downloads,/axes/paper-axes2-blue.pdf,14,443313
2024-08,downloads,/download/30/rvc2/1184/rvc2-svg.zip,14,388514568
2024-08,downloads,/download/20/articles/1055/solving-trig.pdf,14,2042782
2024-08,downloads,/axes/paper-axes2-green.pdf,11,347270
2024-08,downloads,/download/20/articles/1193/unimate-puma-servo-system-exposed.pdf,10,216752482
2024-08,downloads,/RVC1/top/toc/toc.pdf,10,667530
2024-08,downloads,/RTB/r6/robot.zip,8,764910
2024-08,downloads,/suttor/GeorgeAndSarahSuttorBook-TOC.pdf,8,568768
2024-08,downloads,/suttor/GeorgeAndSarahSuttorBook-index.pdf,7,1370005
2024-08,downloads,/download/20/articles/1054/insertion.pdf,7,884198
2024-08,downloads,/RTB/r4/robot.zip,6,1118709
2024-08,downloads,/files/MVTB/images1.zip,6,329238056
2024-08,downloads,/RTB/r7/robot.zip,5,2682131
2024-08,downloads,/RTB/r8/robot.zip,5,5073519
2024-08,downloads,/download/28/mvtb/1087/vision-4-3.zip,5,339245510
2024-08,downloads,/spa/data/graph_020.txt.gz,4,148152
2024-08,downloads,/pdf/book_comic.pdf,4,14471961
2024-08,downloads,/spa/data/graph_061.txt.gz,3,857318
2024-08,downloads,/spa/data/graph_049.txt.gz,3,684372
2024-08,downloads,/spa/data/graph_057.txt.gz,3,702506
2024-08,downloads,/spa/data/graph_035.txt.gz,3,295134
2024-08,downloads,/spa/data/graph_054.txt.gz,3,613150
2024-08,downloads,/spa/data/graph_060.txt.gz,3,835688
2024-08,downloads,/spa/data/graph_059.txt.gz,3,831894
2024-08,downloads,/spa/data/graph_055.txt.gz,3,614232
2024-08,downloads,/spa/data/graph_056.txt.gz,3,690724
2024-08,downloads,/spa/data/graph_058.txt.gz,3,945266
2024-08,downloads,/spa/data/graph_043.txt.gz,2,313636
2024-08,downloads,/spa/data/graph_022.txt.gz,2,77286
2024-08,downloads,/spa/data/graph_023.txt.gz,2,82546
2024-08,downloads,/spa/data/graph_015.txt.gz,2,55504
2024-08,downloads,/spa/data/graph_048.txt.gz,2,330850
2024-08,downloads,/spa/data/graph_008.txt.gz,2,29466
2024-08,downloads,/spa/data/graph_040.txt.gz,2,281918
2024-08,downloads,/spa/data/graph_039.txt.gz,2,270408
2024-08,downloads,/spa/data/graph_027.txt.gz,2,124452
2024-08,downloads,/spa/data/graph_013.txt.gz,2,38372
2024-08,downloads,/spa/data/graph_006.txt.gz,2,29308
2024-08,downloads,/spa/data/graph_036.txt.gz,2,204598
2024-08,downloads,/spa/data/graph_005.txt.gz,2,28432
2024-08,downloads,/download/20/articles/1061/xml-2.zip,2,11614
2024-08,downloads,/spa/data/graph_045.txt.gz,2,256408
2024-08,downloads,/spa/data/graph_004.txt.gz,2,11680
2024-08,downloads,/spa/data/graph_018.txt.gz,2,53826
2024-08,downloads,/spa/data/graph_052.txt.gz,2,347903
2024-08,downloads,/spa/data/graph_001.txt.gz,2,3556
2024-08,downloads,/spa/data/graph_024.txt.gz,2,86200
2024-08,downloads,/spa/data/graph_011.txt.gz,2,38372
2024-08,downloads,/spa/data/graph_046.txt.gz,2,262110
2024-08,downloads,/spa/data/graph_038.txt.gz,2,238828
2024-08,downloads,/spa/data/graph_009.txt.gz,2,32836
2024-08,downloads,/spa/data/graph_029.txt.gz,2,125904
2024-08,downloads,/spa/data/graph_053.txt.gz,2,359524
2024-08,downloads,/cv/corke-resume.mov,2,155414
2024-08,downloads,/spa/data/graph_025.txt.gz,2,89338
2024-08,downloads,/spa/data/graph_041.txt.gz,2,232478
2024-08,downloads,/spa/data/graph_014.txt.gz,2,39284
2024-08,downloads,/spa/data/graph_047.txt.gz,2,340642
2024-08,downloads,/spa/data/graph_026.txt.gz,2,115812
2024-08,downloads,/spa/data/graph_028.txt.gz,2,123802
2024-08,downloads,/spa/data/graph_010.txt.gz,2,35330
2024-08,downloads,/spa/data/graph_030.txt.gz,2,172258
2024-08,downloads,/spa/data/graph_032.txt.gz,2,168756
2024-08,downloads,/spa/data/graph_051.txt.gz,2,383614
2024-08,downloads,/spa/data/graph_017.txt.gz,2,51128
2024-08,downloads,/spa/data/graph_012.txt.gz,2,38372
2024-08,downloads,/spa/data/graph_037.txt.gz,2,196704
2024-08,downloads,/spa/data/graph_002.txt.gz,2,7770
2024-08,downloads,/spa/data/graph_003.txt.gz,2,10862
2024-08,downloads,/spa/data/graph_050.txt.gz,2,342126
2024-08,downloads,/spa/data/graph_044.txt.gz,2,321546
2024-08,downloads,/spa/data/graph_007.txt.gz,2,29368
2024-08,downloads,/spa/data/graph_034.txt.gz,2,174416
2024-08,downloads,/spa/data/graph_033.txt.gz,2,169542
2024-08,downloads,/spa/data/graph_016.txt.gz,2,52038
2024-08,downloads,/spa/data/graph_019.txt.gz,2,53654
2024-08,downloads,/spa/data/graph_031.txt.gz,2,168216
2024-08,downloads,/spa/data/graph_042.txt.gz,2,262785
2024-08,downloads,/spa/data/graph_021.txt.gz,1,35787
2024-08,downloads,/RVC1/top/errata/pumaaxis.pdf,1,23949
2024-08,urls,/download/20/articles/1056/sincos.mlx,6,24045
2024-08,urls,/download/28/mvtb/1109/mvtb-4-3.mltbx,117,6533783583
2025-08,downloads,/files/salesrank/salesrank.csv,8772,401790948
2025-08,downloads,/MVTB/vision.pdf,574,3690806658
2025-08,downloads,/bluebook/book.pdf,531,1587820065
2025-08,downloads,/RTB/robot.pdf,369,2627550645
2025-08,downloads,/download/20/articles/1062/rtb_dh.pdf,272,103288163
2025-08,downloads,/download/31/python-tools/1349/python_toolbox_icra_2021.pdf,271,154824381
2025-08,downloads,/doc/simple_systematic.pdf,253,44680877
2025-08,downloads,/RTB/ARA95.pdf,179,12191906
2025-08,downloads,/download/30/rvc2/1182/solutions.pdf,119,103852577
2025-08,downloads,/download/20/articles/1057/prcurves.pdf,107,17796927
2025-08,downloads,/download/20/articles/1063/rtb_real_robot.pdf,90,71603547
2025-08,downloads,/download/20/articles/1041/ets_jacobian.pdf,81,18921809
2025-08,downloads,/download/20/articles/1059/urdf-2.pdf,81,59502667
2025-08,downloads,/download/27/rtb/1011/robot-10-3-1.zip,60,1287036966
2025-08,downloads,/download/29/books/1256/corke-bluebook.pdf,56,155254126
2025-08,downloads,/download/20/articles/1079/the-bones-of-descartes.pdf,40,13193528
2025-08,downloads,/download/20/articles/1064/rtb_4dof.pdf,37,26256804
2025-08,downloads,/MVTB/r3/vision.pdf,36,176832221
2025-08,downloads,/download/20/articles/1058/urdf.zip,35,364932
2025-08,downloads,/download/20/articles/1060/xml.pdf,32,2939608
2025-08,downloads,/download/20/articles/1055/solving-trig.pdf,30,3647825
2025-08,downloads,/axes/paper-axes2-grey.pdf,30,916961
2025-08,downloads,/download/27/rtb/1351/robot-9-10.zip,26,399947169
2025-08,downloads,/download/32/documents/1317/aim-177.pdf,25,165403142
2025-08,downloads,/axes/paper-axes2-red.pdf,25,790275
2025-08,downloads,/axes/paper-axes2-blue.pdf,24,759233
2025-08,downloads,/axes.pdf,23,790625
2025-08,downloads,/download/20/articles/1193/unimate-puma-servo-system-exposed.pdf,22,257273896
2025-08,downloads,/axes/paper-axes2-green.pdf,21,663995
2025-08,downloads,/suttor/GeorgeAndSarahSuttorBook-index.pdf,20,3646386
2025-08,downloads,/download/28/mvtb/1181/contrib2.zip,19,67855480
2025-08,downloads,/RVC1/top/toc/toc.pdf,18,1201554
2025-08,downloads,/files/MVTB/images-RVC2a.zip,18,631459145
2025-08,downloads,/spa/data/graph_011.txt.gz,18,345348
2025-08,downloads,/spa/data/graph_017.txt.gz,17,434588
2025-08,downloads,/download/31/python-tools/1296/python_toolbox_icra_2020-5.pdf,17,625
2025-08,downloads,/spa/data/graph_035.txt.gz,16,1640176
2025-08,downloads,/spa/data/graph_020.txt.gz,16,592608
2025-08,downloads,/spa/data/graph_010.txt.gz,16,282640
2025-08,downloads,/spa/data/graph_045.txt.gz,16,2559579
2025-08,downloads,/spa/data/graph_060.txt.gz,16,5374839
2025-08,downloads,/download/30/rvc2/1208/rvc2-livescripts.zip,16,239430552
2025-08,downloads,/spa/data/graph_028.txt.gz,15,928515
2025-08,downloads,/spa/data/graph_025.txt.gz,15,670035
2025-08,downloads,/spa/data/graph_048.txt.gz,15,2751968
2025-08,downloads,/download/30/rvc2/1183/rvc2-eps.zip,15,487269930
2025-08,downloads,/spa/data/graph_013.txt.gz,14,268604
2025-08,downloads,/spa/data/graph_001.txt.gz,14,24892
2025-08,downloads,/spa/data/graph_039.txt.gz,14,1892856
2025-08,downloads,/spa/data/graph_038.txt.gz,14,1671796
2025-08,downloads,/spa/data/graph_018.txt.gz,14,376782
2025-08,downloads,/spa/data/graph_053.txt.gz,14,3698567
2025-08,downloads,/spa/data/graph_036.txt.gz,14,1432186
2025-08,downloads,/spa/data/graph_022.txt.gz,14,541002
2025-08,downloads,/spa/data/graph_002.txt.gz,14,54390
2025-08,downloads,/spa/data/graph_007.txt.gz,14,205576
2025-08,downloads,/spa/data/graph_033.txt.gz,14,1186794
2025-08,downloads,/files/MVTB/images-RVC2b.zip,13,1279306197
2025-08,downloads,/pdf/book_comic.pdf,13,46395060
2025-08,downloads,/RVC1/top/errata/pumaaxis.pdf,13,311337
2025-08,downloads,/spa/data/graph_037.txt.gz,13,1385696
2025-08,downloads,/spa/data/graph_050.txt.gz,13,3141541
2025-08,downloads,/spa/data/graph_014.txt.gz,13,255346
2025-08,downloads,/spa/data/graph_019.txt.gz,13,348751
2025-08,downloads,/spa/data/graph_046.txt.gz,13,2235974
2025-08,downloads,/spa/data/graph_055.txt.gz,12,3078871
2025-08,downloads,/spa/data/graph_021.txt.gz,12,429444
2025-08,downloads,/spa/data/graph_015.txt.gz,12,333024
2025-08,downloads,/spa/data/graph_003.txt.gz,12,65172
2025-08,downloads,/spa/data/graph_027.txt.gz,12,746712
2025-08,downloads,/spa/data/graph_054.txt.gz,12,3138228
2025-08,downloads,/spa/data/graph_008.txt.gz,12,176796
2025-08,downloads,/spa/data/graph_041.txt.gz,12,1631165
2025-08,downloads,/wp-content/uploads/2020/01/book.pdf,12,37201152
2025-08,downloads,/spa/data/graph_057.txt.gz,12,2972276
2025-08,downloads,/spa/data/graph_004.txt.gz,12,70080
2025-08,downloads,/RTB/r9/robot.pdf,12,53271459
2025-08,downloads,/spa/data/graph_061.txt.gz,12,4012388
2025-08,downloads,/spa/data/graph_006.txt.gz,11,161194
2025-08,downloads,/spa/data/graph_042.txt.gz,11,1538955
2025-08,downloads,/spa/data/graph_044.txt.gz,11,1768503
2025-08,downloads,/suttor/GeorgeAndSarahSuttorBook-TOC.pdf,11,782056
2025-08,downloads,/spa/data/graph_012.txt.gz,11,211046
2025-08,downloads,/spa/data/graph_047.txt.gz,11,2034934
2025-08,downloads,/spa/data/graph_030.txt.gz,11,947419
2025-08,downloads,/spa/data/graph_005.txt.gz,11,156376
2025-08,downloads,/spa/data/graph_059.txt.gz,11,4008969
2025-08,downloads,/spa/data/graph_029.txt.gz,10,629520
2025-08,downloads,/spa/data/graph_031.txt.gz,10,805728
2025-08,downloads,/spa/data/graph_051.txt.gz,10,2379990
2025-08,downloads,/spa/data/graph_009.txt.gz,10,164180
2025-08,downloads,/spa/data/graph_016.txt.gz,10,260190
2025-08,downloads,/spa/data/graph_052.txt.gz,10,2577910
2025-08,downloads,/spa/data/graph_043.txt.gz,10,1568180
2025-08,downloads,/spa/data/graph_026.txt.gz,10,579060
2025-08,downloads,/spa/data/graph_056.txt.gz,9,2079173
2025-08,downloads,/download/20/articles/1054/insertion.pdf,9,1199450
2025-08,downloads,/spa/data/graph_058.txt.gz,9,3098973
2025-08,downloads,/spa/data/graph_034.txt.gz,9,784872
2025-08,downloads,/download/30/rvc2/1184/rvc2-svg.zip,8,164058606
2025-08,downloads,/spa/data/graph_032.txt.gz,8,675024
2025-08,downloads,/spa/data/graph_040.txt.gz,8,1127672
2025-08,downloads,/spa/data/graph_024.txt.gz,8,344800
2025-08,downloads,/RTB/r8/robot.zip,7,7465189
2025-08,downloads,/RTB/r7/robot.zip,6,4717077
2025-08,downloads,/RTB/r6/robot.zip,6,585420
2025-08,downloads,/RTB/r4/robot.zip,6,1488174
2025-08,downloads,/spa/data/graph_049.txt.gz,6,1400718
2025-08,downloads,/files/MVTB/images1.zip,3,118785386
2025-08,downloads,/spa/data/graph_023.txt.gz,3,123819
2025-08,downloads,http://www.petercorke.com/MVTB/vision.pdf,2,13010104
2025-08,downloads,/download/28/mvtb/1087/vision-4-3.zip,2,135698204
2025-08,downloads,http://www.petercorke.com/bluebook/book.pdf,1,3100096
2025-08,downloads,http://www.petercorke.com/RTB/ARA95.pdf,1,75265
2025-08,urls,/download/20/articles/1056/sincos.mlx,12,57708
2025-08,urls,/download/28/mvtb/1109/mvtb-4-3.mltbx,62,2372294906
2026-08,downloads,/RTB/robot.pdf,303,2999968359
2026-08,downloads,/bluebook/book.pdf,263,1080936807
2026-08,downloads,/MVTB/vision.pdf,226,2098780231
2026-08,downloads,/RTB/currentversion.txt,175,875
2026-08,downloads,/RTB/ARA95.pdf,139,10386570
2026-08,downloads,/files/salesrank/salesrank.csv,134,6483858
2026-08,downloads,/doc/simple_systematic.pdf,93,16976455
2026-08,downloads,/RVC1/top/toc/toc.pdf,72,5139981
2026-08,downloads,/axes.pdf,47,1326528
2026-08,downloads,/suttor/GeorgeAndSarahSuttorBook-index.pdf,44,9002890
2026-08,downloads,/RTB/r9/robot.pdf,36,282615250
2026-08,downloads,/RTB/r10/robot.pdf,29,123652984
2026-08,downloads,/suttor/GeorgeAndSarahSuttorBook-TOC.pdf,26,1848496
2026-08,downloads,/axes/paper-axes2-grey.pdf,19,631680
2026-08,downloads,/axes/paper-axes2-blue.pdf,14,473880
2026-08,downloads,/axes/paper-axes2-red.pdf,14,473550
2026-08,downloads,/axes/paper-axes2-green.pdf,13,441980
2026-08,downloads,/RVC1/top/errata/pumaaxis.pdf,13,311337
2026-08,downloads,/MVTB/r3/vision.pdf,13,91070728
2026-08,downloads,/SMTB/spatialmath.pdf,12,39040716
2026-08,downloads,http://www.petercorke.com/RTB/robot.pdf,6,50131020
2026-08,downloads,/RTB/r7/robot.zip,6,3632354
2026-08,downloads,/pdf/book_comic.pdf,6,28740222
2026-08,downloads,/wp-content/uploads/2020/01/book.pdf,4,12400384
2026-08,downloads,/files/images/bridge-l.zip,4,487870548
2026-08,downloads,/files/images/bridge-r.zip,4,487049352
2026-08,downloads,/spa/data/graph_007.txt.gz,4,58736
2026-08,downloads,/spa/data/graph_029.txt.gz,3,188856
2026-08,downloads,/spa/data/graph_058.txt.gz,3,1184427
2026-08,downloads,/RTB/r8/robot.zip,3,3771636
2026-08,downloads,/spa/data/graph_043.txt.gz,3,470454
2026-08,downloads,/spa/data/graph_026.txt.gz,2,115812
2026-08,downloads,/pdf/QUTSchoolCaptainsDinner2017.pdf,2,179089606
2026-08,downloads,/spa/data/graph_011.txt.gz,2,38372
2026-08,downloads,/spa/data/graph_012.txt.gz,2,38372
2026-08,downloads,/wp-content/plugins/wordpress-seo/css/main-sitemap.xsl,2,2968
2026-08,downloads,/spa/data/graph_061.txt.gz,2,767206
2026-08,downloads,/files/MVTB/images-RVC2a.zip,2,253292828
2026-08,downloads,/spa/data/graph_036.txt.gz,2,204598
2026-08,downloads,/spa/data/graph_031.txt.gz,2,168216
2026-08,downloads,/spa/data/graph_027.txt.gz,2,124452
2026-08,downloads,/spa/data/graph_014.txt.gz,2,39284
2026-08,downloads,/spa/data/graph_032.txt.gz,2,168756
2026-08,downloads,/RTB/r4/robot.zip,2,496058
2026-08,downloads,/spa/data/graph_051.txt.gz,2,521468
2026-08,downloads,/spa/data/graph_018.txt.gz,2,53826
2026-08,downloads,/spa/data/graph_033.txt.gz,2,169542
2026-08,downloads,/spa/data/graph_034.txt.gz,2,174416
2026-08,downloads,/cv/corke-resume.mov,2,28777298
2026-08,downloads,/spa/data/graph_025.txt.gz,2,89338
2026-08,downloads,/RTB/r6/robot.zip,2,195140
2026-08,downloads,/spa/data/graph_059.txt.gz,2,741782
2026-08,downloads,/spa/data/graph_021.txt.gz,2,71574
2026-08,downloads,/spa/data/graph_003.txt.gz,2,10862
2026-08,downloads,/spa/data/graph_040.txt.gz,2,281918
2026-08,downloads,/spa/data/graph_022.txt.gz,2,77286
2026-08,downloads,/spa/data/graph_024.txt.gz,2,86200
2026-08,downloads,/spa/data/graph_030.txt.gz,2,172258
2026-08,downloads,/spa/data/graph_001.txt.gz,1,1778
2026-08,downloads,/spa/data/graph_009.txt.gz,1,16418
2026-08,downloads,/spa/data/graph_050.txt.gz,1,252014
2026-08,downloads,/spa/data/graph_006.txt.gz,1,14654
2026-08,downloads,/spa/data/graph_023.txt.gz,1,41273
2026-08,downloads,/spa/data/graph_045.txt.gz,1,166296
2026-08,downloads,/spa/data/graph_037.txt.gz,1,106592
2026-08,downloads,/spa/data/graph_019.txt.gz,1,26827
2026-08,downloads,/spa/data/graph_013.txt.gz,1,19186
2026-08,downloads,/spa/data/graph_046.txt.gz,1,171998
2026-08,downloads,/spa/data/graph_004.txt.gz,1,5840
2026-08,downloads,/RTB/current/robot-9.10.zip,1,20991676
2026-08,downloads,/spa/data/graph_056.txt.gz,1,267538
2026-08,downloads,/spa/data/graph_017.txt.gz,1,25564
2026-08,downloads,/spa/data/graph_049.txt.gz,1,272554
2026-08,downloads,/spa/data/graph_015.txt.gz,1,27752
2026-08,downloads,http://www.petercorke.com/RTB/ARA95.pdf,1,75265
2026-08,downloads,/spa/data/graph_039.txt.gz,1,135204
2026-08,downloads,/spa/data/graph_044.txt.gz,1,160773
2026-08,downloads,/spa/data/graph_041.txt.gz,1,142366
2026-08,downloads,/spa/data/graph_055.txt.gz,1,262060
2026-08,downloads,/spa/data/graph_052.txt.gz,1,257791
2026-08,downloads,/spa/data/graph_035.txt.gz,1,102511
2026-08,downloads,/files/Octave.zip,1,80393
2026-08,downloads,/spa/data/graph_038.txt.gz,1,119414
2026-08,downloads,/spa/data/graph_047.txt.gz,1,184994
2026-08,downloads,/spa/data/graph_028.txt.gz,1,61901
2026-08,downloads,/spa/data/graph_010.txt.gz,1,17665
2026-08,downloads,/spa/data/graph_005.txt.gz,1,14216
2026-08,downloads,/spa/data/graph_048.txt.gz,1,191586
2026-08,downloads,/spa/data/graph_060.txt.gz,1,372788
2026-08,downloads,/spa/data/graph_016.txt.gz,1,26019
2026-08,downloads,/spa/data/graph_054.txt.gz,1,261519
2026-08,downloads,/spa/data/graph_008.txt.gz,1,14733
2026-08,downloads,/spa/data/graph_057.txt.gz,1,306197
2026-08,downloads,/spa/data/graph_042.txt.gz,1,139905
2026-08,downloads,/spa/data/graph_053.txt.gz,1,269412
2026-08,downloads,/spa/data/graph_002.txt.gz,1,3885
2026-08,downloads,/spa/data/graph_020.txt.gz,1,37038
2026-08,downloads,/robots.txt,0,962
2026-08,downloads,http://www.petercorke.com/MVTB/r3/vision.pdf,0,2994520
2021-09,downloads,/download/27/rtb/1011/robot-10-3-1.zip,508,8857347913
2021-09,downloads,/RTB/robot.pdf,490,3694448512
2021-09,downloads,/MVTB/vision.pdf,460,2967934953
2021-09,downloads,/bluebook/book.pdf,395,1205629928
2021-09,downloads,/RTB/ARA95.pdf,325,24461125
2021-09,downloads,/download/31/python-tools/1296/python_toolbox_icra_2020-5.pdf,222,112700481
2021-09,downloads,/download/30/rvc2/1182/solutions.pdf,134,121874831
2021-09,downloads,/doc/simple_systematic.pdf,85,15314948
2021-09,downloads,/download/30/rvc2/1208/rvc2-livescripts.zip,78,1984912596
2021-09,downloads,/download/20/articles/1059/urdf-2.pdf,59,45180424
2021-09,downloads,/axes.pdf,51,1610784
2021-09,downloads,/download/28/mvtb/1181/contrib2.zip,50,206951055
2021-09,downloads,/download/29/books/1256/corke-bluebook.pdf,44,127539925
2021-09,downloads,/files/MVTB/images-RVC2a.zip,38,1730591904
2021-09,downloads,/download/20/articles/1041/ets_jacobian.pdf,37,8889130
2021-09,downloads,/files/MVTB/images-RVC2b.zip,34,5969280472
2021-09,downloads,/download/20/articles/1062/rtb_dh.pdf,29,11372147
2021-09,downloads,/download/20/articles/1060/xml.pdf,29,3044594
2021-09,downloads,/download/20/articles/1079/the-bones-of-descartes.pdf,25,9211637
2021-09,downloads,/download/20/articles/1063/rtb_real_robot.pdf,23,19310104
2021-09,downloads,/RTB/r9/robot.pdf,22,168041500
2021-09,downloads,/axes/paper-axes2-grey.pdf,16,505344
2021-09,downloads,/download/20/articles/1064/rtb_4dof.pdf,14,12038429
2021-09,downloads,/download/20/articles/1054/insertion.pdf,13,1642082
2021-09,downloads,/download/30/rvc2/1184/rvc2-svg.zip,13,298954599
2021-09,downloads,/suttor/GeorgeAndSarahSuttorBook-TOC.pdf,12,853152
2021-09,downloads,/RVC1/top/toc/toc.pdf,12,801036
2021-09,downloads,/download/20/articles/1057/prcurves.pdf,12,2117052
2021-09,downloads,/download/32/documents/1317/aim-177.pdf,11,71251223
2021-09,downloads,/download/30/rvc2/1183/rvc2-eps.zip,11,482004691
2021-09,downloads,/axes/paper-axes2-red.pdf,10,315700
2021-09,downloads,/axes/paper-axes2-green.pdf,10,315700
2021-09,downloads,/download/20/articles/1193/unimate-puma-servo-system-exposed.pdf,8,149037112
2021-09,downloads,/download/20/articles/1058/urdf.zip,8,94176
2021-09,downloads,/axes/paper-axes2-blue.pdf,8,252736
2021-09,downloads,/suttor/GeorgeAndSarahSuttorBook-index.pdf,7,1370005
2021-09,downloads,/MVTB/r3/vision.pdf,7,45535364
2021-09,downloads,/download/20/articles/1055/solving-trig.pdf,7,1021391
2021-09,downloads,/wp-content/uploads/2020/01/book.pdf,6,15663930
2021-09,downloads,/pdf/book_comic.pdf,6,28740222
2021-09,downloads,/spa/data/graph_036.txt.gz,5,487121
2021-09,downloads,/spa/data/graph_005.txt.gz,5,71080
2021-09,downloads,/spa/data/graph_031.txt.gz,5,420540
2021-09,downloads,/spa/data/graph_050.txt.gz,5,936266
2021-09,downloads,/spa/data/graph_010.txt.gz,5,88325
2021-09,downloads,/spa/data/graph_059.txt.gz,5,1309281
2021-09,downloads,/spa/data/graph_039.txt.gz,5,585836
2021-09,downloads,/spa/data/graph_038.txt.gz,5,554850
2021-09,downloads,/spa/data/graph_033.txt.gz,5,423855
2021-09,downloads,/spa/data/graph_008.txt.gz,5,73665
2021-09,downloads,/spa/data/graph_006.txt.gz,4,58616
2021-09,downloads,/spa/data/graph_009.txt.gz,4,65672
2021-09,downloads,/spa/data/graph_060.txt.gz,4,942184
2021-09,downloads,/spa/data/graph_013.txt.gz,4,76744
2021-09,downloads,/spa/data/graph_003.txt.gz,4,21724
2021-09,downloads,/spa/data/graph_004.txt.gz,4,23360
2021-09,downloads,/spa/data/graph_016.txt.gz,4,104076
2021-09,downloads,/spa/data/graph_025.txt.gz,4,178676
2021-09,downloads,/spa/data/graph_020.txt.gz,4,148152
2021-09,downloads,/spa/data/graph_052.txt.gz,4,695806
2021-09,downloads,/spa/data/graph_055.txt.gz,4,876292
2021-09,downloads,/spa/data/graph_044.txt.gz,4,588815
2021-09,downloads,/license.txt,4,33304
2021-09,downloads,/spa/data/graph_035.txt.gz,4,397645
2021-09,downloads,/spa/data/graph_047.txt.gz,4,566596
2021-09,downloads,/spa/data/graph_028.txt.gz,4,247604
2021-09,downloads,/spa/data/graph_024.txt.gz,4,172400
2021-09,downloads,/spa/data/graph_045.txt.gz,4,594736
2021-09,downloads,/RTB/r7/robot.zip,4,3407384
2021-09,downloads,/spa/data/graph_049.txt.gz,4,741716
2021-09,downloads,/spa/data/graph_053.txt.gz,4,735432
2021-09,downloads,/spa/data/graph_058.txt.gz,4,986226
2021-09,downloads,/spa/data/graph_015.txt.gz,3,83256
2021-09,downloads,/spa/data/graph_023.txt.gz,3,123819
2021-09,downloads,/spa/data/graph_057.txt.gz,3,502805
2021-09,downloads,/spa/data/graph_030.txt.gz,3,258387
2021-09,downloads,/spa/data/graph_037.txt.gz,3,286816
2021-09,downloads,/spa/data/graph_026.txt.gz,3,173718
2021-09,downloads,/spa/data/graph_002.txt.gz,3,11655
2021-09,downloads,/spa/data/graph_018.txt.gz,3,80739
2021-09,downloads,/spa/data/graph_011.txt.gz,3,57558
2021-09,downloads,/RTB/r6/robot.zip,3,292710
2021-09,downloads,/spa/data/graph_041.txt.gz,3,338974
2021-09,downloads,/spa/data/graph_054.txt.gz,3,458127
2021-09,downloads,/spa/data/graph_012.txt.gz,3,57558
2021-09,downloads,/spa/data/graph_042.txt.gz,3,369922
2021-09,downloads,/spa/data/graph_007.txt.gz,3,44052
2021-09,downloads,/spa/data/graph_046.txt.gz,3,368606
2021-09,downloads,/spa/data/graph_022.txt.gz,3,115929
2021-09,downloads,/spa/data/graph_048.txt.gz,3,388194
2021-09,downloads,/spa/data/graph_017.txt.gz,3,76692
2021-09,downloads,/spa/data/graph_056.txt.gz,3,464146
2021-09,downloads,/spa/data/graph_021.txt.gz,3,107361
2021-09,downloads,/spa/data/graph_014.txt.gz,3,58926
2021-09,downloads,/spa/data/graph_043.txt.gz,3,403748
2021-09,downloads,/spa/data/graph_001.txt.gz,3,5334
2021-09,downloads,/spa/data/graph_032.txt.gz,3,253134
2021-09,downloads,/spa/data/graph_061.txt.gz,3,580211
2021-09,downloads,/spa/data/graph_029.txt.gz,3,188856
2021-09,downloads,/spa/data/graph_019.txt.gz,3,80481
2021-09,downloads,/spa/data/graph_040.txt.gz,3,321183
2021-09,downloads,/spa/data/graph_051.txt.gz,3,440958
2021-09,downloads,/spa/data/graph_034.txt.gz,3,261624
2021-09,downloads,/spa/data/graph_027.txt.gz,3,186678
2021-09,downloads,/download/20/articles/1061/xml-2.zip,2,11614
2021-09,downloads,/RTB/r8/robot.zip,2,2514424
2021-09,downloads,/RVC1/top/errata/pumaaxis.pdf,2,47898
2021-09,downloads,/download/19/toolbox/1113/images-for-rvc2-extra-image-sequences-for-ch-14.zip,1,61
2021-09,downloads,/download/19/toolbox/1112/images-for-rvc2.zip,1,61
2021-09,downloads,/RTB/r4/robot.zip,1,248029
2021-09,downloads,/petercorke.com.rar,1,107
2021-09,downloads,/files/MVTB/contrib2.zip,1,4965306
2021-09,downloads,/SMTB/spatialmath.pdf,1,3003132
2021-09,downloads,/download/19/toolbox/1011/robot-10-3-1.zip,1,61
2021-09,downloads,/petercorke.com.bz2,1,107
2021-09,urls,/download/28/mvtb/1109/mvtb-4-3.mltbx,265,15954151271
2021-09,urls,/download/20/articles/1056/sincos.mlx,1,4809
2022-09,downloads,/RTB/robot.pdf,899,7389882492
2022-09,downloads,/MVTB/vision.pdf,564,3996694084
2022-09,downloads,/bluebook/book.pdf,283,948361764
2022-09,downloads,/download/30/rvc2/1182/solutions.pdf,256,232598123
2022-09,downloads,/download/27/rtb/1011/robot-10-3-1.zip,235,5331502216
2022-09,downloads,/RTB/ARA95.pdf,209,16617456
2022-09,downloads,/download/31/python-tools/1349/python_toolbox_icra_2021.pdf,155,85288290
2022-09,downloads,/download/30/rvc2/1208/rvc2-livescripts.zip,146,3865581233
2022-09,downloads,/download/20/articles/1059/urdf-2.pdf,117,89582773
2022-09,downloads,/doc/simple_systematic.pdf,114,21592381
2022-09,downloads,/axes.pdf,88,2589888
2022-09,downloads,/download/20/articles/1063/rtb_real_robot.pdf,82,66619144
2022-09,downloads,/download/20/articles/1079/the-bones-of-descartes.pdf,79,29807425
2022-09,downloads,/download/28/mvtb/1181/contrib2.zip,74,330982820
2022-09,downloads,/download/27/rtb/1351/robot-9-10.zip,73,1738531372
2022-09,downloads,/download/27/rtb/1050/rtb-manual.pdf,69,9230
2022-09,downloads,/download/29/books/1256/corke-bluebook.pdf,56,173605376
2022-09,downloads,/download/20/articles/1041/ets_jacobian.pdf,48,11765280
2022-09,downloads,/download/30/rvc2/1183/rvc2-eps.zip,46,2472135319
2022-09,downloads,/files/MVTB/images-RVC2a.zip,46,3705241625
2022-09,downloads,/download/20/articles/1062/rtb_dh.pdf,45,17549261
2022-09,downloads,/files/MVTB/images-RVC2b.zip,44,11525490491
2022-09,downloads,/download/20/articles/1060/xml.pdf,34,3569524
2022-09,downloads,/download/32/documents/1317/aim-177.pdf,33,279637076
2022-09,downloads,/download/20/articles/1064/rtb_4dof.pdf,30,26271964
2022-09,downloads,/download/30/rvc2/1184/rvc2-svg.zip,28,928103185
2022-09,downloads,/download/20/articles/1058/urdf.zip,27,317844
2022-09,downloads,/download/20/articles/1057/prcurves.pdf,23,4057683
2022-09,downloads,/download/31/python-tools/1296/python_toolbox_icra_2020-5.pdf,22,634
2022-09,downloads,/download/28/mvtb/1087/vision-4-3.zip,21,1173814200
2022-09,downloads,/axes/paper-axes2-grey.pdf,20,631680
2022-09,downloads,/download/20/articles/1055/solving-trig.pdf,17,2480521
2022-09,downloads,/download/20/articles/1054/insertion.pdf,16,2021024
2022-09,downloads,/download/20/articles/1193/unimate-puma-servo-system-exposed.pdf,15,329364972
2022-09,downloads,/axes/paper-axes2-red.pdf,12,410410
2022-09,downloads,/axes/paper-axes2-blue.pdf,11,379104
2022-09,downloads,/axes/paper-axes2-green.pdf,11,378840
2022-09,downloads,/RVC1/top/toc/toc.pdf,10,734283
2022-09,downloads,/files/MVTB/images1.zip,10,633418446
2022-09,downloads,/MVTB/r3/vision.pdf,9,52040416
2022-09,downloads,/spa/data/graph_006.txt.gz,7,102578
2022-09,downloads,/suttor/GeorgeAndSarahSuttorBook-index.pdf,7,1370005
2022-09,downloads,/RTB/r9/robot.pdf,7,53467750
2022-09,downloads,/download/20/articles/1061/xml-2.zip,7,40649
2022-09,downloads,/spa/data/graph_059.txt.gz,6,2225346
2022-09,downloads,/spa/data/graph_017.txt.gz,6,153384
2022-09,downloads,/spa/data/graph_038.txt.gz,6,716484
2022-09,downloads,/spa/data/graph_013.txt.gz,5,95930
2022-09,downloads,/spa/data/graph_026.txt.gz,5,289530
2022-09,downloads,/spa/data/graph_004.txt.gz,5,29200
2022-09,downloads,/pdf/book_comic.pdf,5,23950185
2022-09,downloads,/suttor/GeorgeAndSarahSuttorBook-TOC.pdf,5,355480
2022-09,downloads,/spa/data/graph_022.txt.gz,5,193215
2022-09,downloads,/spa/data/graph_044.txt.gz,5,803865
2022-09,downloads,/spa/data/graph_039.txt.gz,5,676020
2022-09,downloads,/RVC1/top/errata/pumaaxis.pdf,5,119745
2022-09,downloads,/spa/data/graph_033.txt.gz,5,423855
2022-09,downloads,/spa/data/graph_061.txt.gz,5,1918015
2022-09,downloads,/spa/data/graph_008.txt.gz,5,73665
2022-09,downloads,/spa/data/graph_003.txt.gz,4,21724
2022-09,downloads,/spa/data/graph_011.txt.gz,4,76744
2022-09,downloads,/spa/data/graph_031.txt.gz,4,336432
2022-09,downloads,/spa/data/graph_041.txt.gz,4,569464
2022-09,downloads,/spa/data/graph_025.txt.gz,4,178676
2022-09,downloads,/spa/data/graph_050.txt.gz,4,1008056
2022-09,downloads,/spa/data/graph_020.txt.gz,4,148152
2022-09,downloads,/spa/data/graph_010.txt.gz,4,70660
2022-09,downloads,/spa/data/graph_012.txt.gz,4,76744
2022-09,downloads,/spa/data/graph_042.txt.gz,4,559620
2022-09,downloads,/spa/data/graph_046.txt.gz,4,687992
2022-09,downloads,/spa/data/graph_048.txt.gz,4,766344
2022-09,downloads,/spa/data/graph_035.txt.gz,4,410044
2022-09,downloads,/spa/data/graph_021.txt.gz,4,143148
2022-09,downloads,/spa/data/graph_043.txt.gz,4,627272
2022-09,downloads,/spa/data/graph_001.txt.gz,4,7112
2022-09,downloads,/spa/data/graph_028.txt.gz,4,247604
2022-09,downloads,/spa/data/graph_024.txt.gz,4,172400
2022-09,downloads,/spa/data/graph_032.txt.gz,4,337512
2022-09,downloads,//wp-includes/ID3/license.txt,4,2870
2022-09,downloads,/spa/data/graph_029.txt.gz,4,251808
2022-09,downloads,/spa/data/graph_051.txt.gz,4,1042936
2022-09,downloads,/spa/data/graph_040.txt.gz,4,563836
2022-09,downloads,/spa/data/graph_034.txt.gz,4,348832
2022-09,downloads,/spa/data/graph_027.txt.gz,4,248904
2022-09,downloads,/spa/data/graph_049.txt.gz,4,1090216
2022-09,downloads,/spa/data/graph_053.txt.gz,4,1077648
2022-09,downloads,/spa/data/graph_058.txt.gz,4,1579236
2022-09,downloads,/spa/data/graph_009.txt.gz,3,49254
2022-09,downloads,/spa/data/graph_015.txt.gz,3,83256
2022-09,downloads,/spa/data/graph_023.txt.gz,3,123819
2022-09,downloads,/spa/data/graph_036.txt.gz,3,306897
2022-09,downloads,/spa/data/graph_057.txt.gz,3,918591
2022-09,downloads,/spa/data/graph_030.txt.gz,3,258387
2022-09,downloads,/spa/data/graph_060.txt.gz,3,1118364
2022-09,downloads,/spa/data/graph_005.txt.gz,3,42648
2022-09,downloads,/spa/data/graph_037.txt.gz,3,319776
2022-09,downloads,/spa/data/graph_018.txt.gz,3,80739
2022-09,downloads,/spa/data/graph_016.txt.gz,3,78057
2022-09,downloads,/spa/data/graph_054.txt.gz,3,784557
2022-09,downloads,/spa/data/graph_007.txt.gz,3,44052
2022-09,downloads,/spa/data/graph_052.txt.gz,3,711781
2022-09,downloads,/spa/data/graph_055.txt.gz,3,786180
2022-09,downloads,/spa/data/graph_056.txt.gz,3,802614
2022-09,downloads,/spa/data/graph_047.txt.gz,3,554982
2022-09,downloads,/spa/data/graph_014.txt.gz,3,58926
2022-09,downloads,/spa/data/graph_019.txt.gz,3,80481
2022-09,downloads,/spa/data/graph_002.txt.gz,2,7770
2022-09,downloads,/RTB/r4/robot.zip,2,496058
2022-09,downloads,/RTB/r6/robot.zip,2,195140
2022-09,downloads,/wp-includes/ID3/license.txt,2,606
2022-09,downloads,/RTB/r8/robot.zip,2,2514424
2022-09,downloads,/files/images/LeftBag.mpg,2,34402050
2022-09,downloads,/spa/data/graph_045.txt.gz,2,332592
2022-09,downloads,/RTB/r7/robot.zip,2,1703692
2022-09,downloads,/pdf/paper-axes.pdf,1,30895
2022-09,downloads,/wp-content/uploads/2020/01/book.pdf,1,3100096
2022-09,downloads,/doc/rtb_dh.pdf,1,107
2022-09,downloads,/license.txt,1,8327
2022-09,downloads,/files/images/traffic_sequence.mpg,1,7949716
2022-09,downloads,/files/MVTB/contrib2.zip,0,15803189
2022-09,urls,/download/28/mvtb/1109/mvtb-4-3.mltbx,389,25305828308
2022-09,urls,/download/27/rtb/1045/rtb10-4-mltbx.mltbx,5,648
2022-09,urls,/download/20/articles/1056/sincos.mlx,6,28854
2023-09,downloads,/RTB/robot.pdf,599,3960505689
2023-09,downloads,/MVTB/vision.pdf,510,3133218281
2023-09,downloads,/download/27/rtb/1011/robot-10-3-1.zip,271,4730367682
2023-09,downloads,/bluebook/book.pdf,263,782860161
2023-09,downloads,/download/31/python-tools/1349/python_toolbox_icra_2021.pdf,176,99729022
2023-09,downloads,/download/30/rvc2/1182/solutions.pdf,165,150546973
2023-09,downloads,/RTB/ARA95.pdf,140,10217828
2023-09,downloads,/download/30/rvc2/1208/rvc2-livescripts.zip,109,2856938186
2023-09,downloads,/doc/simple_systematic.pdf,105,17602492
2023-09,downloads,/download/20/articles/1063/rtb_real_robot.pdf,98,82381694
2023-09,downloads,/download/20/articles/1062/rtb_dh.pdf,83,31574946
2023-09,downloads,/download/20/articles/1059/urdf-2.pdf,82,59868342
2023-09,downloads,/download/28/mvtb/1181/contrib2.zip,78,381966356
2023-09,downloads,/download/29/books/1256/corke-bluebook.pdf,72,213040226
2023-09,downloads,/download/27/rtb/1351/robot-9-10.zip,68,1265730220
2023-09,downloads,/files/MVTB/images-RVC2a.zip,55,3569520129
2023-09,downloads,/files/MVTB/images-RVC2b.zip,50,10021776616
2023-09,downloads,/download/20/articles/1041/ets_jacobian.pdf,44,10571908
2023-09,downloads,/axes.pdf,41,1075009
2023-09,downloads,/RTB/r9/robot.pdf,39,282803679
2023-09,downloads,/download/20/articles/1064/rtb_4dof.pdf,34,29421635
2023-09,downloads,/download/20/articles/1057/prcurves.pdf,33,5746515
2023-09,downloads,/MVTB/r3/vision.pdf,30,188687468
2023-09,downloads,/download/20/articles/1058/urdf.zip,30,317844
2023-09,downloads,/download/20/articles/1060/xml.pdf,24,2479692
2023-09,downloads,/download/20/articles/1055/solving-trig.pdf,23,3129169
2023-09,downloads,/download/30/rvc2/1183/rvc2-eps.zip,22,931118122
2023-09,downloads,/download/20/articles/1079/the-bones-of-descartes.pdf,21,7622035
2023-09,downloads,/download/28/mvtb/1087/vision-4-3.zip,20,1080974741
2023-09,downloads,/download/30/rvc2/1184/rvc2-svg.zip,17,429106815
2023-09,downloads,/download/32/documents/1317/aim-177.pdf,16,114157707
2023-09,downloads,/axes/paper-axes2-grey.pdf,15,493581
2023-09,downloads,/download/20/articles/1193/unimate-puma-servo-system-exposed.pdf,14,273035240
2023-09,downloads,/axes/paper-axes2-blue.pdf,14,411860
2023-09,downloads,/download/31/python-tools/1296/python_toolbox_icra_2020-5.pdf,13,403
2023-09,downloads,/axes/paper-axes2-red.pdf,12,381027
2023-09,downloads,/download/20/articles/1054/insertion.pdf,11,1263291
2023-09,downloads,/files/MVTB/images1.zip,9,358253903
2023-09,downloads,/axes/paper-axes2-green.pdf,9,253724
2023-09,downloads,/spa/data/graph_014.txt.gz,8,157136
2023-09,downloads,/suttor/GeorgeAndSarahSuttorBook-index.pdf,8,1469334
2023-09,downloads,/RVC1/top/toc/toc.pdf,7,467271
2023-09,downloads,/pdf/book_comic.pdf,5,19242118
2023-09,downloads,/spa/data/graph_041.txt.gz,5,711830
2023-09,downloads,/spa/data/graph_042.txt.gz,5,699525
2023-09,downloads,/files/images/bridge-l.zip,5,609838185
2023-09,downloads,/spa/data/graph_034.txt.gz,5,436040
2023-09,downloads,/spa/data/graph_003.txt.gz,4,21724
2023-09,downloads,/spa/data/graph_022.txt.gz,4,154572
2023-09,downloads,/petercorke.tar.gz,4,264
2023-09,downloads,/spa/data/graph_001.txt.gz,4,5475
2023-09,downloads,/1.zip,4,246
2023-09,downloads,/www.petercorke.com.tar.gz,4,272
2023-09,downloads,/bbs.rar,4,252
2023-09,downloads,/com.zip,4,248
2023-09,downloads,/com.rar,4,250
2023-09,downloads,/wp-content/uploads/2020/01/book.pdf,4,12400384
2023-09,downloads,/www.petercorke.com.rar,4,264
2023-09,downloads,/www_petercorke_com.rar,4,268
2023-09,downloads,/download/20/articles/1061/xml-2.zip,4,23228
2023-09,downloads,/petercorke.zip,4,131
2023-09,downloads,/1.tar.gz,4,256
2023-09,downloads,/com.tar.gz,4,256
2023-09,downloads,/bbs.tar.gz,4,258
2023-09,downloads,/1.rar,4,248
2023-09,downloads,/petercorkecom.tar.gz,4,266
2023-09,downloads,/files/images/bridge-r.zip,4,487049352
2023-09,downloads,/spa/data/graph_023.txt.gz,3,123819
2023-09,downloads,/petercorke_com.zip,3,134
2023-09,downloads,/RVC1/top/errata/pumaaxis.pdf,3,71847
2023-09,downloads,/spa/data/graph_021.txt.gz,3,107361
2023-09,downloads,/spa/data/graph_043.txt.gz,3,470454
2023-09,downloads,/wwwpetercorkecom.rar,3,132
2023-09,downloads,/spa/data/graph_029.txt.gz,3,188856
2023-09,downloads,/spa/data/graph_013.txt.gz,3,57558
2023-09,downloads,/wwwpetercorkecom.tar.gz,3,135
2023-09,downloads,/spa/data/graph_016.txt.gz,3,78057
2023-09,downloads,/wwwpetercorkecom.zip,3,134
2023-09,downloads,/spa/data/graph_046.txt.gz,3,515994
2023-09,downloads,/petercorke_com.tar.gz,3,135
2023-09,downloads,/petercorkecom.zip,3,132
2023-09,downloads,/spa/data/graph_025.txt.gz,3,134007
2023-09,downloads,/www.jar,3,375
2023-09,downloads,/spa/data/graph_057.txt.gz,3,918591
2023-09,downloads,/petercorkecom.rar,3,130
2023-09,downloads,/bbs.zip,3,124
2023-09,downloads,/petercorke_com.rar,3,132
2023-09,downloads,/spa/data/graph_039.txt.gz,3,405612
2023-09,downloads,/www_petercorke_com.tar.gz,3,137
2023-09,downloads,/spa/data/graph_020.txt.gz,3,111114
2023-09,downloads,/spa/data/graph_035.txt.gz,3,307533
2023-09,downloads,/spa/data/graph_059.txt.gz,3,1112673
2023-09,downloads,/spa/data/graph_056.txt.gz,3,802614
2023-09,downloads,/engine.tar,2,254
2023-09,downloads,/com.gz,2,246
2023-09,downloads,/2012.tgz,2,250
2023-09,downloads,/w.rar,2,0
2023-09,downloads,/spa/data/graph_009.txt.gz,2,32836
2023-09,downloads,/2020.tar.bz2,2,260
2023-09,downloads,/localhost.tar.bz2,2,266
2023-09,downloads,/install.tar.gz,2,0
2023-09,downloads,/my.tar,2,246
2023-09,downloads,/bin.tgz,2,254
2023-09,downloads,/2010.tar,2,246
2023-09,downloads,/auth.jar,2,246
2023-09,downloads,/2025.tar.bz2,2,262
2023-09,downloads,/2014.tgz,2,250
2023-09,downloads,/\xB7\xFE\xCE\xF1\xB6\xCB.rar,2,0
2023-09,downloads,/2010.rar,2,250
2023-09,downloads,/\xB3\xCC\xD0\xF2.zip,2,0
2023-09,downloads,/asp.jar,2,246
2023-09,downloads,/user.tar.gz,2,258
2023-09,downloads,/bin.gz,2,252
2023-09,downloads,/backups.jar,2,254
2023-09,downloads,/2019.tgz,2,250
2023-09,downloads,/Datadb.rar,2,0
2023-09,downloads,/store.tar.gz,2,260
2023-09,downloads,/engine.tar.tgz,2,262
2023-09,downloads,/game.zip,2,0
2023-09,downloads,/users.7z,2,252
2023-09,downloads,/\xCD\xEA\xD5\xFB.zip,2,0
2023-09,downloads,/\xD0\xC2\xBD\xA8\xCE\xC4\xBC\xFE\xBC\xD0.rar,2,0
2023-09,downloads,/error_log.tar.gz,2,266
2023-09,downloads,/store.rar,2,252
2023-09,downloads,/2017.tar.bz2,2,264
2023-09,downloads,/2024.jar,2,252
2023-09,downloads,/sales.tar,2,248
2023-09,downloads,/2022.tgz,2,250
2023-09,downloads,/2015.tar,2,248
2023-09,downloads,/\xD7\xEE\xD0\xC2\xB0\xE6\xB1\xBE.tar.gz,2,0
2023-09,downloads,/jsp.tar,2,246
2023-09,downloads,/bak.jar,2,244
2023-09,downloads,/local.gz,2,254
2023-09,downloads,/\xD7\xEE\xD0\xC2\xB0\xE6.zip,2,0
2023-09,downloads,/\xCA\xFD\xBE\xDD\xBF\xE2.rar,2,0
2023-09,downloads,/1.tar,2,242
2023-09,downloads,/spa/data/graph_050.txt.gz,2,504028
2023-09,downloads,/orders.tar.tgz,2,262
2023-09,downloads,/2014.tar.bz2,2,262
2023-09,downloads,/2017.tar,2,248
2023-09,downloads,/webroot.zip,2,0
2023-09,downloads,/php.rar,2,250
2023-09,downloads,/2017.zip,2,252
2023-09,downloads,/test.tar,2,250
2023-09,downloads,/2025.tgz,2,252
2023-09,downloads,/wp.gz,2,246
2023-09,downloads,/aspx.7z,2,256
2023-09,downloads,/http.zip,2,0
2023-09,downloads,/bbs.tgz,2,248
2023-09,downloads,/engine.jar,2,254
2023-09,downloads,/zhang.tar.gz,2,0
2023-09,downloads,/files.tar,2,248
2023-09,downloads,/faisunzip.zip,2,260
2023-09,downloads,/com.jar,2,252
2023-09,downloads,/HYTop.mdb.zip,2,0
2023-09,downloads,/bat.rar,2,0
2023-09,downloads,/spa/data/graph_044.txt.gz,2,321546
2023-09,downloads,/orders.tgz,2,256
2023-09,downloads,/media.jar,2,248
2023-09,downloads,/petercorkecom.tar.tgz,2,268
2023-09,downloads,/asp.7z,2,254
2023-09,downloads,/2020.tar.tgz,2,260
2023-09,downloads,/orders.tar.gz,2,260
2023-09,downloads,/user.7z,2,250
2023-09,downloads,/2010.tar.bz2,2,260
2023-09,downloads,/1.gz,2,244
2023-09,downloads,/bin.zip,2,252
2023-09,downloads,/2013.tar.gz,2,260
2023-09,downloads,/2020.tar.gz,2,258
2023-09,downloads,/x.zip,2,0
2023-09,downloads,/engine.tar.bz2,2,262
2023-09,downloads,/dump.jar,2,252
2023-09,downloads,/2020.7z,2,252
2023-09,downloads,/spa/data/graph_033.txt.gz,2,169542
2023-09,downloads,/LeapFTP.tar.gz,2,0
2023-09,downloads,/DBDB.zip,2,0
2023-09,downloads,/wang.zip,2,0
2023-09,downloads,/petercorke.tar.tgz,2,266
2023-09,downloads,/aspx.tar.gz,2,258
2023-09,downloads,/tar.tgz,2,252
2023-09,downloads,/auth.tar.bz2,2,260
2023-09,downloads,/\xD5\xFB\xD5\xBE.tar.gz,2,0
2023-09,downloads,/login.zip,2,0
2023-09,downloads,/test.zip,2,254
2023-09,downloads,/forum.tar.tgz,2,260
2023-09,downloads,/\xD7\xEE\xBA\xF3\xD0\xDE\xB8\xC4\xB0\xE6.zip,2,0
2023-09,downloads,/localhost.tar.gz,2,264
2023-09,downloads,/sales.tar.bz2,2,260
2023-09,downloads,/members.zip,2,258
2023-09,downloads,/2024.rar,2,254
2023-09,downloads,/2023.tar,2,248
2023-09,downloads,/wordpress.tar.bz2,2,266
2023-09,downloads,/wangzhan.zip,2,0
2023-09,downloads,/2023.rar,2,252
2023-09,downloads,/faisunzip.7z,2,262
2023-09,downloads,/upfile.tar.gz,2,0
2023-09,downloads,/localhost.7z,2,260
2023-09,downloads,/spa/data/graph_060.txt.gz,2,745576
2023-09,downloads,/code.gz,2,248
2023-09,downloads,/local.tar,2,252
2023-09,downloads,/add.zip,2,0
2023-09,downloads,/users.tar.tgz,2,262
2023-09,downloads,/main.rar,2,0
2023-09,downloads,/spa/data/graph_037.txt.gz,2,213184
2023-09,downloads,/\xB1\xB8\xB7\xDD.zip,2,0
2023-09,downloads,/2016.rar,2,254
2023-09,downloads,/flashfxp.rar,2,0
2023-09,downloads,/dat.7z,2,248
2023-09,downloads,/2025.rar,2,254
2023-09,downloads,/2016.7z,2,252
2023-09,downloads,/b.zip,2,0
2023-09,downloads,/upfile.rar,2,0
2023-09,downloads,/clients.tar,2,250
2023-09,downloads,/jsp.tar.gz,2,256
2023-09,downloads,/2017.tgz,2,252
2023-09,downloads,/asp.tgz,2,252
2023-09,downloads,/DBDB.tar.gz,2,0
2023-09,downloads,/users.zip,2,252
2023-09,downloads,/g.zip,2,0
2023-09,downloads,/2013.zip,2,252
2023-09,downloads,/user.tgz,2,250
2023-09,downloads,/\xD2\xFD\xC7\xE6.zip,2,0
2023-09,downloads,/vb.gz,2,246
2023-09,downloads,/user.tar.bz2,2,260
2023-09,downloads,/news.rar,2,0
2023-09,downloads,/2025.gz,2,250
2023-09,downloads,/\xD0\xC2\xBD\xA8\xCE\xC4\xBC\xFE\xBC\xD01.zip,2,0
2023-09,downloads,/2022.gz,2,248
2023-09,downloads,/bbs.jar,2,246
2023-09,downloads,/2010.tar.gz,2,258
2023-09,downloads,/2020.tgz,2,250
2023-09,downloads,/\xCD\xF8\xD5\xBE\xB1\xB8\xB7\xDD.tar.gz,2,0
2023-09,downloads,/petercorke_com.tar.tgz,2,272
2023-09,downloads,/php.tar.bz2,2,256
2023-09,downloads,/2021.jar,2,252
2023-09,downloads,/members.gz,2,258
2023-09,downloads,/error_log.zip,2,262
2023-09,downloads,/users.tgz,2,250
2023-09,downloads,/webroot.rar,2,0
2023-09,downloads,/info.zip,2,0
2023-09,downloads,/2016.tar,2,248
2023-09,downloads,/error_log.7z,2,264
2023-09,downloads,/back.jar,2,246
2023-09,downloads,/\xD5\xFB\xD5\xBE.rar,2,0
2023-09,downloads,/\xD0\xC2\xBD\xA8\xCE\xC4\xBC\xFE\xBC\xD01.rar,2,0
2023-09,downloads,/members.tar.gz,2,262
2023-09,downloads,/joomla.tar,2,254
2023-09,downloads,/sales.7z,2,256
2023-09,downloads,/data.jar,2,246
2023-09,downloads,/com.tar,2,244
2023-09,downloads,/asp.tar.gz,2,256
2023-09,downloads,/2011.tgz,2,250
2023-09,downloads,/vb.tar,2,244
2023-09,downloads,/petercorke.tgz,2,260
2023-09,downloads,/spa/data/graph_019.txt.gz,2,53654
2023-09,downloads,/spa/data/graph_051.txt.gz,2,521468
2023-09,downloads,/orders.rar,2,252
2023-09,downloads,/#domainmiddle#.zip,2,0
2023-09,downloads,/manager.rar,2,0
2023-09,downloads,/php.7z,2,250
2023-09,downloads,/local.7z,2,256
2023-09,downloads,/log.tar.gz,2,256
2023-09,downloads,/\xD0\xC2\xBD\xA8\xCE\xC4\xBC\xFE\xBC\xD0.zip,2,0
2023-09,downloads,/js.jar,2,244
2023-09,downloads,/bin.tar.gz,2,256
2023-09,downloads,/2015.tar.bz2,2,264
2023-09,downloads,/orders.tar,2,252
2023-09,downloads,/game.tar.gz,2,0
2023-09,downloads,/2020.jar,2,250
2023-09,downloads,/localhost.zip,2,260
2023-09,downloads,/spa/data/graph_036.txt.gz,2,204598
2023-09,downloads,/wang.tar.gz,2,0
2023-09,downloads,/faisunzip.tar,2,260
2023-09,downloads,/b.tar.gz,2,0
2023-09,downloads,/jsp.rar,2,248
2023-09,downloads,/customers.gz,2,258
2023-09,downloads,/127.0.0.1.zip,2,262
2023-09,downloads,/engine.tar.gz,2,262
2023-09,downloads,/2015.tgz,2,252
2023-09,downloads,/\xCA\xFD\xBE\xDD\xBF\xE2.zip,2,0
2023-09,downloads,/petercorke.rar,2,0
2023-09,downloads,/lexiFlashFXP.rar,2,0
2023-09,downloads,/2012.rar,2,250
2023-09,downloads,/log.jar,2,250
2023-09,downloads,/Datadata.rar,2,0
2023-09,downloads,/bin.7z,2,254
2023-09,downloads,/2014.tar,2,248
2023-09,downloads,/petercorke.tar.bz2,2,266
2023-09,downloads,/2016.tgz,2,252
2023-09,downloads,/2012.tar,2,246
2023-09,downloads,/joomla.tgz,2,258
2023-09,downloads,/my.tar.bz2,2,256
2023-09,downloads,/code.tar.bz2,2,258
2023-09,downloads,/users.gz,2,250
2023-09,downloads,/engine.rar,2,254
2023-09,downloads,/Datadata.tar.gz,2,0
2023-09,downloads,/backup.jar,2,256
2023-09,downloads,/zhang.zip,2,0
2023-09,downloads,/\xB7\xFE\xCE\xF1\xC6\xF7.zip,2,0
2023-09,downloads,/\xB3\xCC\xD0\xF2.rar,2,0
2023-09,downloads,/dat.rar,2,244
2023-09,downloads,/js.tar.bz2,2,258
2023-09,downloads,/hello.zip,2,0
2023-09,downloads,/\xD5\xBE\xB5\xE3.tar.gz,2,0
2023-09,downloads,/faisunzip.tar.gz,2,266
2023-09,downloads,/wwwrool.zip,2,0
2023-09,downloads,/2011.tar,2,246
2023-09,downloads,/wwroot.rar,2,0
2023-09,downloads,/joomla.jar,2,254
2023-09,downloads,/com.tgz,2,248
2023-09,downloads,/clients.zip,2,252
2023-09,downloads,/orders.jar,2,254
2023-09,downloads,/\xB9\xA4\xBE\xDF.zip,2,0
2023-09,downloads,/database1.zip,2,0
2023-09,downloads,/code.tar.tgz,2,260
2023-09,downloads,/asp.tar.tgz,2,260
2023-09,downloads,/2017.jar,2,256
2023-09,downloads,/aspx.gz,2,252
2023-09,downloads,/\xD0\xC2\xB0\xE6\xB1\xBE.tar.gz,2,0
2023-09,downloads,/2024.tgz,2,250
2023-09,downloads,/clients.7z,2,252
2023-09,downloads,/2019.zip,2,252
2023-09,downloads,/2022.rar,2,250
2023-09,downloads,/127.0.0.1.tar.tgz,2,268
2023-09,downloads,/www_petercorke_com.tgz,2,272
2023-09,downloads,/tar.tar.tgz,2,248
2023-09,downloads,/\xD7\xEE\xD0\xC2.zip,2,0
2023-09,downloads,/chengxu.tar.gz,2,0
2023-09,downloads,/my.7z,2,248
2023-09,downloads,/bin.tar.tgz,2,260
2023-09,downloads,/\xCD\xF8\xD5\xBE.rar,2,0
2023-09,downloads,/spa/data/graph_047.txt.gz,2,369988
2023-09,downloads,/2023.tgz,2,250
2023-09,downloads,/Datadata.zip,2,0
2023-09,downloads,/\xCD\xF8\xD5\xBE.zip,2,0
2023-09,downloads,/spa/data/graph_024.txt.gz,2,86200
2023-09,downloads,/com.tar.tgz,2,258
2023-09,downloads,/customers.rar,2,258
2023-09,downloads,/Datadb.tar.gz,2,0
2023-09,downloads,/js.tar.tgz,2,258
2023-09,downloads,/old.jar,2,246
2023-09,downloads,/databackup.tar.gz,2,0
2023-09,downloads,/test.tar.bz2,2,260
2023-09,downloads,/sales.rar,2,252
2023-09,downloads,/auth.tar,2,250
2023-09,downloads,/clients.tar.tgz,2,264
2023-09,downloads,/2015.jar,2,256
2023-09,downloads,/spa/data/graph_058.txt.gz,2,789618
2023-09,downloads,/2014.tar.gz,2,260
2023-09,downloads,/\xCD\xF8\xD5\xBE\xB1\xB8\xB7\xDD.zip,2,0
2023-09,downloads,/lexiFlashFXP.tar.gz,2,0
2023-09,downloads,/media.tar,2,248
2023-09,downloads,/js.gz,2,246
2023-09,downloads,/upfile.zip,2,0
2023-09,downloads,/petercorke_com.7z,2,268
2023-09,downloads,/Datadb.zip,2,0
2023-09,downloads,/\xD5\xBE\xB5\xE3.zip,2,0
2023-09,downloads,/spa/data/graph_030.txt.gz,2,172258
2023-09,downloads,/log.tar.tgz,2,258
2023-09,downloads,/files.zip,2,252
2023-09,downloads,/2018.jar,2,256
2023-09,downloads,/2016.zip,2,252
2023-09,downloads,/orders.7z,2,256
2023-09,downloads,/db.jar,2,244
2023-09,downloads,/#domainunderline#.tar.gz,2,0
2023-09,downloads,/2013.gz,2,250
2023-09,downloads,/wwroot.zip,2,0
2023-09,downloads,/login.tar.gz,2,0
2023-09,downloads,/members.tar.bz2,2,264
2023-09,downloads,/code.jar,2,246
2023-09,downloads,/store.tar.bz2,2,262
2023-09,downloads,/#domainmiddle#.tar.gz,2,0
2023-09,downloads,/members.tar,2,256
2023-09,downloads,/members.rar,2,256
2023-09,downloads,/install.rar,2,0
2023-09,downloads,/\xD7\xEE\xD0\xC2.rar,2,0
2023-09,downloads,/adm.rar,2,0
2023-09,downloads,/media.tar.gz,2,258
2023-09,downloads,/#domainunderline#.zip,2,0
2023-09,downloads,/databackup.rar,2,0
2023-09,downloads,/2017.tar.gz,2,262
2023-09,downloads,/b.rar,2,0
2023-09,downloads,/2015.gz,2,250
2023-09,downloads,/2018.tar.gz,2,262
2023-09,downloads,/manage.rar,2,0
2023-09,downloads,/sales.tar.gz,2,260
2023-09,downloads,/files.rar,2,248
2023-09,downloads,/asp.rar,2,248
2023-09,downloads,/2014.tar.tgz,2,262
2023-09,downloads,/sales.jar,2,248
2023-09,downloads,/forum.zip,2,250
2023-09,downloads,/auth.rar,2,246
2023-09,downloads,/add.rar,2,0
2023-09,downloads,/engine.tgz,2,256
2023-09,downloads,/\xCD\xEA\xD5\xFB.rar,2,0
2023-09,downloads,/\xB8\xFC\xD0\xC2.zip,2,0
2023-09,downloads,/php.tgz,2,248
2023-09,downloads,/banben.rar,2,0
2023-09,downloads,/2024.tar.bz2,2,262
2023-09,downloads,/js.zip,2,248
2023-09,downloads,/database1.tar.gz,2,0
2023-09,downloads,/local.tar.tgz,2,260
2023-09,downloads,/chengxu.zip,2,0
2023-09,downloads,/engine.zip,2,256
2023-09,downloads,/joomla.gz,2,256
2023-09,downloads,/127.0.0.1.tar.bz2,2,268
2023-09,downloads,/2017.7z,2,252
2023-09,downloads,/localhost.tar.tgz,2,266
2023-09,downloads,/files.7z,2,252
2023-09,downloads,/flashfxp.zip,2,0
2023-09,downloads,/2012.tar.gz,2,258
2023-09,downloads,/\xCD\xEA\xD5\xFB.tar.gz,2,0
2023-09,downloads,/2010.tgz,2,250
2023-09,downloads,/jsp.tar.bz2,2,258
2023-09,downloads,/dat.tar.gz,2,256
2023-09,downloads,/code.7z,2,250
2023-09,downloads,/my.gz,2,246
2023-09,downloads,/html.jar,2,244
2023-09,downloads,/js.tar.gz,2,254
2023-09,downloads,/1.7z,2,246
2023-09,downloads,/g.rar,2,0
2023-09,downloads,/\xB8\xFC\xD0\xC2.rar,2,0
2023-09,downloads,/z.tar.gz,2,0
2023-09,downloads,/petercorke_com.gz,2,266
2023-09,downloads,/2011.rar,2,252
2023-09,downloads,/c.zip,2,0
2023-09,downloads,/ww.zip,2,0
2023-09,downloads,/localhost.tgz,2,260
2023-09,downloads,/aspx.zip,2,254
2023-09,downloads,/localhost.tar,2,258
2023-09,downloads,/lf.rar,2,0
2023-09,downloads,/error_log.rar,2,260
2023-09,downloads,/2013.7z,2,252
2023-09,downloads,/2011.tar.gz,2,256
2023-09,downloads,/databak.rar,2,0
2023-09,downloads,/manage.zip,2,0
2023-09,downloads,/dat.tar.bz2,2,258
2023-09,downloads,/2023.tar.bz2,2,260
2023-09,downloads,/store.tar,2,252
2023-09,downloads,/upload.rar,2,0
2023-09,downloads,/news.zip,2,0
2023-09,downloads,/media.tar.tgz,2,262
2023-09,downloads,/2020.gz,2,248
2023-09,downloads,/2017.gz,2,250
2023-09,downloads,/store.jar,2,252
2023-09,downloads,/members.7z,2,260
2023-09,downloads,/\xD0\xDE\xB8\xC4\xB0\xE6.rar,2,0
2023-09,downloads,/aspx.tar.bz2,2,260
2023-09,downloads,/2024.gz,2,250
2023-09,downloads,/2011.gz,2,248
2023-09,downloads,/www_petercorke_com.gz,2,272
2023-09,downloads,/test.jar,2,250
2023-09,downloads,/www.petercorke.com.zip,2,0
2023-09,downloads,/www_petercorke_com.zip,2,0
2023-09,downloads,/\xB7\xFE\xCE\xF1\xB6\xCB.zip,2,0
2023-09,downloads,/archive.jar,2,254
2023-09,downloads,/cms.zip,2,0
2023-09,downloads,/2023.tar.tgz,2,262
2023-09,downloads,/bbs.tar.tgz,2,260
2023-09,downloads,/2015.7z,2,252
2023-09,downloads,/2011.7z,2,252
2023-09,downloads,/spa/data/graph_031.txt.gz,2,168216
2023-09,downloads,/my.tgz,2,246
2023-09,downloads,/vb.rar,2,250
2023-09,downloads,/vb.tar.gz,2,256
2023-09,downloads,/2024.tar.tgz,2,262
2023-09,downloads,/\xB7\xFE\xCE\xF1\xC6\xF7.rar,2,0
2023-09,downloads,/2016.tar.gz,2,262
2023-09,downloads,/1.tar.bz2,2,256
2023-09,downloads,/aspx.tar.tgz,2,260
2023-09,downloads,/2018.zip,2,252
2023-09,downloads,/forum.jar,2,252
2023-09,downloads,/2012.7z,2,250
2023-09,downloads,/HYTop.mdb.tar.gz,2,0
2023-09,downloads,/ww.rar,2,0
2023-09,downloads,/\xCA\xFD\xBE\xDD.rar,2,0
2023-09,downloads,/media.gz,2,254
2023-09,downloads,/2019.gz,2,250
2023-09,downloads,/files.jar,2,248
2023-09,downloads,/error_log.gz,2,262
2023-09,downloads,/localhost.jar,2,258
2023-09,downloads,/engine.7z,2,258
2023-09,downloads,/jsp.tgz,2,248
2023-09,downloads,/orders.gz,2,256
2023-09,downloads,/spa/data/graph_055.txt.gz,2,524120
2023-09,downloads,/media.7z,2,256
2023-09,downloads,/customers.tar.bz2,2,266
2023-09,downloads,/php.gz,2,246
2023-09,downloads,/php.tar.gz,2,256
2023-09,downloads,/orders.tar.bz2,2,262
2023-09,downloads,/flashfxp.tar.gz,2,0
2023-09,downloads,/2018.tar.bz2,2,264
2023-09,downloads,/2013.tar.tgz,2,262
2023-09,downloads,/Datasql.rar,2,0
2023-09,downloads,/2014.jar,2,254
2023-09,downloads,/2024.tar,2,248
2023-09,downloads,/\xD7\xEE\xD0\xC2\xB0\xE6.tar.gz,2,0
2023-09,downloads,/php.zip,2,248
2023-09,downloads,/2019.rar,2,254
2023-09,downloads,/ads.txt,2,182
2023-09,downloads,/vb.tar.tgz,2,258
2023-09,downloads,/2015.tar.gz,2,262
2023-09,downloads,/petercorke_com.jar,2,264
2023-09,downloads,/spa/data/graph_032.txt.gz,2,168756
2023-09,downloads,/2013.jar,2,254
2023-09,downloads,/hello.rar,2,0
2023-09,downloads,/spa/data/graph_061.txt.gz,2,767206
2023-09,downloads,/2022.7z,2,252
2023-09,downloads,/clients.jar,2,250
2023-09,downloads,/2019.tar.gz,2,260
2023-09,downloads,/bbs.gz,2,248
2023-09,downloads,/\xB7\xFE\xCE\xF1\xC6\xF7.tar.gz,2,0
2023-09,downloads,/\xD0\xC2\xB0\xE6\xB1\xBE.rar,2,0
2023-09,downloads,/databack.zip,2,0
2023-09,downloads,/web.jar,2,250
2023-09,downloads,/js.tar,2,244
2023-09,downloads,/spa/data/graph_045.txt.gz,2,332592
2023-09,downloads,/error_log.tar,2,260
2023-09,downloads,/\xD7\xEE\xD0\xC2\xB0\xE6.rar,2,0
2023-09,downloads,/store.7z,2,252
2023-09,downloads,/bbs.tar,2,246
2023-09,downloads,/spa/data/graph_040.txt.gz,2,281918
2023-09,downloads,/wz.rar,2,0
2023-09,downloads,/forum.7z,2,252
2023-09,downloads,/wangzhan.tar.gz,2,0
2023-09,downloads,/wp.tar.gz,2,256
2023-09,downloads,/datad.tar.gz,2,0
2023-09,downloads,/2013.tar,2,248
2023-09,downloads,/2011.jar,2,246
2023-09,downloads,/bat.zip,2,0
2023-09,downloads,/members.tar.tgz,2,264
2023-09,downloads,/2016.tar.tgz,2,264
2023-09,downloads,/lcqc\xB1\xB8\xB7\xDD.tar.gz,2,0
2023-09,downloads,/\xD7\xEE\xD0\xC2\xB0\xE6\xB1\xBE.zip,2,0
2023-09,downloads,/customers.zip,2,260
2023-09,downloads,/spa/data/graph_006.txt.gz,2,29308
2023-09,downloads,/spa/data/graph_015.txt.gz,2,55504
2023-09,downloads,/wwwpetercorkecom.tar,2,264
2023-09,downloads,/wp.7z,2,248
2023-09,downloads,/2025.zip,2,252
2023-09,downloads,/2016.tar.bz2,2,264
2023-09,downloads,/1.tgz,2,246
2023-09,downloads,/news.tar.gz,2,0
2023-09,downloads,/code.tgz,2,250
2023-09,downloads,/w.tar.gz,2,0
2023-09,downloads,/my.tar.gz,2,256
2023-09,downloads,/tar.rar,2,244
2023-09,downloads,/2020.zip,2,250
2023-09,downloads,/spa/data/graph_026.txt.gz,2,115812
2023-09,downloads,/database1.rar,2,0
2023-09,downloads,/tar.7z,2,248
2023-09,downloads,/sales.zip,2,254
2023-09,downloads,/jsp.zip,2,248
2023-09,downloads,/2010.tar.tgz,2,260
2023-09,downloads,/\xD7\xEE\xD0\xC2.tar.gz,2,0
2023-09,downloads,/forum.gz,2,250
2023-09,downloads,/users.rar,2,250
2023-09,downloads,/faisunzip.rar,2,260
2023-09,downloads,/spa/data/graph_010.txt.gz,2,35330
2023-09,downloads,/files.tar.tgz,2,262
2023-09,downloads,/2012.gz,2,248
2023-09,downloads,/spa/data/graph_012.txt.gz,2,38372
2023-09,downloads,/tar.tar,2,244
2023-09,downloads,/spa/data/graph_048.txt.gz,2,383172
2023-09,downloads,/wz.tar.gz,2,0
2023-09,downloads,/webroot.tar.gz,2,0
2023-09,downloads,/loktFlashFXP.rar,2,0
2023-09,downloads,/localhost.rar,2,256
2023-09,downloads,/127.0.0.1.tar.gz,2,266
2023-09,downloads,/www_petercorke_com.tar.tgz,2,276
2023-09,downloads,/vb.jar,2,244
2023-09,downloads,/2023.jar,2,250
2023-09,downloads,/2023.7z,2,252
2023-09,downloads,/new.jar,2,250
2023-09,downloads,/127.0.0.1.7z,2,256
2023-09,downloads,/banben.tar.gz,2,0
2023-09,downloads,/user.tar.tgz,2,252
2023-09,downloads,/aspx.rar,2,252
2023-09,downloads,/wwroot.tar.gz,2,0
2023-09,downloads,/sales.tgz,2,256
2023-09,downloads,/com.tar.bz2,2,258
2023-09,downloads,/bin.jar,2,250
2023-09,downloads,/\xCA\xFD\xBE\xDD.zip,2,0
2023-09,downloads,/media.zip,2,254
2023-09,downloads,/php.tar.tgz,2,258
2023-09,downloads,/clients.tgz,2,252
2023-09,downloads,/\xD0\xDE\xB8\xC4\xB0\xE6.zip,2,0
2023-09,downloads,/DBDB.rar,2,0
2023-09,downloads,/g.tar.gz,2,0
2023-09,downloads,/auth.7z,2,250
2023-09,downloads,/bin.tar.bz2,2,258
2023-09,downloads,/#domainmiddle#.rar,2,0
2023-09,downloads,/spa/data/graph_028.txt.gz,2,123802
2023-09,downloads,/spa/data/graph_038.txt.gz,2,238828
2023-09,downloads,/jsp.jar,2,246
2023-09,downloads,/my.rar,2,252
2023-09,downloads,/2018.tar,2,248
2023-09,downloads,/engine.gz,2,256
2023-09,downloads,/2012.tar.tgz,2,260
2023-09,downloads,/Datasql.tar.gz,2,0
2023-09,downloads,/joomla.zip,2,256
2023-09,downloads,/databak.tar.gz,2,0
2023-09,downloads,/LeapFTP.rar,2,0
2023-09,downloads,/media.tar.bz2,2,260
2023-09,downloads,/php.tar,2,244
2023-09,downloads,/2019.tar.bz2,2,262
2023-09,downloads,/\xD5\xBE\xB5\xE3.rar,2,0
2023-09,downloads,/2015.tar.tgz,2,264
2023-09,downloads,/net.zip,2,0
2023-09,downloads,/jsp.tar.tgz,2,260
2023-09,downloads,/2016.gz,2,250
2023-09,downloads,/http.tar.gz,2,0
2023-09,downloads,/petercorkecom.7z,2,266
2023-09,downloads,/local.zip,2,256
2023-09,downloads,/\xB3\xCC\xD0\xF2.tar.gz,2,0
2023-09,downloads,/LeapFTP.zip,2,0
2023-09,downloads,/dat.jar,2,244
2023-09,downloads,/cms.tar.gz,2,0
2023-09,downloads,/2018.tar.tgz,2,264
2023-09,downloads,/code.rar,2,250
2023-09,downloads,/127.0.0.1.tgz,2,264
2023-09,downloads,/spa/data/graph_049.txt.gz,2,545108
2023-09,downloads,/\xCA\xFD\xBE\xDD\xBF\xE2.tar.gz,2,0
2023-09,downloads,/error_log.tar.tgz,2,268
2023-09,downloads,/\xD0\xC2\xBD\xA8\xCE\xC4\xBC\xFE\xBC\xD01.tar.gz,2,0
2023-09,downloads,/2010.7z,2,250
2023-09,downloads,/js.7z,2,248
2023-09,downloads,/lf.tar.gz,2,0
2023-09,downloads,/local.tar.bz2,2,260
2023-09,downloads,/store.tgz,2,256
2023-09,downloads,/customers.tar,2,258
2023-09,downloads,/\xB9\xA4\xBE\xDF.tar.gz,2,0
2023-09,downloads,/HYTop.mdb.rar,2,0
2023-09,downloads,/x.tar.gz,2,0
2023-09,downloads,/2019.tar.tgz,2,262
2023-09,downloads,/aspx.tgz,2,254
2023-09,downloads,/net.tar.gz,2,0
2023-09,downloads,/auth.gz,2,246
2023-09,downloads,/\xD0\xDE\xB8\xC4\xB0\xE6.tar.gz,2,0
2023-09,downloads,/c.tar.gz,2,0
2023-09,downloads,/tar.gz,2,246
2023-09,downloads,/database.jar,2,250
2023-09,downloads,/x.rar,2,0
2023-09,downloads,/forum.tar,2,252
2023-09,downloads,/c.rar,2,0
2023-09,downloads,/my.zip,2,248
2023-09,downloads,/wp.tar.bz2,2,256
2023-09,downloads,/master.jar,2,254
2023-09,downloads,/spa/data/graph_018.txt.gz,2,53826
2023-09,downloads,/hello.tar.gz,2,0
2023-09,downloads,/databak.zip,2,0
2023-09,downloads,/lcqc\xB1\xB8\xB7\xDD.zip,2,0
2023-09,downloads,/2017.rar,2,254
2023-09,downloads,/2016.jar,2,256
2023-09,downloads,/2018.tgz,2,252
2023-09,downloads,/spa/data/graph_011.txt.gz,2,38372
2023-09,downloads,/net.rar,2,0
2023-09,downloads,/\xCA\xFD\xBE\xDD.tar.gz,2,0
2023-09,downloads,/adm.zip,2,0
2023-09,downloads,/\xB7\xFE\xCE\xF1\xB6\xCB.tar.gz,2,0
2023-09,downloads,/\xB8\xFC\xD0\xC2.tar.gz,2,0
2023-09,downloads,/wang.rar,2,0
2023-09,downloads,/tar.tar.gz,2,248
2023-09,downloads,/ww.tar.gz,2,0
2023-09,downloads,/spa/data/graph_054.txt.gz,2,523038
2023-09,downloads,/test.tgz,2,252
2023-09,downloads,/joomla.rar,2,252
2023-09,downloads,/vb.tgz,2,246
2023-09,downloads,/vb.7z,2,248
2023-09,downloads,/asp.zip,2,248
2023-09,downloads,/aspx.jar,2,254
2023-09,downloads,/code.tar,2,246
2023-09,downloads,/suttor/GeorgeAndSarahSuttorBook-TOC.pdf,2,142192
2023-09,downloads,/Datasql.zip,2,0
2023-09,downloads,/z.rar,2,0
2023-09,downloads,/\xD0\xC2\xB0\xE6\xB1\xBE.zip,2,0
2023-09,downloads,/tar.tar.bz2,2,250
2023-09,downloads,/files.tar.gz,2,260
2023-09,downloads,/2025.tar,2,248
2023-09,downloads,/media.tgz,2,252
2023-09,downloads,/customers.tar.gz,2,264
2023-09,downloads,/petercorke.7z,2,262
2023-09,downloads,/databackup.zip,2,0
2023-09,downloads,/2013.rar,2,252
2023-09,downloads,/manager.zip,2,0
2023-09,downloads,/wwwrool.rar,2,0
2023-09,downloads,/bbs.7z,2,250
2023-09,downloads,/test.tar.tgz,2,258
2023-09,downloads,/login.rar,2,0
2023-09,downloads,/\xCD\xF8\xD5\xBE.tar.gz,2,0
2023-09,downloads,/2012.zip,2,250
2023-09,downloads,/2014.7z,2,252
2023-09,downloads,/\xB9\xA4\xBE\xDF.rar,2,0
2023-09,downloads,/mysql.jar,2,256
2023-09,downloads,/http.rar,2,0
2023-09,downloads,/asp.tar.bz2,2,258
2023-09,downloads,/sales.gz,2,254
2023-09,downloads,/2010.jar,2,254
2023-09,downloads,/localhost.gz,2,258
2023-09,downloads,/lexiFlashFXP.zip,2,0
2023-09,downloads,/2011.tar.tgz,2,262
2023-09,downloads,/com.7z,2,250
2023-09,downloads,/faisunzip.tar.bz2,2,266
2023-09,downloads,/files.gz,2,250
2023-09,downloads,/dat.tar,2,250
2023-09,downloads,/jsp.gz,2,246
2023-09,downloads,/spa/data/graph_053.txt.gz,2,538824
2023-09,downloads,/petercorkecom.tgz,2,264
2023-09,downloads,/2013.tar.bz2,2,262
2023-09,downloads,/forum.tar.bz2,2,260
2023-09,downloads,/w.zip,2,0
2023-09,downloads,/wordpress.rar,2,256
2023-09,downloads,/info.rar,2,0
2023-09,downloads,/bat.tar.gz,2,0
2023-09,downloads,/2014.zip,2,252
2023-09,downloads,/test.tar.gz,2,258
2023-09,downloads,/2012.tar.bz2,2,260
2023-09,downloads,/\xD0\xC2\xBD\xA8\xCE\xC4\xBC\xFE\xBC\xD0.tar.gz,2,0
2023-09,downloads,/bbs.tar.bz2,2,258
2023-09,downloads,/error_log.tgz,2,262
2023-09,downloads,/spa/data/graph_005.txt.gz,2,28432
2023-09,downloads,/my.tar.tgz,2,258
2023-09,downloads,/lf.zip,2,0
2023-09,downloads,/127.0.0.1.rar,2,260
2023-09,downloads,/2015.zip,2,252
2023-09,downloads,/www.petercorke.com.tar.tgz,2,274
2023-09,downloads,/local.jar,2,252
2023-09,downloads,/wwwrool.tar.gz,2,0
2023-09,downloads,/spa/data/graph_002.txt.gz,2,7770
2023-09,downloads,/\xB1\xB8\xB7\xDD.rar,2,0
2023-09,downloads,/databack.rar,2,0
2023-09,downloads,/loktFlashFXP.zip,2,0
2023-09,downloads,/customers.7z,2,260
2023-09,downloads,/log.rar,2,250
2023-09,downloads,/2022.jar,2,246
2023-09,downloads,/\xD7\xEE\xD0\xC2\xB0\xE6\xB1\xBE.rar,2,0
2023-09,downloads,/loktFlashFXP.tar.gz,2,0
2023-09,downloads,/spa/data/graph_004.txt.gz,2,11680
2023-09,downloads,/wwwpetercorkecom.tar.tgz,2,272
2023-09,downloads,/cms.rar,2,0
2023-09,downloads,/store.gz,2,250
2023-09,downloads,/127.0.0.1.tar,2,258
2023-09,downloads,/\xD2\xFD\xC7\xE6.rar,2,0
2023-09,downloads,/clients.gz,2,252
2023-09,downloads,/datad.zip,2,0
2023-09,downloads,/tar.jar,2,250
2023-09,downloads,/2025.jar,2,252
2023-09,downloads,/wz.zip,2,0
2023-09,downloads,/2019.tar,2,248
2023-09,downloads,/auth.tar.tgz,2,258
2023-09,downloads,/store.tar.tgz,2,260
2023-09,downloads,/bin.tar,2,248
2023-09,downloads,/faisunzip.tgz,2,262
2023-09,downloads,/media.rar,2,252
2023-09,downloads,/php.jar,2,244
2023-09,downloads,/databack.tar.gz,2,0
2023-09,downloads,/banben.zip,2,0
2023-09,downloads,/spa/data/graph_007.txt.gz,2,29368
2023-09,downloads,/2020.rar,2,252
2023-09,downloads,/#domainunderline#.rar,2,0
2023-09,downloads,/spa/data/graph_052.txt.gz,2,515582
2023-09,downloads,/lcqc\xB1\xB8\xB7\xDD.rar,2,0
2023-09,downloads,/petercorke_com.tgz,2,266
2023-09,downloads,/clients.tar.gz,2,262
2023-09,downloads,/2025.7z,2,252
2023-09,downloads,/asp.gz,2,252
2023-09,downloads,/faisunzip.gz,2,260
2023-09,downloads,/zhang.rar,2,0
2023-09,downloads,/spa/data/graph_017.txt.gz,2,51128
2023-09,downloads,/\xD7\xEE\xBA\xF3\xD0\xDE\xB8\xC4\xB0\xE6.tar.gz,2,0
2023-09,downloads,/auth.zip,2,248
2023-09,downloads,/dat.gz,2,246
2023-09,downloads,/2013.tgz,2,252
2023-09,downloads,/game.rar,2,0
2023-09,downloads,/jsp.7z,2,250
2023-09,downloads,/test.7z,2,256
2023-09,downloads,/customers.tgz,2,262
2023-09,downloads,/\xD5\xFB\xD5\xBE.zip,2,0
2023-09,downloads,/dat.zip,2,248
2023-09,downloads,/\xCD\xF8\xD5\xBE\xB1\xB8\xB7\xDD.rar,2,0
2023-09,downloads,/chengxu.rar,2,0
2023-09,downloads,/clients.rar,2,250
2023-09,downloads,/dat.tar.tgz,2,258
2023-09,downloads,/\xB1\xB8\xB7\xDD.tar.gz,2,0
2023-09,downloads,/www.petercorke.com.7z,2,270
2023-09,downloads,/2012.jar,2,252
2023-09,downloads,/forum.tgz,2,250
2023-09,downloads,/sql.jar,2,246
2023-09,downloads,/2025.tar.gz,2,260
2023-09,downloads,/dat.tgz,2,252
2023-09,downloads,/files.tar.bz2,2,258
2023-09,downloads,/petercorkecom.tar,2,260
2023-09,downloads,/wangzhan.rar,2,0
2023-09,downloads,/\xD7\xEE\xBA\xF3\xD0\xDE\xB8\xC4\xB0\xE6.rar,2,0
2023-09,downloads,/spa/data/graph_027.txt.gz,2,124452
2023-09,downloads,/spa/data/graph_008.txt.gz,2,29466
2023-09,downloads,/datad.rar,2,0
2023-09,downloads,/2019.7z,2,252
2023-09,downloads,/2022.tar,2,246
2023-09,downloads,/2019.jar,2,254
2023-09,downloads,/local.tgz,2,256
2023-09,downloads,/z.zip,2,0
2023-09,downloads,/petercorkecom.jar,2,262
2023-09,downloads,/download/27/rtb/1050/rtb-manual.pdf,1,98
2023-09,downloads,/petercorke.gz,1,130
2023-09,downloads,/files.tgz,1,125
2023-09,downloads,/plugins/jquery.filer/php/readme.txt,1,143
2023-09,downloads,/rezervnoe.zip,1,0
2023-09,downloads,/log.tgz,1,124
2023-09,downloads,/RTB/r4/robot.zip,1,248029
2023-09,downloads,/wwwpetercorkecom.7z,1,134
2023-09,downloads,/assets/plugins/jquery.filer/php/readme.txt,1,152
2023-09,downloads,/wp.tar,1,122
2023-09,downloads,/log.7z,1,125
2023-09,downloads,/aspx.tar,1,124
2023-09,downloads,/customers.jar,1,129
2023-09,downloads,/www.petercorke.com.tar.bz2,1,138
2023-09,downloads,/127.0.0.1.gz,1,131
2023-09,downloads,/www_petercorke_com.tar.bz2,1,139
2023-09,downloads,/wordpress.tar.gz,1,132
2023-09,downloads,/js.rar,1,124
2023-09,downloads,/2020.tar,1,123
2023-09,downloads,/site.jar,1,123
2023-09,downloads,/2018.7z,1,126
2023-09,downloads,/users.jar,1,126
2023-09,downloads,/sauvegarde.zip,1,0
2023-09,downloads,/orders.zip,1,127
2023-09,downloads,/wp-content/plugins/wordpress-seo/css/%2Fwp-content%2Fplugins%2Fwordpress-seo%2Fcss%2F%2Fwp-content%2Fplugins%2Fwordpress-seo%2Fcss%2Fmain-sitemap.xsl,1,162
2023-09,downloads,/assets/vendor/jquery.filer/php/readme.txt,1,151
2023-09,downloads,/2017.tar.tgz,1,132
2023-09,downloads,/yedek.zip,1,0
2023-09,downloads,/customers.tar.tgz,1,133
2023-09,downloads,/baikap.zip,1,0
2023-09,downloads,/wordpress.gz,1,129
2023-09,downloads,/book_comic.pdf,1,95
2023-09,downloads,/forum.tar.gz,1,130
2023-09,downloads,/faisunzip.tar.tgz,1,133
2023-09,downloads,/www.petercorke.com.jar,1,133
2023-09,downloads,/2024.7z,1,126
2023-09,downloads,/joomla.7z,1,129
2023-09,downloads,/auth.tar.gz,1,129
2023-09,downloads,/wordpress.jar,1,128
2023-09,downloads,/store.zip,1,125
2023-09,downloads,/jquery.filer/php/readme.txt,1,133
2023-09,downloads,/2018.gz,1,125
2023-09,downloads,/wp.tar.tgz,1,129
2023-09,downloads,/doc/rtb_dh.pdf,1,131
2023-09,downloads,/files/images/LeftBag.mpg,1,17201025
2023-09,downloads,/log.tar.bz2,1,129
2023-09,downloads,/clients.tar.bz2,1,130
2023-09,downloads,/RTB/r7/robot.zip,1,851846
2023-09,downloads,/2014.gz,1,125
2023-09,downloads,/2022.tar.tgz,1,130
2023-09,downloads,/2018.rar,1,127
2023-09,downloads,/petercorke.com.tar,1,131
2023-09,downloads,/local.rar,1,125
2023-09,downloads,/admin.jar,1,126
2023-09,downloads,/wp.jar,1,125
2023-09,downloads,/petercorke_com.tar,1,132
2023-09,downloads,/petercorke_com.tar.bz2,1,136
2023-09,downloads,/tar.zip,1,124
2023-09,downloads,/wordpress.zip,1,128
2023-09,downloads,/members.jar,1,128
2023-09,downloads,/sales.tar.tgz,1,130
2023-09,downloads,/www_petercorke_com.tar,1,134
2023-09,downloads,/wordpress.tar.tgz,1,132
2023-09,downloads,/test.gz,1,125
2023-09,downloads,/2010.gz,1,124
2023-09,downloads,/RTB/r8/robot.zip,1,1257212
2023-09,downloads,/my.jar,1,124
2023-09,downloads,/1.jar,1,121
2023-09,downloads,/download/28/mvtb/1112/images-for-rvc2.zip,1,105
2023-09,downloads,/wordpress.tar,1,128
2023-09,downloads,/petercorkecom.tar.bz2,1,134
2023-09,downloads,/wwwpetercorkecom.tgz,1,133
2023-09,downloads,/assets/admin/bower_components/jquery.filer/php/readme.txt,1,169
2023-09,downloads,/wp-content/plugins/wordpress-seo/css/%2Fwp-content%2Fplugins%2Fwordpress-seo%2Fcss%2F%2Fwp-content%2Fplugins%2Fwordpress-seo%2Fcss%2F%2Fwp-content%2Fplugins%2Fwordpress-seo%2Fcss%2Fmain-sitemap.xsl,1,163
2023-09,downloads,/error_log.jar,1,129
2023-09,downloads,/sicherung.zip,1,0
2023-09,downloads,/wp-content/plugins/wordpress-seo/css/%2Fwp-content%2Fplugins%2Fwordpress-seo%2Fcss%2Fmain-sitemap.xsl,1,161
2023-09,downloads,/wwwpetercorkecom.gz,1,133
2023-09,downloads,/respaldo.zip,1,0
2023-09,downloads,/2022.tar.bz2,1,130
2023-09,downloads,/2011.tar.bz2,1,130
2023-09,downloads,/2010.zip,1,125
2023-09,downloads,/www_petercorke_com.7z,1,137
2023-09,downloads,/2023.gz,1,125
2023-09,downloads,/home.jar,1,126
2023-09,downloads,/test.rar,1,125
2023-09,downloads,/petercorke.com.tar.tgz,1,134
2023-09,downloads,/users.tar.gz,1,129
2023-09,downloads,/www.petercorke.com.gz,1,134
2023-09,downloads,/2025.tar.tgz,1,131
2023-09,downloads,/user.jar,1,126
2023-09,downloads,/wwwpetercorkecom.tar.bz2,1,136
2023-09,downloads,/wp.tgz,1,123
2023-09,downloads,/wp.zip,1,124
2023-09,downloads,/petercorke.com.tgz,1,132
2023-09,downloads,/forum.rar,1,126
2023-09,downloads,/root.jar,1,126
2023-09,downloads,/RTB/r6/robot.zip,1,97570
2023-09,downloads,/petercorkecom.gz,1,132
2023-09,downloads,/faisunzip.jar,1,130
2023-09,downloads,/user.gz,1,124
2023-09,downloads,/log.tar,1,122
2023-09,downloads,/wordpress.7z,1,130
2023-09,downloads,/wordpress.tgz,1,130
2023-09,downloads,/1.tar.tgz,1,128
2023-09,downloads,/www_petercorke_com.jar,1,135
2023-09,downloads,/index.jar,1,127
2023-09,downloads,/2015.rar,1,127
2023-09,downloads,/auth.tgz,1,127
2023-09,downloads,/2011.zip,1,125
2023-09,downloads,/2014.rar,1,127
2023-09,downloads,/website.jar,1,128
2023-09,downloads,/bin.rar,1,125
2023-09,downloads,/users.tar,1,126
2023-09,downloads,/log.gz,1,124
2023-09,downloads,/asp.tar,1,123
2023-09,downloads,/127.0.0.1.jar,1,130
2023-09,downloads,/wp.rar,1,124
2023-09,downloads,/user.zip,1,125
2023-09,downloads,/vb.tar.bz2,1,129
2023-09,downloads,/user.rar,1,123
2023-09,downloads,/js.tgz,1,123
2023-09,downloads,/joomla.tar.tgz,1,131
2023-09,downloads,/www.petercorke.com.tgz,1,135
2023-09,downloads,/petercorke.com.tar.bz2,1,135
2023-09,downloads,/user.tar,1,123
2023-09,downloads,/log.zip,1,124
2023-09,downloads,/joomla.tar.bz2,1,131
2023-09,downloads,/local.tar.gz,1,129
2023-09,downloads,/vb.zip,1,124
2023-09,downloads,/wp-content/plugins/wordpress-seo/css/main-sitemap.xsl,1,157
2023-09,downloads,/joomla.tar.gz,1,131
2023-09,downloads,/members.tgz,1,129
2023-09,urls,/download/28/mvtb/1109/mvtb-4-3.mltbx,330,21322578233
2023-09,urls,/download/27/rtb/1045/rtb10-4-mltbx.mltbx,2,204
2023-09,urls,/download/20/articles/1056/sincos.mlx,5,24045
2024-09,downloads,/MVTB/vision.pdf,533,3271950879
2024-09,downloads,/RTB/robot.pdf,400,2694345146
2024-09,downloads,/bluebook/book.pdf,351,1079595720
2024-09,downloads,/RTB/ARA95.pdf,348,25935247
2024-09,downloads,/download/27/rtb/1011/robot-10-3-1.zip,304,5393326440
2024-09,downloads,/download/20/articles/1062/rtb_dh.pdf,294,111254271
2024-09,downloads,/download/31/python-tools/1349/python_toolbox_icra_2021.pdf,205,117801756
2024-09,downloads,/download/30/rvc2/1182/solutions.pdf,151,140312016
2024-09,downloads,/doc/simple_systematic.pdf,127,22773192
2024-09,downloads,/download/27/rtb/1351/robot-9-10.zip,119,1409268671
2024-09,downloads,/download/20/articles/1063/rtb_real_robot.pdf,95,76972399
2024-09,downloads,/download/29/books/1256/corke-bluebook.pdf,82,248345352
2024-09,downloads,/download/20/articles/1059/urdf-2.pdf,77,57047508
2024-09,downloads,/download/20/articles/1057/prcurves.pdf,74,12175840
2024-09,downloads,/download/30/rvc2/1208/rvc2-livescripts.zip,53,1404328724
2024-09,downloads,/axes.pdf,52,1453889
2024-09,downloads,/download/20/articles/1041/ets_jacobian.pdf,52,11480439
2024-09,downloads,/download/28/mvtb/1181/contrib2.zip,51,239482933
2024-09,downloads,/download/20/articles/1064/rtb_4dof.pdf,47,38195717
2024-09,downloads,/RTB/r9/robot.pdf,39,297891750
2024-09,downloads,/download/20/articles/1079/the-bones-of-descartes.pdf,38,11034500
2024-09,downloads,/download/20/articles/1060/xml.pdf,32,2939608
2024-09,downloads,/download/32/documents/1317/aim-177.pdf,32,249791805
2024-09,downloads,/files/MVTB/images-RVC2a.zip,30,1780510246
2024-09,downloads,/files/MVTB/images-RVC2b.zip,27,6187059775
2024-09,downloads,/download/20/articles/1193/unimate-puma-servo-system-exposed.pdf,23,446187024
2024-09,downloads,/download/20/articles/1055/solving-trig.pdf,21,2334608
2024-09,downloads,/MVTB/r3/vision.pdf,21,136606092
2024-09,downloads,/axes/paper-axes2-red.pdf,19,649834
2024-09,downloads,/download/20/articles/1058/urdf.zip,18,164808
2024-09,downloads,/download/30/rvc2/1183/rvc2-eps.zip,18,867416923
2024-09,downloads,/wp-content/uploads/2020/01/book.pdf,17,52701632
2024-09,downloads,/axes/paper-axes2-grey.pdf,15,507394
2024-09,downloads,/download/30/rvc2/1184/rvc2-svg.zip,14,462207147
2024-09,downloads,/axes/paper-axes2-green.pdf,14,443005
2024-09,downloads,/axes/paper-axes2-blue.pdf,14,443313
2024-09,downloads,/download/31/python-tools/1296/python_toolbox_icra_2020-5.pdf,10,293
2024-09,downloads,/RVC1/top/toc/toc.pdf,10,750667
2024-09,downloads,/suttor/GeorgeAndSarahSuttorBook-index.pdf,8,1761435
2024-09,downloads,/download/28/mvtb/1087/vision-4-3.zip,8,475074265
2024-09,downloads,/RTB/r7/robot.zip,7,5214880
2024-09,downloads,/download/20/articles/1054/insertion.pdf,6,757884
2024-09,downloads,/RTB/r6/robot.zip,5,463109
2024-09,downloads,/RTB/r8/robot.zip,5,5132650
2024-09,downloads,/spa/data/graph_054.txt.gz,5,1267260
2024-09,downloads,/suttor/GeorgeAndSarahSuttorBook-TOC.pdf,5,355480
2024-09,downloads,/RTB/r4/robot.zip,5,1081840
2024-09,downloads,/SMTB/spatialmath.pdf,4,15015660
2024-09,downloads,/RVC1/top/errata/pumaaxis.pdf,4,95796
2024-09,downloads,/pdf/book_comic.pdf,4,23950185
2024-09,downloads,/files/images/bridge-l.zip,3,365902911
2024-09,downloads,/spa/data/graph_038.txt.gz,3,328940
2024-09,downloads,/download/20/articles/1061/xml-2.zip,3,17421
2024-09,downloads,/spa/data/graph_052.txt.gz,3,671230
2024-09,downloads,/files/images/bridge-r.zip,3,365287014
2024-09,downloads,/spa/data/graph_018.txt.gz,2,53826
2024-09,downloads,/spa/data/graph_060.txt.gz,2,462900
2024-09,downloads,/spa/data/graph_034.txt.gz,2,174416
2024-09,downloads,/spa/data/graph_008.txt.gz,2,29466
2024-09,downloads,/spa/data/graph_024.txt.gz,2,86200
2024-09,downloads,/spa/data/graph_039.txt.gz,2,225316
2024-09,downloads,/spa/data/graph_049.txt.gz,2,362666
2024-09,downloads,/spa/data/graph_045.txt.gz,2,321944
2024-09,downloads,/spa/data/graph_013.txt.gz,2,38372
2024-09,downloads,/spa/data/graph_055.txt.gz,2,352172
2024-09,downloads,/spa/data/graph_007.txt.gz,2,29368
2024-09,downloads,/spa/data/graph_026.txt.gz,2,115812
2024-09,downloads,/spa/data/graph_048.txt.gz,2,347234
2024-09,downloads,/spa/data/graph_058.txt.gz,2,550457
2024-09,downloads,/spa/data/graph_022.txt.gz,2,77286
2024-09,downloads,/spa/data/graph_044.txt.gz,2,321546
2024-09,downloads,/spa/data/graph_016.txt.gz,2,52038
2024-09,downloads,/spa/data/graph_035.txt.gz,2,192623
2024-09,downloads,/spa/data/graph_047.txt.gz,2,340642
2024-09,downloads,/spa/data/graph_014.txt.gz,2,39284
2024-09,downloads,/spa/data/graph_043.txt.gz,2,313636
2024-09,downloads,/spa/data/graph_002.txt.gz,2,7770
2024-09,downloads,/spa/data/graph_059.txt.gz,2,461003
2024-09,downloads,/spa/data/graph_041.txt.gz,2,265246
2024-09,downloads,/spa/data/graph_023.txt.gz,2,82546
2024-09,downloads,/spa/data/graph_061.txt.gz,2,473715
2024-09,downloads,/spa/data/graph_009.txt.gz,2,32836
2024-09,downloads,/spa/data/graph_033.txt.gz,2,169542
2024-09,downloads,/spa/data/graph_032.txt.gz,2,168756
2024-09,downloads,/spa/data/graph_029.txt.gz,2,125904
2024-09,downloads,/spa/data/graph_019.txt.gz,2,53654
2024-09,downloads,/spa/data/graph_021.txt.gz,2,71574
2024-09,downloads,/spa/data/graph_042.txt.gz,2,279810
2024-09,downloads,/spa/data/graph_037.txt.gz,2,196704
2024-09,downloads,/spa/data/graph_015.txt.gz,2,55504
2024-09,downloads,/spa/data/graph_050.txt.gz,2,342126
2024-09,downloads,/spa/data/graph_025.txt.gz,2,89338
2024-09,downloads,/spa/data/graph_027.txt.gz,2,124452
2024-09,downloads,/spa/data/graph_003.txt.gz,2,10862
2024-09,downloads,/spa/data/graph_056.txt.gz,2,357650
2024-09,downloads,/spa/data/graph_004.txt.gz,2,11680
2024-09,downloads,/spa/data/graph_030.txt.gz,2,172258
2024-09,downloads,/spa/data/graph_053.txt.gz,2,457828
2024-09,downloads,/spa/data/graph_057.txt.gz,2,396309
2024-09,downloads,/spa/data/graph_017.txt.gz,2,51128
2024-09,downloads,/spa/data/graph_010.txt.gz,2,35330
2024-09,downloads,/spa/data/graph_036.txt.gz,2,204598
2024-09,downloads,/spa/data/graph_051.txt.gz,2,449150
2024-09,downloads,/spa/data/graph_001.txt.gz,2,3556
2024-09,downloads,/spa/data/graph_020.txt.gz,2,74076
2024-09,downloads,/spa/data/graph_006.txt.gz,2,29308
2024-09,downloads,/spa/data/graph_028.txt.gz,2,123802
2024-09,downloads,/cv/corke-resume.mov,2,155414
2024-09,downloads,/spa/data/graph_046.txt.gz,2,343996
2024-09,downloads,/spa/data/graph_011.txt.gz,2,38372
2024-09,downloads,/spa/data/graph_012.txt.gz,2,38372
2024-09,downloads,/spa/data/graph_040.txt.gz,2,281918
2024-09,downloads,/spa/data/graph_005.txt.gz,2,28432
2024-09,downloads,/spa/data/graph_031.txt.gz,2,168216
2024-09,downloads,/files/images/LeftBag.mpg,1,17201025
2024-09,downloads,/download/32/rvc2/1182/solutions.pdf,1,26
2024-09,downloads,/download/30/rvc3/1182/solutions.pdf,1,941105
2024-09,downloads,http://www.petercorke.com/RTB/ARA95.pdf,1,75265
2024-09,downloads,/download/31/rvc2/1182/solutions.pdf,1,26
2024-09,downloads,/files/images/mosaicml.zip,1,6096927
2024-09,downloads,http://www.petercorke.com/RTB/robot.pdf,1,7638250
2024-09,downloads,/files/MVTB/images1.zip,1,58684085
2024-09,urls,/download/20/articles/1056/sincos.mlx,4,14427
2024-09,urls,/download/28/mvtb/1109/mvtb-4-3.mltbx,311,19300332335
2025-09,downloads,/files/salesrank/salesrank.csv,9073,430607768
2025-09,downloads,/RTB/robot.pdf,862,6306886453
2025-09,downloads,/bluebook/book.pdf,828,2511553288
2025-09,downloads,/doc/simple_systematic.pdf,786,137188596
2025-09,downloads,/download/31/python-tools/1349/python_toolbox_icra_2021.pdf,717,416406270
2025-09,downloads,/download/20/articles/1062/rtb_dh.pdf,681,256926975
2025-09,downloads,/MVTB/vision.pdf,571,3600626469
2025-09,downloads,/RTB/ARA95.pdf,440,33165494
2025-09,downloads,/download/30/rvc2/1182/solutions.pdf,333,310966049
2025-09,downloads,/download/20/articles/1059/urdf-2.pdf,178,136185628
2025-09,downloads,/download/20/articles/1063/rtb_real_robot.pdf,171,143573218
2025-09,downloads,/download/20/articles/1057/prcurves.pdf,110,19053468
2025-09,downloads,/download/20/articles/1041/ets_jacobian.pdf,105,24199541
2025-09,downloads,/download/20/articles/1079/the-bones-of-descartes.pdf,79,29312972
2025-09,downloads,/download/27/rtb/1011/robot-10-3-1.zip,69,1512425064
2025-09,downloads,/download/29/books/1256/corke-bluebook.pdf,58,169058426
2025-09,downloads,/download/20/articles/1058/urdf.zip,56,635688
2025-09,downloads,/download/20/articles/1064/rtb_4dof.pdf,53,45888197
2025-09,downloads,/download/28/mvtb/1181/contrib2.zip,49,175917058
2025-09,downloads,/axes.pdf,45,1422305
2025-09,downloads,/download/20/articles/1055/solving-trig.pdf,45,6274259
2025-09,downloads,/files/MVTB/images-RVC2a.zip,32,1692099772
2025-09,downloads,/download/30/rvc2/1208/rvc2-livescripts.zip,30,743868109
2025-09,downloads,/files/MVTB/images-RVC2b.zip,29,4489073080
2025-09,downloads,/MVTB/r3/vision.pdf,28,151212594
2025-09,downloads,/download/31/python-tools/1296/python_toolbox_icra_2020-5.pdf,26,884
2025-09,downloads,/download/32/documents/1317/aim-177.pdf,25,167591616
2025-09,downloads,/download/20/articles/1060/xml.pdf,23,2204706
2025-09,downloads,/spa/data/graph_061.txt.gz,23,6776290
2025-09,downloads,/spa/data/graph_030.txt.gz,23,1980967
2025-09,downloads,/spa/data/graph_055.txt.gz,22,5305400
2025-09,downloads,/spa/data/graph_037.txt.gz,22,2319859
2025-09,downloads,/spa/data/graph_040.txt.gz,22,3007199
2025-09,downloads,/spa/data/graph_053.txt.gz,21,4991048
2025-09,downloads,/suttor/GeorgeAndSarahSuttorBook-TOC.pdf,21,1426023
2025-09,downloads,/spa/data/graph_025.txt.gz,21,938049
2025-09,downloads,/spa/data/graph_008.txt.gz,21,309393
2025-09,downloads,/spa/data/graph_016.txt.gz,21,546399
2025-09,downloads,/RVC1/top/toc/toc.pdf,20,1503045
2025-09,downloads,/axes/paper-axes2-grey.pdf,20,649089
2025-09,downloads,/suttor/GeorgeAndSarahSuttorBook-index.pdf,20,3473447
2025-09,downloads,/spa/data/graph_050.txt.gz,20,4520525
2025-09,downloads,/spa/data/graph_018.txt.gz,20,538260
2025-09,downloads,/spa/data/graph_003.txt.gz,19,103189
2025-09,downloads,/spa/data/graph_010.txt.gz,19,335635
2025-09,downloads,/spa/data/graph_039.txt.gz,19,2470103
2025-09,downloads,/spa/data/graph_031.txt.gz,19,1598052
2025-09,downloads,/spa/data/graph_044.txt.gz,19,2970312
2025-09,downloads,/spa/data/graph_014.txt.gz,19,373198
2025-09,downloads,/spa/data/graph_005.txt.gz,19,270104
2025-09,downloads,/spa/data/graph_057.txt.gz,19,5271700
2025-09,downloads,/spa/data/graph_015.txt.gz,18,499536
2025-09,downloads,/spa/data/graph_022.txt.gz,18,695574
2025-09,downloads,/spa/data/graph_042.txt.gz,18,2475651
2025-09,downloads,/spa/data/graph_009.txt.gz,18,295524
2025-09,downloads,/spa/data/graph_021.txt.gz,18,644166
2025-09,downloads,/download/30/rvc2/1183/rvc2-eps.zip,18,578235267
2025-09,downloads,/download/20/articles/1193/unimate-puma-servo-system-exposed.pdf,18,221777985
2025-09,downloads,/download/20/articles/1054/insertion.pdf,18,1894710
2025-09,downloads,/spa/data/graph_020.txt.gz,18,666684
2025-09,downloads,/spa/data/graph_002.txt.gz,17,66045
2025-09,downloads,/spa/data/graph_059.txt.gz,17,4474424
2025-09,downloads,/spa/data/graph_029.txt.gz,17,1070184
2025-09,downloads,/spa/data/graph_001.txt.gz,17,30226
2025-09,downloads,/RTB/r9/robot.pdf,17,94460483
2025-09,downloads,/spa/data/graph_017.txt.gz,17,434588
2025-09,downloads,/spa/data/graph_028.txt.gz,17,1039173
2025-09,downloads,/spa/data/graph_004.txt.gz,16,93440
2025-09,downloads,/spa/data/graph_060.txt.gz,16,5063042
2025-09,downloads,/spa/data/graph_052.txt.gz,16,3805005
2025-09,downloads,/spa/data/graph_026.txt.gz,16,926496
2025-09,downloads,/RVC1/top/errata/pumaaxis.pdf,16,383184
2025-09,downloads,/spa/data/graph_012.txt.gz,16,306976
2025-09,downloads,/spa/data/graph_046.txt.gz,16,2670082
2025-09,downloads,/spa/data/graph_051.txt.gz,16,3874102
2025-09,downloads,/spa/data/graph_035.txt.gz,16,1640176
2025-09,downloads,/spa/data/graph_006.txt.gz,16,234464
2025-09,downloads,/spa/data/graph_007.txt.gz,16,234944
2025-09,downloads,/spa/data/graph_056.txt.gz,15,3511777
2025-09,downloads,/spa/data/graph_058.txt.gz,15,4786298
2025-09,downloads,/spa/data/graph_036.txt.gz,15,1534485
2025-09,downloads,/download/30/rvc2/1184/rvc2-svg.zip,15,294692402
2025-09,downloads,/spa/data/graph_013.txt.gz,15,287790
2025-09,downloads,/spa/data/graph_033.txt.gz,15,1271565
2025-09,downloads,/spa/data/graph_011.txt.gz,15,287790
2025-09,downloads,/spa/data/graph_019.txt.gz,14,375578
2025-09,downloads,/spa/data/graph_041.txt.gz,14,1912795
2025-09,downloads,/spa/data/graph_054.txt.gz,14,3228855
2025-09,downloads,/axes/paper-axes2-red.pdf,13,411435
2025-09,downloads,/wp-content/uploads/2020/01/book.pdf,13,40301248
2025-09,downloads,/spa/data/graph_045.txt.gz,13,2151200
2025-09,downloads,/spa/data/graph_024.txt.gz,13,560300
2025-09,downloads,/download/27/rtb/1351/robot-9-10.zip,13,272184645
2025-09,downloads,/spa/data/graph_027.txt.gz,12,746712
2025-09,downloads,/spa/data/graph_047.txt.gz,12,2152647
2025-09,downloads,/spa/data/graph_048.txt.gz,11,2005972
2025-09,downloads,/spa/data/graph_038.txt.gz,11,1208470
2025-09,downloads,/SMTB/spatialmath.pdf,10,30031320
2025-09,downloads,/pdf/book_comic.pdf,9,30853883
2025-09,downloads,/axes/paper-axes2-green.pdf,9,285155
2025-09,downloads,/axes/paper-axes2-blue.pdf,7,221144
2025-09,downloads,/RTB/r8/robot.zip,6,5863666
2025-09,downloads,/download/28/mvtb/1087/vision-4-3.zip,6,360862371
2025-09,downloads,/download/20/articles/1061/xml-2.zip,6,34842
2025-09,downloads,/spa/data/graph_032.txt.gz,6,506268
2025-09,downloads,/spa/data/graph_043.txt.gz,5,725576
2025-09,downloads,/wp-content/plugins/wordpress-seo/css/main-sitemap.xsl,5,5810
2025-09,downloads,/RTB/r6/robot.zip,4,390280
2025-09,downloads,/RTB/r7/robot.zip,4,2792073
2025-09,downloads,/RTB/r4/robot.zip,3,744087
2025-09,downloads,/spa/data/graph_034.txt.gz,3,261624
2025-09,downloads,/spa/data/graph_023.txt.gz,3,123819
2025-09,downloads,/spa/data/graph_049.txt.gz,2,362666
2025-09,downloads,https://petercorke.com/bluebook/book.pdf,1,3100096
2025-09,downloads,/files/images/LeftBag.mpg,1,17201025
2025-09,downloads,/files/MVTB/images1.zip,1,58684085
2025-09,downloads,/files/MVTB/contrib2.zip,0,5279805
2025-09,urls,/download/20/articles/1056/sincos.mlx,27,129843
2025-09,urls,/download/28/mvtb/1109/mvtb-4-3.mltbx,238,12458683401
2026-09,downloads,/RTB/currentversion.txt,288,1440
2026-09,downloads,/RTB/robot.pdf,259,2390472299
2026-09,downloads,/files/salesrank/salesrank.csv,180,8709660
2026-09,downloads,/doc/simple_systematic.pdf,175,31621787
2026-09,downloads,/bluebook/book.pdf,146,525176947
2026-09,downloads,/MVTB/vision.pdf,136,953699894
2026-09,downloads,/RTB/ARA95.pdf,108,8354415
2026-09,downloads,/RVC1/top/toc/toc.pdf,48,3337650
2026-09,downloads,/RTB/r10/robot.pdf,45,191875320
2026-09,downloads,/axes.pdf,45,1547616
2026-09,downloads,/suttor/GeorgeAndSarahSuttorBook-index.pdf,32,6262880
2026-09,downloads,/axes/paper-axes2-grey.pdf,31,1010688
2026-09,downloads,/RTB/r9/robot.pdf,30,221509250
2026-09,downloads,/axes/paper-axes2-green.pdf,16,473550
2026-09,downloads,/axes/paper-axes2-red.pdf,16,505120
2026-09,downloads,/axes/paper-axes2-blue.pdf,15,473880
2026-09,downloads,/suttor/GeorgeAndSarahSuttorBook-TOC.pdf,14,995344
2026-09,downloads,/SMTB/spatialmath.pdf,13,39040716
2026-09,downloads,/pdf/book_comic.pdf,12,62270481
2026-09,downloads,/MVTB/r3/vision.pdf,11,71555572
2026-09,downloads,/RVC1/top/errata/pumaaxis.pdf,10,239490
2026-09,downloads,/spa/data/graph_027.txt.gz,9,560034
2026-09,downloads,/spa/data/graph_039.txt.gz,8,1081632
2026-09,downloads,/spa/data/graph_051.txt.gz,8,2085872
2026-09,downloads,/spa/data/graph_007.txt.gz,7,102788
2026-09,downloads,/RTB/r8/robot.zip,7,6286060
2026-09,downloads,/RTB/r7/robot.zip,6,4259230
2026-09,downloads,/spa/data/graph_013.txt.gz,6,115116
2026-09,downloads,/spa/data/graph_029.txt.gz,6,377712
2026-09,downloads,/RTB/r6/robot.zip,5,390280
2026-09,downloads,/spa/data/graph_043.txt.gz,4,627272
2026-09,downloads,/spa/data/graph_054.txt.gz,4,1046076
2026-09,downloads,/RTB/r4/robot.zip,4,744087
2026-09,downloads,/files/MVTB/images-RVC2a.zip,4,221426901
2026-09,downloads,/spa/data/graph_006.txt.gz,4,58616
2026-09,downloads,/spa/data/graph_003.txt.gz,3,16293
2026-09,downloads,/spa/data/graph_046.txt.gz,3,515994
2026-09,downloads,/spa/data/graph_012.txt.gz,3,57558
2026-09,downloads,/spa/data/graph_002.txt.gz,3,11655
2026-09,downloads,/spa/data/graph_059.txt.gz,3,1112673
2026-09,downloads,/spa/data/graph_055.txt.gz,3,786180
2026-09,downloads,/spa/data/graph_001.txt.gz,3,5334
2026-09,downloads,/spa/data/graph_035.txt.gz,3,307533
2026-09,downloads,/RTB/r9/robot-9.10.zip,3,62975028
2026-09,downloads,/spa/data/graph_060.txt.gz,3,1118364
2026-09,downloads,/spa/data/graph_010.txt.gz,3,52995
2026-09,downloads,/spa/data/graph_038.txt.gz,3,358242
2026-09,downloads,/spa/data/graph_047.txt.gz,3,554982
2026-09,downloads,/spa/data/graph_040.txt.gz,3,422877
2026-09,downloads,/pdf/paper-axes.pdf,3,92685
2026-09,downloads,/spa/data/graph_021.txt.gz,3,107361
2026-09,downloads,/spa/data/graph_044.txt.gz,2,321546
2026-09,downloads,/spa/data/graph_053.txt.gz,2,538824
2026-09,downloads,/spa/data/graph_011.txt.gz,2,38372
2026-09,downloads,/spa/data/graph_032.txt.gz,2,168756
2026-09,downloads,/spa/data/graph_025.txt.gz,2,89338
2026-09,downloads,/spa/data/graph_041.txt.gz,2,284732
2026-09,downloads,/spa/data/graph_058.txt.gz,2,789618
2026-09,downloads,/spa/data/graph_048.txt.gz,2,383172
2026-09,downloads,/spa/data/graph_023.txt.gz,2,82546
2026-09,downloads,/spa/data/graph_033.txt.gz,2,169542
2026-09,downloads,/spa/data/graph_045.txt.gz,2,332592
2026-09,downloads,/spa/data/graph_028.txt.gz,2,123802
2026-09,downloads,/spa/data/graph_057.txt.gz,2,612394
2026-09,downloads,/spa/data/graph_008.txt.gz,2,29466
2026-09,downloads,/spa/data/graph_036.txt.gz,2,204598
2026-09,downloads,/spa/data/graph_014.txt.gz,2,39284
2026-09,downloads,/spa/data/graph_018.txt.gz,2,53826
2026-09,downloads,/spa/data/graph_052.txt.gz,2,515582
2026-09,downloads,/spa/data/graph_042.txt.gz,2,279810
2026-09,downloads,/spa/data/graph_020.txt.gz,2,74076
2026-09,downloads,/spa/data/graph_034.txt.gz,2,174416
2026-09,downloads,/spa/data/graph_061.txt.gz,2,767206
2026-09,downloads,/spa/data/graph_019.txt.gz,2,53654
2026-09,downloads,/spa/data/graph_031.txt.gz,2,168216
2026-09,downloads,/spa/data/graph_004.txt.gz,2,11680
2026-09,downloads,/spa/data/graph_056.txt.gz,2,535076
2026-09,downloads,/spa/data/graph_005.txt.gz,2,28432
2026-09,downloads,/spa/data/graph_037.txt.gz,2,213184
2026-09,downloads,/spa/data/graph_024.txt.gz,2,86200
2026-09,downloads,/spa/data/graph_026.txt.gz,2,115812
2026-09,downloads,/spa/data/graph_030.txt.gz,2,172258
2026-09,downloads,/spa/data/graph_016.txt.gz,2,52038
2026-09,downloads,/spa/data/graph_050.txt.gz,2,504028
2026-09,downloads,/spa/data/graph_022.txt.gz,2,77286
2026-09,downloads,/spa/data/graph_009.txt.gz,2,32836
2026-09,downloads,/spa/data/graph_015.txt.gz,2,55504
2026-09,downloads,/spa/data/graph_017.txt.gz,2,51128
2026-09,downloads,/spa/data/graph_049.txt.gz,2,545108
2026-09,downloads,/RTB/current/robot-9.10.zip,1,20991676
2026-09,downloads,/pdf/QUTSchoolCaptainsDinner2017.pdf,1,89544803
2026-09,downloads,/wp-content/uploads/2020/01/book.pdf,1,3100096
2026-09,downloads,/suttor/Suttor_TOC.pdf,1,71096
2021-10,downloads,/download/27/rtb/1011/robot-10-3-1.zip,686,12055450802
2021-10,downloads,/RTB/robot.pdf,644,4881543663
2021-10,downloads,/MVTB/vision.pdf,466,2935723679
2021-10,downloads,/bluebook/book.pdf,453,1342284699
2021-10,downloads,/RTB/ARA95.pdf,305,22955825
2021-10,downloads,/download/31/python-tools/1296/python_toolbox_icra_2020-5.pdf,278,139688723
2021-10,downloads,/download/30/rvc2/1182/solutions.pdf,172,158325751
2021-10,downloads,/doc/simple_systematic.pdf,141,25625474
2021-10,downloads,/download/30/rvc2/1208/rvc2-livescripts.zip,127,3071998319
2021-10,downloads,/files/MVTB/images-RVC2b.zip,82,12538059976
2021-10,downloads,/download/28/mvtb/1181/contrib2.zip,78,320713058
2021-10,downloads,/files/MVTB/images-RVC2a.zip,75,4022347182
2021-10,downloads,/download/20/articles/1059/urdf-2.pdf,72,53254747
2021-10,downloads,/axes.pdf,55,1737120
2021-10,downloads,/download/29/books/1256/corke-bluebook.pdf,51,143448139
2021-10,downloads,/download/20/articles/1062/rtb_dh.pdf,41,15570585
2021-10,downloads,/download/20/articles/1041/ets_jacobian.pdf,38,9019790
2021-10,downloads,/download/20/articles/1079/the-bones-of-descartes.pdf,32,11136912
2021-10,downloads,/download/20/articles/1064/rtb_4dof.pdf,29,27123649
2021-10,downloads,/RTB/r9/robot.pdf,25,190956250
2021-10,downloads,/RVC1/top/toc/toc.pdf,24,1602072
2021-10,downloads,/axes/paper-axes2-grey.pdf,22,694848
2021-10,downloads,/download/20/articles/1193/unimate-puma-servo-system-exposed.pdf,21,312945406
2021-10,downloads,/download/30/rvc2/1183/rvc2-eps.zip,20,780241346
2021-10,downloads,/download/20/articles/1057/prcurves.pdf,20,3528420
2021-10,downloads,/download/20/articles/1063/rtb_real_robot.pdf,18,15799176
2021-10,downloads,/MVTB/r3/vision.pdf,18,117090936
2021-10,downloads,/download/20/articles/1055/solving-trig.pdf,17,2456710
2021-10,downloads,/download/20/articles/1060/xml.pdf,16,1679776
2021-10,downloads,/download/32/documents/1317/aim-177.pdf,15,84512903
2021-10,downloads,/download/20/articles/1058/urdf.zip,14,164808
2021-10,downloads,/download/20/articles/1054/insertion.pdf,13,1642082
2021-10,downloads,/download/30/rvc2/1184/rvc2-svg.zip,13,313951016
2021-10,downloads,/axes/paper-axes2-red.pdf,12,378840
2021-10,downloads,/suttor/GeorgeAndSarahSuttorBook-TOC.pdf,12,782056
2021-10,downloads,/spa/data/graph_046.txt.gz,8,1163094
2021-10,downloads,/spa/data/graph_026.txt.gz,7,405342
2021-10,downloads,/wp-content/uploads/2020/01/book.pdf,7,15069806
2021-10,downloads,/spa/data/graph_059.txt.gz,7,2051063
2021-10,downloads,/spa/data/graph_017.txt.gz,7,178948
2021-10,downloads,/spa/data/graph_035.txt.gz,7,656026
2021-10,downloads,/spa/data/graph_047.txt.gz,7,1137962
2021-10,downloads,/spa/data/graph_032.txt.gz,7,590646
2021-10,downloads,/spa/data/graph_027.txt.gz,7,435582
2021-10,downloads,/spa/data/graph_015.txt.gz,6,166512
2021-10,downloads,/spa/data/graph_057.txt.gz,6,1205311
2021-10,downloads,/spa/data/graph_013.txt.gz,6,115116
2021-10,downloads,/spa/data/graph_003.txt.gz,6,32586
2021-10,downloads,/spa/data/graph_025.txt.gz,6,268014
2021-10,downloads,/spa/data/graph_050.txt.gz,6,1204664
2021-10,downloads,/spa/data/graph_054.txt.gz,6,1259068
2021-10,downloads,/spa/data/graph_042.txt.gz,6,722819
2021-10,downloads,/spa/data/graph_012.txt.gz,6,115116
2021-10,downloads,/spa/data/graph_022.txt.gz,6,231858
2021-10,downloads,/spa/data/graph_021.txt.gz,6,214722
2021-10,downloads,/spa/data/graph_043.txt.gz,6,823880
2021-10,downloads,/spa/data/graph_028.txt.gz,6,371406
2021-10,downloads,/spa/data/graph_019.txt.gz,6,160962
2021-10,downloads,/spa/data/graph_008.txt.gz,6,88398
2021-10,downloads,/spa/data/graph_053.txt.gz,6,1045804
2021-10,downloads,/spa/data/graph_006.txt.gz,5,73270
2021-10,downloads,/suttor/GeorgeAndSarahSuttorBook-index.pdf,5,782860
2021-10,downloads,/spa/data/graph_023.txt.gz,5,206365
2021-10,downloads,/spa/data/graph_030.txt.gz,5,430645
2021-10,downloads,/spa/data/graph_060.txt.gz,5,1298588
2021-10,downloads,/spa/data/graph_005.txt.gz,5,71080
2021-10,downloads,/spa/data/graph_037.txt.gz,5,516480
2021-10,downloads,/spa/data/graph_002.txt.gz,5,19425
2021-10,downloads,/spa/data/graph_018.txt.gz,5,134565
2021-10,downloads,/spa/data/graph_004.txt.gz,5,29200
2021-10,downloads,/spa/data/graph_011.txt.gz,5,95930
2021-10,downloads,/spa/data/graph_016.txt.gz,5,130095
2021-10,downloads,/spa/data/graph_031.txt.gz,5,420540
2021-10,downloads,/spa/data/graph_020.txt.gz,5,185190
2021-10,downloads,/spa/data/graph_048.txt.gz,5,787750
2021-10,downloads,/spa/data/graph_055.txt.gz,5,843608
2021-10,downloads,/spa/data/graph_056.txt.gz,5,999222
2021-10,downloads,/spa/data/graph_039.txt.gz,5,602220
2021-10,downloads,/spa/data/graph_014.txt.gz,5,98210
2021-10,downloads,/spa/data/graph_001.txt.gz,5,8890
2021-10,downloads,/spa/data/graph_038.txt.gz,5,554850
2021-10,downloads,/spa/data/graph_061.txt.gz,5,1347417
2021-10,downloads,/spa/data/graph_045.txt.gz,5,679112
2021-10,downloads,/spa/data/graph_051.txt.gz,5,995194
2021-10,downloads,/spa/data/graph_040.txt.gz,5,603101
2021-10,downloads,/spa/data/graph_049.txt.gz,5,1145342
2021-10,downloads,/spa/data/graph_058.txt.gz,5,1446571
2021-10,downloads,/spa/data/graph_009.txt.gz,4,65672
2021-10,downloads,/spa/data/graph_036.txt.gz,4,397009
2021-10,downloads,/pdf/book_comic.pdf,4,19160148
2021-10,downloads,/RTB/r6/robot.zip,4,390280
2021-10,downloads,/spa/data/graph_041.txt.gz,4,497724
2021-10,downloads,/spa/data/graph_010.txt.gz,4,70660
2021-10,downloads,/spa/data/graph_007.txt.gz,4,58736
2021-10,downloads,/spa/data/graph_052.txt.gz,4,695806
2021-10,downloads,/spa/data/graph_044.txt.gz,4,534538
2021-10,downloads,/spa/data/graph_024.txt.gz,4,172400
2021-10,downloads,/spa/data/graph_033.txt.gz,4,339084
2021-10,downloads,/spa/data/graph_029.txt.gz,4,251808
2021-10,downloads,/spa/data/graph_034.txt.gz,4,348832
2021-10,downloads,/RTB/r7/robot.zip,4,3407384
2021-10,downloads,/download/20/articles/1061/xml-2.zip,3,17421
2021-10,downloads,/RTB/r8/robot.zip,3,3771636
2021-10,downloads,/axes/paper-axes2-green.pdf,3,94710
2021-10,downloads,/RTB/r4/robot.zip,2,496058
2021-10,downloads,//license.txt,2,16652
2021-10,downloads,/files/MVTB/contrib2.zip,2,9930612
2021-10,downloads,/license.txt,2,16652
2021-10,downloads,/axes/paper-axes2-blue.pdf,2,63184
2021-10,downloads,/doc/descartes.pdf,1,107
2021-10,downloads,/.well-known/security.txt,1,88
2021-10,downloads,/RVC1/top/errata/pumaaxis.pdf,1,23949
2021-10,downloads,/files/MVTB/contrib.zip,1,16393251
2021-10,urls,/download/28/mvtb/1109/mvtb-4-3.mltbx,405,25178246691
2021-10,urls,/download/27/rtb/1045/rtb10-4-mltbx.mltbx,1,64
2021-10,urls,/download/20/articles/1056/sincos.mlx,7,33663
2022-10,downloads,/RTB/robot.pdf,1172,9476002220
2022-10,downloads,/MVTB/vision.pdf,614,4333054792
2022-10,downloads,/download/20/articles/1058/urdf.zip,488,5744736
2022-10,downloads,/RTB/ARA95.pdf,349,27258088
2022-10,downloads,/bluebook/book.pdf,331,1146988187
2022-10,downloads,/download/27/rtb/1011/robot-10-3-1.zip,296,7601903731
2022-10,downloads,/download/30/rvc2/1182/solutions.pdf,265,244709767
2022-10,downloads,/download/27/rtb/1050/rtb-manual.pdf,212,28184
2022-10,downloads,/download/31/python-tools/1349/python_toolbox_icra_2021.pdf,171,97102398
2022-10,downloads,/download/27/rtb/1351/robot-9-10.zip,151,2935597002
2022-10,downloads,/download/30/rvc2/1208/rvc2-livescripts.zip,147,3933433891
2022-10,downloads,/download/28/mvtb/1181/contrib2.zip,139,609410614
2022-10,downloads,/download/20/articles/1059/urdf-2.pdf,112,86311784
2022-10,downloads,/doc/simple_systematic.pdf,111,20127750
2022-10,downloads,/files/MVTB/images-RVC2b.zip,105,24994239309
2022-10,downloads,/download/20/articles/1041/ets_jacobian.pdf,105,25000570
2022-10,downloads,/download/20/articles/1063/rtb_real_robot.pdf,97,77898216
2022-10,downloads,/download/20/articles/1062/rtb_dh.pdf,88,33380913
2022-10,downloads,/download/29/books/1256/corke-bluebook.pdf,83,240125605
2022-10,downloads,/files/MVTB/images-RVC2a.zip,82,6173770703
2022-10,downloads,/download/20/articles/1079/the-bones-of-descartes.pdf,76,28168914
2022-10,downloads,/download/20/articles/1060/xml.pdf,46,4829356
2022-10,downloads,/axes.pdf,43,1358112
2022-10,downloads,/download/20/articles/1064/rtb_4dof.pdf,43,34824548
2022-10,downloads,/download/20/articles/1057/prcurves.pdf,43,7523858
2022-10,downloads,/download/30/rvc2/1183/rvc2-eps.zip,39,1208432715
2022-10,downloads,/download/31/python-tools/1296/python_toolbox_icra_2020-5.pdf,33,1212
2022-10,downloads,/download/32/documents/1317/aim-177.pdf,33,409648133
2022-10,downloads,/download/20/articles/1055/solving-trig.pdf,33,4767000
2022-10,downloads,/download/28/mvtb/1087/vision-4-3.zip,29,6874053366
2022-10,downloads,/download/20/articles/1193/unimate-puma-servo-system-exposed.pdf,28,694693069
2022-10,downloads,/RVC1/top/toc/toc.pdf,24,1535319
2022-10,downloads,/download/20/articles/1054/insertion.pdf,22,2778908
2022-10,downloads,/download/30/rvc2/1184/rvc2-svg.zip,22,608853088
2022-10,downloads,/files/MVTB/images1.zip,15,2029900435
2022-10,downloads,/axes/paper-axes2-grey.pdf,14,442176
2022-10,downloads,/download/20/articles/1061/xml-2.zip,14,81298
2022-10,downloads,/suttor/GeorgeAndSarahSuttorBook-index.pdf,13,2544295
2022-10,downloads,/RTB/r9/robot.pdf,13,129849225
2022-10,downloads,/suttor/GeorgeAndSarahSuttorBook-TOC.pdf,10,710960
2022-10,downloads,//wp-includes/ID3/license.txt,10,4990
2022-10,downloads,/axes/paper-axes2-blue.pdf,9,347512
2022-10,downloads,/spa/data/graph_015.txt.gz,7,194264
2022-10,downloads,/spa/data/graph_020.txt.gz,7,259266
2022-10,downloads,/MVTB/r3/vision.pdf,7,45535364
2022-10,downloads,/spa/data/graph_046.txt.gz,7,1203986
2022-10,downloads,/RTB/r8/robot.zip,7,11403281
2022-10,downloads,/axes/paper-axes2-green.pdf,7,220990
2022-10,downloads,/axes/paper-axes2-red.pdf,6,220990
2022-10,downloads,/spa/data/graph_009.txt.gz,6,98508
2022-10,downloads,/spa/data/graph_023.txt.gz,6,247638
2022-10,downloads,/spa/data/graph_036.txt.gz,6,613794
2022-10,downloads,/pdf/book_comic.pdf,6,38320296
2022-10,downloads,/spa/data/graph_031.txt.gz,6,504648
2022-10,downloads,/spa/data/graph_042.txt.gz,6,839430
2022-10,downloads,/spa/data/graph_022.txt.gz,6,231858
2022-10,downloads,/spa/data/graph_048.txt.gz,6,1149516
2022-10,downloads,/spa/data/graph_057.txt.gz,5,1530985
2022-10,downloads,/spa/data/graph_030.txt.gz,5,430645
2022-10,downloads,/spa/data/graph_005.txt.gz,5,71080
2022-10,downloads,/spa/data/graph_003.txt.gz,5,27155
2022-10,downloads,/spa/data/graph_037.txt.gz,5,532960
2022-10,downloads,/spa/data/graph_002.txt.gz,5,19425
2022-10,downloads,/spa/data/graph_004.txt.gz,5,29200
2022-10,downloads,/spa/data/graph_011.txt.gz,5,95930
2022-10,downloads,/spa/data/graph_016.txt.gz,5,130095
2022-10,downloads,/spa/data/graph_050.txt.gz,5,1260070
2022-10,downloads,/spa/data/graph_010.txt.gz,5,88325
2022-10,downloads,/spa/data/graph_012.txt.gz,5,95930
2022-10,downloads,/spa/data/graph_017.txt.gz,5,127820
2022-10,downloads,/spa/data/graph_055.txt.gz,5,1310300
2022-10,downloads,/spa/data/graph_044.txt.gz,5,803865
2022-10,downloads,/spa/data/graph_039.txt.gz,5,676020
2022-10,downloads,/spa/data/graph_035.txt.gz,5,512555
2022-10,downloads,/spa/data/graph_014.txt.gz,5,98210
2022-10,downloads,/spa/data/graph_047.txt.gz,5,924970
2022-10,downloads,/spa/data/graph_043.txt.gz,5,784090
2022-10,downloads,/spa/data/graph_038.txt.gz,5,597070
2022-10,downloads,/spa/data/graph_032.txt.gz,5,421890
2022-10,downloads,/spa/data/graph_033.txt.gz,5,423855
2022-10,downloads,/spa/data/graph_019.txt.gz,5,134135
2022-10,downloads,/spa/data/graph_027.txt.gz,5,311130
2022-10,downloads,/spa/data/graph_053.txt.gz,5,1347060
2022-10,downloads,/spa/data/graph_049.txt.gz,5,1362770
2022-10,downloads,/spa/data/graph_058.txt.gz,5,1974045
2022-10,downloads,/spa/data/graph_006.txt.gz,4,58616
2022-10,downloads,/spa/data/graph_060.txt.gz,4,1491152
2022-10,downloads,/files/images/bridge-l.zip,4,487870548
2022-10,downloads,/spa/data/graph_013.txt.gz,4,76744
2022-10,downloads,/spa/data/graph_026.txt.gz,4,231624
2022-10,downloads,/spa/data/graph_018.txt.gz,4,107652
2022-10,downloads,/spa/data/graph_041.txt.gz,4,569464
2022-10,downloads,/spa/data/graph_025.txt.gz,4,178676
2022-10,downloads,/spa/data/graph_054.txt.gz,4,1046076
2022-10,downloads,/spa/data/graph_007.txt.gz,4,58736
2022-10,downloads,/spa/data/graph_052.txt.gz,4,1031164
2022-10,downloads,/spa/data/graph_059.txt.gz,4,1483564
2022-10,downloads,/spa/data/graph_056.txt.gz,4,1070152
2022-10,downloads,/spa/data/graph_021.txt.gz,4,143148
2022-10,downloads,/RVC1/top/errata/pumaaxis.pdf,4,95796
2022-10,downloads,/spa/data/graph_001.txt.gz,4,7112
2022-10,downloads,/spa/data/graph_028.txt.gz,4,247604
2022-10,downloads,/spa/data/graph_024.txt.gz,4,172400
2022-10,downloads,/spa/data/graph_061.txt.gz,4,1534412
2022-10,downloads,/spa/data/graph_045.txt.gz,4,665184
2022-10,downloads,/spa/data/graph_029.txt.gz,4,251808
2022-10,downloads,/spa/data/graph_051.txt.gz,4,1042936
2022-10,downloads,/spa/data/graph_040.txt.gz,4,563836
2022-10,downloads,/spa/data/graph_034.txt.gz,4,348832
2022-10,downloads,/spa/data/graph_008.txt.gz,4,58932
2022-10,downloads,/RTB/r6/robot.zip,3,292710
2022-10,downloads,/wp-includes/ID3/license.txt,3,414
2022-10,downloads,/RTB/r7/robot.zip,3,2555538
2022-10,downloads,/wp-content/uploads/2020/01/book.pdf,2,6200192
2022-10,downloads,/RTB/r4/robot.zip,2,496058
2022-10,downloads,/planes.log,2,86495
2022-10,downloads,/RTB/current/robot-9.3.zip,2,13225271
2022-10,downloads,/doc/robotarm.pdf,1,127
2022-10,downloads,/doc/descartes.pdf,1,127
2022-10,urls,/download/28/mvtb/1109/mvtb-4-3.mltbx,547,34793432835
2022-10,urls,/download/27/rtb/1045/rtb10-4-mltbx.mltbx,7,1029
2022-10,urls,/download/20/articles/1056/sincos.mlx,12,57708
2022-10,urls,/RVC/rvc.bib,1,126
2023-10,downloads,/RTB/robot.pdf,687,4616409814
2023-10,downloads,/MVTB/vision.pdf,587,3364001854
2023-10,downloads,/download/27/rtb/1011/robot-10-3-1.zip,374,6531288730
2023-10,downloads,/bluebook/book.pdf,339,1000959339
2023-10,downloads,/RTB/ARA95.pdf,258,19351959
2023-10,downloads,/download/30/rvc2/1182/solutions.pdf,254,222440851
2023-10,downloads,/download/31/python-tools/1349/python_toolbox_icra_2021.pdf,196,109991668
2023-10,downloads,/doc/simple_systematic.pdf,156,27951627
2023-10,downloads,/download/20/articles/1062/rtb_dh.pdf,131,49902752
2023-10,downloads,/download/30/rvc2/1208/rvc2-livescripts.zip,128,3267268826
2023-10,downloads,/download/20/articles/1063/rtb_real_robot.pdf,122,96830408
2023-10,downloads,/download/27/rtb/1351/robot-9-10.zip,112,1747616972
2023-10,downloads,/download/29/books/1256/corke-bluebook.pdf,92,276362390
2023-10,downloads,/download/28/mvtb/1181/contrib2.zip,80,362893293
2023-10,downloads,/download/20/articles/1059/urdf-2.pdf,66,49238237
2023-10,downloads,/download/20/articles/1041/ets_jacobian.pdf,64,14819562
2023-10,downloads,/files/MVTB/images-RVC2a.zip,59,3566910263
2023-10,downloads,/files/MVTB/images-RVC2b.zip,52,9613052023
2023-10,downloads,/RTB/r9/robot.pdf,51,389550750
2023-10,downloads,/download/20/articles/1064/rtb_4dof.pdf,48,36484633
2023-10,downloads,/download/20/articles/1060/xml.pdf,38,3735072
2023-10,downloads,/download/30/rvc2/1184/rvc2-svg.zip,34,508121164
2023-10,downloads,/download/20/articles/1057/prcurves.pdf,31,5007823
2023-10,downloads,/download/20/articles/1058/urdf.zip,28,294300
2023-10,downloads,/axes.pdf,27,679648
2023-10,downloads,/download/28/mvtb/1087/vision-4-3.zip,26,1270373537
2023-10,downloads,/download/32/documents/1317/aim-177.pdf,26,169195484
2023-10,downloads,/download/20/articles/1079/the-bones-of-descartes.pdf,24,7791538
2023-10,downloads,/download/31/python-tools/1296/python_toolbox_icra_2020-5.pdf,20,556
2023-10,downloads,/download/20/articles/1055/solving-trig.pdf,19,2594695
2023-10,downloads,/download/20/articles/1054/insertion.pdf,13,1515768
2023-10,downloads,/download/30/rvc2/1183/rvc2-eps.zip,13,497262543
2023-10,downloads,/RVC1/top/toc/toc.pdf,11,779670
2023-10,downloads,/download/20/articles/1193/unimate-puma-servo-system-exposed.pdf,10,143152317
2023-10,downloads,/axes/paper-axes2-grey.pdf,10,380033
2023-10,downloads,/files/MVTB/images1.zip,9,416630960
2023-10,downloads,/axes/paper-axes2-red.pdf,7,254610
2023-10,downloads,/suttor/GeorgeAndSarahSuttorBook-index.pdf,7,1305479
2023-10,downloads,/wp-content/uploads/2020/01/book.pdf,7,21700672
2023-10,downloads,/MVTB/r3/vision.pdf,7,45535364
2023-10,downloads,/axes/paper-axes2-blue.pdf,7,284328
2023-10,downloads,/files/images/LeftBag.mpg,6,103206150
2023-10,downloads,/suttor/GeorgeAndSarahSuttorBook-TOC.pdf,5,355480
2023-10,downloads,/website1.7z,4,0
2023-10,downloads,/www.root.rar,4,0
2023-10,downloads,/spa/data/graph_038.txt.gz,4,477656
2023-10,downloads,/axes/paper-axes2-green.pdf,3,126280
2023-10,downloads,/petercorke.zip,3,160
2023-10,downloads,/cv/corke-resume.mov,2,156914
2023-10,downloads,/202207.zip,2,0
2023-10,downloads,/202202.zip,2,0
2023-10,downloads,/uc_server.zip,2,0
2023-10,downloads,/202205.tar.gz,2,0
2023-10,downloads,/202201.tar.gz,2,0
2023-10,downloads,/uc.zip,2,0
2023-10,downloads,/petercorkeweb.tar.gz,2,0
2023-10,downloads,/website1.rar,2,0
2023-10,downloads,/uc_server.tgz,2,0
2023-10,downloads,/petercorkecom.zip,2,0
2023-10,downloads,/petercorke.rar,2,0
2023-10,downloads,/bf.zip,2,0
2023-10,downloads,/202206.rar,2,0
2023-10,downloads,/\xB1\xB8\xB7\xDD.7z,2,0
2023-10,downloads,/uc_server.tar.gz,2,0
2023-10,downloads,/\xD0\xC2\xBD\xA8\xCE\xC4\xBC\xFE\xBC\xD0.rar,2,0
2023-10,downloads,/yuanma.rar,2,0
2023-10,downloads,/petercorke_com.zip,2,0
2023-10,downloads,/202203.rar,2,0
2023-10,downloads,/spa/data/graph_011.txt.gz,2,38372
2023-10,downloads,/202201.zip,2,0
2023-10,downloads,/website1.tar.gz,2,0
2023-10,downloads,/uc.rar,2,0
2023-10,downloads,/bf.tar.gz,2,0
2023-10,downloads,/202202.tar.gz,2,0
2023-10,downloads,/uc_server.rar,2,0
2023-10,downloads,/spa/data/graph_042.txt.gz,2,279810
2023-10,downloads,/1.tar.gz,2,0
2023-10,downloads,/spa/data/graph_022.txt.gz,2,77286
2023-10,downloads,/bbs.tgz,2,0
2023-10,downloads,/uc.7z,2,0
2023-10,downloads,/uc.tgz,2,0
2023-10,downloads,/yuanma.7z,2,0
2023-10,downloads,/data/admin/ver.txt,2,0
2023-10,downloads,/202206.tar.gz,2,0
2023-10,downloads,/bf.7z,2,0
2023-10,downloads,/2022.rar,2,0
2023-10,downloads,/bbs.tar.gz,2,0
2023-10,downloads,/123.tgz,2,0
2023-10,downloads,/petercorke.7z,2,0
2023-10,downloads,/202207.tar.gz,2,0
2023-10,downloads,/202205.zip,2,0
2023-10,downloads,/RVC1/top/errata/pumaaxis.pdf,2,47898
2023-10,downloads,/petercorkewwwroot.zip,2,0
2023-10,downloads,/bbs.7z,2,0
2023-10,downloads,/config.7z,2,0
2023-10,downloads,/bbs.rar,2,0
2023-10,downloads,/petercorkewww.rar,2,0
2023-10,downloads,/202203.tar.gz,2,0
2023-10,downloads,/yuanma.zip,2,0
2023-10,downloads,/spa/data/graph_032.txt.gz,2,168756
2023-10,downloads,/spa/data/graph_033.txt.gz,2,169542
2023-10,downloads,/config.rar,2,0
2023-10,downloads,/bei.tar.gz,2,0
2023-10,downloads,/petercorke.tar.gz,2,0
2023-10,downloads,/\xD0\xC2\xBD\xA8\xCE\xC4\xBC\xFE\xBC\xD0.7z,2,0
2023-10,downloads,/backupdata.tar.gz,2,0
2023-10,downloads,/spa/data/graph_015.txt.gz,2,55504
2023-10,downloads,/petercorkewww.7z,2,0
2023-10,downloads,/123.rar,2,0
2023-10,downloads,/spa/data/graph_060.txt.gz,2,745576
2023-10,downloads,/123.zip,2,0
2023-10,downloads,/1.tgz,2,0
2023-10,downloads,/202206.zip,2,0
2023-10,downloads,/spa/data/graph_013.txt.gz,2,38372
2023-10,downloads,/data/admin/%20ver.txt,2,0
2023-10,downloads,/\xD0\xC2\xBD\xA8\xCE\xC4\xBC\xFE\xBC\xD0.tar.gz,2,0
2023-10,downloads,/bei.rar,2,0
2023-10,downloads,/petercorkeweb.zip,2,0
2023-10,downloads,/bei.tgz,2,0
2023-10,downloads,/spa/data/graph_026.txt.gz,2,115812
2023-10,downloads,/\xB1\xB8\xB7\xDD.zip,2,0
2023-10,downloads,/website1.zip,2,0
2023-10,downloads,/petercorkewww.tar.gz,2,0
2023-10,downloads,/\xB1\xB8\xB7\xDD.rar,2,0
2023-10,downloads,/beifen.zip,2,0
2023-10,downloads,/www.root.tar.gz,2,0
2023-10,downloads,/petercorkecom.rar,2,0
2023-10,downloads,/petercorkecom.tar.gz,2,0
2023-10,downloads,/petercorkeweb.rar,2,0
2023-10,downloads,/202204.zip,2,0
2023-10,downloads,/spa/data/graph_020.txt.gz,2,74076
2023-10,downloads,/uc.tar.gz,2,0
2023-10,downloads,/202205.rar,2,0
2023-10,downloads,/202201.rar,2,0
2023-10,downloads,/spa/data/graph_012.txt.gz,2,38372
2023-10,downloads,/202204.rar,2,0
2023-10,downloads,/yuanma.tar.gz,2,0
2023-10,downloads,/download/20/articles/1061/xml-2.zip,2,5807
2023-10,downloads,/backupdata.zip,2,0
2023-10,downloads,/www.root.zip,2,0
2023-10,downloads,/bf.rar,2,0
2023-10,downloads,/bbs.zip,2,0
2023-10,downloads,/202202.rar,2,0
2023-10,downloads,/bei.zip,2,0
2023-10,downloads,/123.tar.gz,2,0
2023-10,downloads,/backupdata.rar,2,0
2023-10,downloads,/petercorke_com.tar.gz,2,0
2023-10,downloads,/petercorkewwwroot.tar.gz,2,0
2023-10,downloads,/petercorke_com.rar,2,0
2023-10,downloads,/RTB/r8/robot.zip,2,2514424
2023-10,downloads,/202204.tar.gz,2,0
2023-10,downloads,/\xB1\xB8\xB7\xDD.tar.gz,2,0
2023-10,downloads,/bf.tgz,2,0
2023-10,downloads,/bei.7z,2,0
2023-10,downloads,/beifen.rar,2,0
2023-10,downloads,/petercorkewwwroot.rar,2,0
2023-10,downloads,/123.7z,2,0
2023-10,downloads,/petercorkewww.zip,2,0
2023-10,downloads,/petercorkecom.7z,2,0
2023-10,downloads,/petercorkeweb.7z,2,0
2023-10,downloads,/202203.zip,2,0
2023-10,downloads,/202207.rar,2,0
2023-10,downloads,/spa/data/graph_027.txt.gz,2,124452
2023-10,downloads,/spa/data/graph_049.txt.gz,2,545108
2023-10,downloads,/\xD0\xC2\xBD\xA8\xCE\xC4\xBC\xFE\xBC\xD0.zip,2,0
2023-10,downloads,/petercorkewwwroot.7z,2,0
2023-10,downloads,/beifen.tar.gz,2,0
2023-10,downloads,/beifen.7z,2,0
2023-10,downloads,/spa/data/graph_009.txt.gz,1,16418
2023-10,downloads,/spa/data/graph_023.txt.gz,1,41273
2023-10,downloads,/spa/data/graph_036.txt.gz,1,102299
2023-10,downloads,/download/27/rtb/1050/rtb-manual.pdf,1,124
2023-10,downloads,/RTB/r4/robot.zip,1,428254
2023-10,downloads,/pdf/book_comic.pdf,1,101850
2023-10,downloads,/spa/data/graph_025.txt.gz,1,44669
2023-10,downloads,/spa/data/graph_050.txt.gz,1,252014
2023-10,downloads,/spa/data/graph_021.txt.gz,1,35787
2023-10,downloads,/spa/data/graph_047.txt.gz,1,184994
2023-10,downloads,/spa/data/graph_024.txt.gz,1,43100
2023-10,downloads,/spa/data/graph_061.txt.gz,1,383603
2023-10,downloads,/spa/data/graph_045.txt.gz,1,166296
2023-10,downloads,/files/images/traffic_sequence.mpg,1,7949716
2023-10,downloads,/spa/data/graph_029.txt.gz,1,62952
2023-10,downloads,/spa/data/graph_034.txt.gz,1,87208
2023-10,downloads,/spa/data/graph_006.txt.gz,1,14654
2023-10,downloads,/petercorke_com.7z,1,0
2023-10,downloads,/spa/data/graph_057.txt.gz,1,306197
2023-10,downloads,/spa/data/graph_030.txt.gz,1,86129
2023-10,downloads,/files/images/bridge-l.zip,1,121967637
2023-10,downloads,/spa/data/graph_002.txt.gz,1,3885
2023-10,downloads,/spa/data/graph_016.txt.gz,1,26019
2023-10,downloads,/spa/data/graph_010.txt.gz,1,17665
2023-10,downloads,/spa/data/graph_007.txt.gz,1,14684
2023-10,downloads,/spa/data/graph_052.txt.gz,1,257791
2023-10,downloads,/spa/data/graph_048.txt.gz,1,191586
2023-10,downloads,/spa/data/graph_017.txt.gz,1,25564
2023-10,downloads,/files/images/mosaicml.zip,1,6096927
2023-10,downloads,/files/images/bridge-r.zip,1,121762338
2023-10,downloads,/spa/data/graph_035.txt.gz,1,102511
2023-10,downloads,/spa/data/graph_014.txt.gz,1,19642
2023-10,downloads,/rtb/robot.pdf,1,130
2023-10,downloads,/spa/data/graph_001.txt.gz,1,1778
2023-10,downloads,/spa/data/graph_051.txt.gz,1,260734
2023-10,urls,/download/28/mvtb/1109/mvtb-4-3.mltbx,526,32946003152
2023-10,urls,/download/27/rtb/1045/rtb10-4-mltbx.mltbx,2,257
2023-10,urls,/download/20/articles/1056/sincos.mlx,7,28854
2024-10,downloads,/download/27/rtb/1011/robot-10-3-1.zip,675,12936959594
2024-10,downloads,/MVTB/vision.pdf,623,3911815605
2024-10,downloads,/download/20/articles/1062/rtb_dh.pdf,528,204745135
2024-10,downloads,/RTB/robot.pdf,525,3685912720
2024-10,downloads,/RTB/ARA95.pdf,503,37517319
2024-10,downloads,/bluebook/book.pdf,383,1190332486
2024-10,downloads,/download/30/rvc2/1182/solutions.pdf,295,272654384
2024-10,downloads,/download/31/python-tools/1349/python_toolbox_icra_2021.pdf,248,143752928
2024-10,downloads,/doc/simple_systematic.pdf,247,43044820
2024-10,downloads,/download/27/rtb/1351/robot-9-10.zip,154,2616236128
2024-10,downloads,/download/20/articles/1063/rtb_real_robot.pdf,127,106988812
2024-10,downloads,/download/20/articles/1057/prcurves.pdf,93,16054311
2024-10,downloads,/download/30/rvc2/1208/rvc2-livescripts.zip,91,2250803405
2024-10,downloads,/download/20/articles/1041/ets_jacobian.pdf,84,15326565
2024-10,downloads,/download/29/books/1256/corke-bluebook.pdf,81,241663968
2024-10,downloads,/download/20/articles/1064/rtb_4dof.pdf,68,59434982
2024-10,downloads,/download/28/mvtb/1181/contrib2.zip,60,280393776
2024-10,downloads,/download/20/articles/1079/the-bones-of-descartes.pdf,58,20959291
2024-10,downloads,/download/20/articles/1059/urdf-2.pdf,54,41643668
2024-10,downloads,/RTB/r9/robot.pdf,48,377587726
2024-10,downloads,/files/MVTB/images-RVC2b.zip,44,10211139119
2024-10,downloads,/files/MVTB/images-RVC2a.zip,43,2787422243
2024-10,downloads,/axes.pdf,40,1200192
2024-10,downloads,/download/32/documents/1317/aim-177.pdf,37,315196742
2024-10,downloads,/MVTB/r3/vision.pdf,32,207830743
2024-10,downloads,/download/20/articles/1060/xml.pdf,29,2939608
2024-10,downloads,/RVC1/top/toc/toc.pdf,23,2162286
2024-10,downloads,/download/20/articles/1055/solving-trig.pdf,20,2918260
2024-10,downloads,/download/20/articles/1054/insertion.pdf,19,2399966
2024-10,downloads,/download/28/mvtb/1087/vision-4-3.zip,18,857201310
2024-10,downloads,/download/20/articles/1058/urdf.zip,15,176582
2024-10,downloads,/download/30/rvc2/1183/rvc2-eps.zip,15,606456170
2024-10,downloads,/download/31/python-tools/1296/python_toolbox_icra_2020-5.pdf,15,537
2024-10,downloads,/wp-content/uploads/2020/01/book.pdf,12,37201152
2024-10,downloads,/download/20/articles/1193/unimate-puma-servo-system-exposed.pdf,12,144022590
2024-10,downloads,/suttor/GeorgeAndSarahSuttorBook-index.pdf,11,2152865
2024-10,downloads,/axes/paper-axes2-red.pdf,10,332084
2024-10,downloads,/files/images/bridge-l.zip,9,942623105
2024-10,downloads,/download/30/rvc2/1184/rvc2-svg.zip,9,228172269
2024-10,downloads,/suttor/GeorgeAndSarahSuttorBook-TOC.pdf,9,639864
2024-10,downloads,/files/images/mosaicml.zip,8,48775416
2024-10,downloads,/RTB/r8/robot.zip,6,5337194
2024-10,downloads,/files/images/bridge-r.zip,6,730574028
2024-10,downloads,/axes/paper-axes2-grey.pdf,6,205888
2024-10,downloads,/RVC1/top/errata/pumaaxis.pdf,6,143694
2024-10,downloads,/axes/paper-axes2-green.pdf,6,205804
2024-10,downloads,/spa/data/graph_048.txt.gz,5,957930
2024-10,downloads,/spa/data/graph_055.txt.gz,5,1138352
2024-10,downloads,/spa/data/graph_027.txt.gz,4,248904
2024-10,downloads,/RTB/r7/robot.zip,4,2648078
2024-10,downloads,/spa/data/graph_050.txt.gz,4,895306
2024-10,downloads,/spa/data/graph_012.txt.gz,4,76744
2024-10,downloads,/spa/data/graph_003.txt.gz,4,21724
2024-10,downloads,/spa/data/graph_018.txt.gz,4,107652
2024-10,downloads,/spa/data/graph_002.txt.gz,4,15540
2024-10,downloads,/spa/data/graph_026.txt.gz,4,231624
2024-10,downloads,/spa/data/graph_059.txt.gz,4,1202785
2024-10,downloads,/spa/data/graph_049.txt.gz,4,956926
2024-10,downloads,/spa/data/graph_053.txt.gz,4,963884
2024-10,downloads,/spa/data/graph_037.txt.gz,3,303296
2024-10,downloads,/spa/data/graph_019.txt.gz,3,80481
2024-10,downloads,/spa/data/graph_024.txt.gz,3,129300
2024-10,downloads,/spa/data/graph_046.txt.gz,3,466876
2024-10,downloads,/axes/paper-axes2-blue.pdf,3,94776
2024-10,downloads,/spa/data/graph_032.txt.gz,3,253134
2024-10,downloads,/spa/data/graph_020.txt.gz,3,111114
2024-10,downloads,/spa/data/graph_011.txt.gz,3,57558
2024-10,downloads,/spa/data/graph_017.txt.gz,3,76692
2024-10,downloads,/spa/data/graph_040.txt.gz,3,422877
2024-10,downloads,/spa/data/graph_045.txt.gz,3,422704
2024-10,downloads,/pdf/book_comic.pdf,3,9988004
2024-10,downloads,/spa/data/graph_033.txt.gz,3,254313
2024-10,downloads,/spa/data/graph_034.txt.gz,3,261624
2024-10,downloads,/spa/data/graph_016.txt.gz,3,78057
2024-10,downloads,/spa/data/graph_051.txt.gz,3,611580
2024-10,downloads,/spa/data/graph_009.txt.gz,3,49254
2024-10,downloads,/spa/data/graph_036.txt.gz,3,306897
2024-10,downloads,/spa/data/graph_052.txt.gz,3,654846
2024-10,downloads,/spa/data/graph_021.txt.gz,3,107361
2024-10,downloads,/spa/data/graph_028.txt.gz,3,185703
2024-10,downloads,/spa/data/graph_043.txt.gz,3,470454
2024-10,downloads,/spa/data/graph_061.txt.gz,3,857318
2024-10,downloads,/spa/data/graph_001.txt.gz,3,5334
2024-10,downloads,/spa/data/graph_058.txt.gz,3,879730
2024-10,downloads,/spa/data/graph_056.txt.gz,3,739876
2024-10,downloads,/spa/data/graph_025.txt.gz,3,134007
2024-10,downloads,/spa/data/graph_008.txt.gz,3,44199
2024-10,downloads,/spa/data/graph_060.txt.gz,3,835688
2024-10,downloads,/spa/data/graph_030.txt.gz,2,172258
2024-10,downloads,/spa/data/graph_035.txt.gz,2,205022
2024-10,downloads,/spa/data/graph_047.txt.gz,2,275106
2024-10,downloads,/download/30/rvc3/1182/solutions.pdf,2,1882210
2024-10,downloads,/spa/data/graph_031.txt.gz,2,168216
2024-10,downloads,/spa/data/graph_039.txt.gz,2,225316
2024-10,downloads,/spa/data/graph_023.txt.gz,2,82546
2024-10,downloads,/spa/data/graph_029.txt.gz,2,125904
2024-10,downloads,/spa/data/graph_044.txt.gz,2,321546
2024-10,downloads,/spa/data/graph_057.txt.gz,2,396309
2024-10,downloads,/SMTB/spatialmath.pdf,2,6006264
2024-10,downloads,/spa/data/graph_007.txt.gz,2,29368
2024-10,downloads,/spa/data/graph_015.txt.gz,2,55504
2024-10,downloads,/spa/data/graph_005.txt.gz,2,28432
2024-10,downloads,/spa/data/graph_010.txt.gz,2,35330
2024-10,downloads,/spa/data/graph_041.txt.gz,2,284732
2024-10,downloads,/spa/data/graph_054.txt.gz,2,351631
2024-10,downloads,/spa/data/graph_042.txt.gz,2,279810
2024-10,downloads,/spa/data/graph_004.txt.gz,2,11680
2024-10,downloads,/files/MVTB/contrib.zip,2,16491555
2024-10,downloads,/RTB/r6/robot.zip,2,192927
2024-10,downloads,/spa/data/graph_006.txt.gz,2,29308
2024-10,downloads,/spa/data/graph_013.txt.gz,2,38372
2024-10,downloads,/spa/data/graph_038.txt.gz,2,238828
2024-10,downloads,/spa/data/graph_014.txt.gz,2,39284
2024-10,downloads,/spa/data/graph_022.txt.gz,2,77286
2024-10,downloads,/files/MVTB/images1.zip,1,58684085
2024-10,downloads,/download/20/articles/1061/xml-2.zip,1,5807
2024-10,downloads,/RTB/r4/robot.zip,1,98172
2024-10,downloads,/files/images/LeftBag.mpg,1,17201025
2024-10,downloads,/pdf/QUTSchoolCaptainsDinner2017.pdf,1,57098240
2024-10,downloads,//RTB/robot.pdf,1,7638250
2024-10,downloads,/files/MVTB/contrib2.zip,1,9351621
2024-10,urls,/download/20/articles/1056/sincos.mlx,3,14427
2024-10,urls,/download/28/mvtb/1109/mvtb-4-3.mltbx,424,27191364849
2025-10,downloads,/files/salesrank/salesrank.csv,10994,531966678
2025-10,downloads,/RTB/robot.pdf,1150,8219096557
2025-10,downloads,/doc/simple_systematic.pdf,1067,187714124
2025-10,downloads,/download/20/articles/1062/rtb_dh.pdf,858,328874547
2025-10,downloads,/download/31/python-tools/1349/python_toolbox_icra_2021.pdf,836,478941647
2025-10,downloads,/bluebook/book.pdf,815,2407243428
2025-10,downloads,/RTB/ARA95.pdf,709,53573573
2025-10,downloads,/MVTB/vision.pdf,543,3433211290
2025-10,downloads,/download/30/rvc2/1182/solutions.pdf,372,339054527
2025-10,downloads,/download/20/articles/1059/urdf-2.pdf,251,187231931
2025-10,downloads,/download/20/articles/1063/rtb_real_robot.pdf,212,170819314
2025-10,downloads,/download/20/articles/1041/ets_jacobian.pdf,161,36145049
2025-10,downloads,/download/20/articles/1057/prcurves.pdf,115,17690451
2025-10,downloads,/download/31/python-tools/1296/python_toolbox_icra_2020-5.pdf,101,3356
2025-10,downloads,/download/27/rtb/1011/robot-10-3-1.zip,96,1788812057
2025-10,downloads,/download/20/articles/1079/the-bones-of-descartes.pdf,93,31568294
2025-10,downloads,/download/20/articles/1064/rtb_4dof.pdf,67,50782785
2025-10,downloads,/download/29/books/1256/corke-bluebook.pdf,65,177898620
2025-10,downloads,/download/20/articles/1055/solving-trig.pdf,53,6420172
2025-10,downloads,/download/20/articles/1058/urdf.zip,41,376704
2025-10,downloads,/download/20/articles/1060/xml.pdf,41,2705784
2025-10,downloads,/download/28/mvtb/1181/contrib2.zip,41,172961387
2025-10,downloads,/axes.pdf,37,1200192
2025-10,downloads,/RVC1/top/toc/toc.pdf,34,2400674
2025-10,downloads,/files/MVTB/images-RVC2a.zip,33,1574094206
2025-10,downloads,/download/32/documents/1317/aim-177.pdf,32,239636510
2025-10,downloads,/download/30/rvc2/1208/rvc2-livescripts.zip,32,701553274
2025-10,downloads,/suttor/GeorgeAndSarahSuttorBook-TOC.pdf,31,2203976
2025-10,downloads,/suttor/GeorgeAndSarahSuttorBook-index.pdf,26,5088590
2025-10,downloads,/axes/paper-axes2-grey.pdf,24,758016
2025-10,downloads,/files/MVTB/images-RVC2b.zip,24,3126529783
2025-10,downloads,/RTB/r9/robot.pdf,22,126863125
2025-10,downloads,/download/20/articles/1193/unimate-puma-servo-system-exposed.pdf,22,321746241
2025-10,downloads,/download/30/rvc2/1183/rvc2-eps.zip,21,510107342
2025-10,downloads,/download/27/rtb/1351/robot-9-10.zip,21,337380154
2025-10,downloads,/MVTB/r3/vision.pdf,20,96082947
2025-10,downloads,/download/27/rtb/1050/rtb-manual.pdf,20,649
2025-10,downloads,/download/30/rvc2/1184/rvc2-svg.zip,19,341197668
2025-10,downloads,/download/20/articles/1054/insertion.pdf,18,2273652
2025-10,downloads,/axes/paper-axes2-green.pdf,16,505120
2025-10,downloads,/axes/paper-axes2-blue.pdf,15,473880
2025-10,downloads,/spa/data/graph_051.txt.gz,15,3391787
2025-10,downloads,/RVC1/top/errata/pumaaxis.pdf,15,359235
2025-10,downloads,/spa/data/graph_056.txt.gz,14,2966726
2025-10,downloads,/spa/data/graph_019.txt.gz,14,375578
2025-10,downloads,/spa/data/graph_014.txt.gz,14,274988
2025-10,downloads,/spa/data/graph_018.txt.gz,14,376782
2025-10,downloads,/spa/data/graph_017.txt.gz,14,357896
2025-10,downloads,/spa/data/graph_028.txt.gz,13,804713
2025-10,downloads,/spa/data/graph_013.txt.gz,13,249418
2025-10,downloads,/download/28/mvtb/1087/vision-4-3.zip,13,740434949
2025-10,downloads,/spa/data/graph_054.txt.gz,13,2696603
2025-10,downloads,/spa/data/graph_046.txt.gz,13,2120560
2025-10,downloads,/spa/data/graph_059.txt.gz,12,3260948
2025-10,downloads,/spa/data/graph_037.txt.gz,12,1279104
2025-10,downloads,/spa/data/graph_002.txt.gz,12,46620
2025-10,downloads,/spa/data/graph_044.txt.gz,12,1929276
2025-10,downloads,/spa/data/graph_027.txt.gz,12,746712
2025-10,downloads,/spa/data/graph_036.txt.gz,12,1227588
2025-10,downloads,/spa/data/graph_022.txt.gz,12,463716
2025-10,downloads,/spa/data/graph_004.txt.gz,12,70080
2025-10,downloads,/spa/data/graph_030.txt.gz,12,1033548
2025-10,downloads,/spa/data/graph_045.txt.gz,12,1940694
2025-10,downloads,/spa/data/graph_048.txt.gz,11,2079303
2025-10,downloads,/spa/data/graph_029.txt.gz,11,692472
2025-10,downloads,/spa/data/graph_009.txt.gz,11,180598
2025-10,downloads,/spa/data/graph_001.txt.gz,11,19558
2025-10,downloads,/spa/data/graph_026.txt.gz,11,636966
2025-10,downloads,/spa/data/graph_055.txt.gz,11,2471808
2025-10,downloads,/spa/data/graph_021.txt.gz,11,393657
2025-10,downloads,/spa/data/graph_024.txt.gz,11,474100
2025-10,downloads,/spa/data/graph_039.txt.gz,10,1352040
2025-10,downloads,/spa/data/graph_011.txt.gz,10,191860
2025-10,downloads,/spa/data/graph_025.txt.gz,10,446690
2025-10,downloads,/spa/data/graph_041.txt.gz,10,1423660
2025-10,downloads,/pdf/book_comic.pdf,10,35734032
2025-10,downloads,/spa/data/graph_058.txt.gz,10,3031050
2025-10,downloads,/spa/data/graph_008.txt.gz,10,147330
2025-10,downloads,/spa/data/graph_060.txt.gz,10,2613823
2025-10,downloads,/spa/data/graph_007.txt.gz,10,146840
2025-10,downloads,/spa/data/graph_015.txt.gz,10,277520
2025-10,downloads,/spa/data/graph_003.txt.gz,9,48879
2025-10,downloads,/spa/data/graph_031.txt.gz,9,756972
2025-10,downloads,/spa/data/graph_052.txt.gz,9,1885103
2025-10,downloads,/download/20/articles/1061/xml-2.zip,9,52263
2025-10,downloads,/axes/paper-axes2-red.pdf,9,284130
2025-10,downloads,/spa/data/graph_038.txt.gz,9,1074726
2025-10,downloads,/spa/data/graph_042.txt.gz,9,1259145
2025-10,downloads,/wp-content/uploads/2020/01/book.pdf,9,27900864
2025-10,downloads,/spa/data/graph_016.txt.gz,9,234171
2025-10,downloads,/RTB/r8/robot.zip,8,8138988
2025-10,downloads,/spa/data/graph_012.txt.gz,8,153488
2025-10,downloads,/spa/data/graph_035.txt.gz,8,799100
2025-10,downloads,/spa/data/graph_006.txt.gz,8,117232
2025-10,downloads,/spa/data/graph_040.txt.gz,8,1127672
2025-10,downloads,/files/MVTB/images1.zip,7,308280696
2025-10,downloads,/spa/data/graph_020.txt.gz,7,259266
2025-10,downloads,/spa/data/graph_033.txt.gz,7,593397
2025-10,downloads,/RTB/r6/robot.zip,7,682990
2025-10,downloads,/RTB/r7/robot.zip,6,4923423
2025-10,downloads,/SMTB/spatialmath.pdf,6,18018792
2025-10,downloads,/spa/data/graph_061.txt.gz,6,1406642
2025-10,downloads,/RTB/r4/robot.zip,6,1488174
2025-10,downloads,/spa/data/graph_057.txt.gz,5,1261861
2025-10,downloads,/spa/data/graph_005.txt.gz,3,42648
2025-10,downloads,/spa/data/graph_053.txt.gz,2,482007
2025-10,downloads,/files/images/traffic_sequence.mpg,1,7949716
2025-10,downloads,/RTB/current/robot-9.10.zip,1,20991676
2025-10,downloads,/download/27/rtb//1050/rtb-manual.pdf,1,26
2025-10,urls,/download/20/articles/1056/sincos.mlx,25,120225
2025-10,urls,/download/28/mvtb/1109/mvtb-4-3.mltbx,299,18288294836
2021-11,downloads,/RTB/robot.pdf,783,5941296120
2021-11,downloads,/download/27/rtb/1011/robot-10-3-1.zip,730,12223857734
2021-11,downloads,/bluebook/book.pdf,493,1453000097
2021-11,downloads,/MVTB/vision.pdf,450,2903091173
2021-11,downloads,/RTB/ARA95.pdf,391,29428615
2021-11,downloads,/download/31/python-tools/1296/python_toolbox_icra_2020-5.pdf,260,130547629
2021-11,downloads,/download/30/rvc2/1182/solutions.pdf,196,181233135
2021-11,downloads,/doc/simple_systematic.pdf,142,24970374
2021-11,downloads,/download/30/rvc2/1208/rvc2-livescripts.zip,121,2862937476
2021-11,downloads,/download/28/mvtb/1181/contrib2.zip,91,389134078
2021-11,downloads,/download/20/articles/1059/urdf-2.pdf,67,51791344
2021-11,downloads,/files/MVTB/images-RVC2a.zip,62,4021338676
2021-11,downloads,/download/20/articles/1062/rtb_dh.pdf,53,20555093
2021-11,downloads,/files/MVTB/images-RVC2b.zip,53,11360147287
2021-11,downloads,/download/29/books/1256/corke-bluebook.pdf,52,154586301
2021-11,downloads,/download/20/articles/1041/ets_jacobian.pdf,49,11993878
2021-11,downloads,/download/20/articles/1064/rtb_4dof.pdf,44,39367256
2021-11,downloads,/axes.pdf,39,1263360
2021-11,downloads,/axes/paper-axes2-grey.pdf,32,1010688
2021-11,downloads,/download/30/rvc2/1184/rvc2-svg.zip,22,567939227
2021-11,downloads,/download/20/articles/1060/xml.pdf,21,2204706
2021-11,downloads,/download/30/rvc2/1183/rvc2-eps.zip,21,781239178
2021-11,downloads,/download/20/articles/1063/rtb_real_robot.pdf,20,17020188
2021-11,downloads,/RTB/r9/robot.pdf,19,145126750
2021-11,downloads,/MVTB/r3/vision.pdf,19,123595988
2021-11,downloads,/download/20/articles/1079/the-bones-of-descartes.pdf,19,7155010
2021-11,downloads,/download/20/articles/1057/prcurves.pdf,19,3351999
2021-11,downloads,/axes/paper-axes2-red.pdf,15,473550
2021-11,downloads,/RVC1/top/toc/toc.pdf,14,934542
2021-11,downloads,/download/20/articles/1054/insertion.pdf,12,1515768
2021-11,downloads,/RTB/r8/robot.zip,10,12572120
2021-11,downloads,/spa/data/graph_060.txt.gz,9,2194473
2021-11,downloads,/axes/paper-axes2-green.pdf,9,284130
2021-11,downloads,/spa/data/graph_058.txt.gz,9,2479165
2021-11,downloads,/axes/paper-axes2-blue.pdf,8,252736
2021-11,downloads,/spa/data/graph_032.txt.gz,8,675024
2021-11,downloads,/spa/data/graph_061.txt.gz,8,1886898
2021-11,downloads,/spa/data/graph_053.txt.gz,8,1601142
2021-11,downloads,/spa/data/graph_015.txt.gz,7,194264
2021-11,downloads,/spa/data/graph_057.txt.gz,7,1332099
2021-11,downloads,/spa/data/graph_054.txt.gz,7,1144439
2021-11,downloads,/download/32/documents/1317/aim-177.pdf,7,32718386
2021-11,downloads,/spa/data/graph_052.txt.gz,7,1264099
2021-11,downloads,/spa/data/graph_059.txt.gz,7,1477871
2021-11,downloads,/download/20/articles/1058/urdf.zip,7,82404
2021-11,downloads,/spa/data/graph_055.txt.gz,7,1309674
2021-11,downloads,/spa/data/graph_056.txt.gz,7,1326108
2021-11,downloads,/spa/data/graph_045.txt.gz,7,1028088
2021-11,downloads,/spa/data/graph_027.txt.gz,7,435582
2021-11,downloads,/spa/data/graph_006.txt.gz,6,87924
2021-11,downloads,/suttor/GeorgeAndSarahSuttorBook-index.pdf,6,1174290
2021-11,downloads,/download/20/articles/1193/unimate-puma-servo-system-exposed.pdf,6,111301253
2021-11,downloads,/spa/data/graph_005.txt.gz,6,85296
2021-11,downloads,/spa/data/graph_003.txt.gz,6,32586
2021-11,downloads,/spa/data/graph_026.txt.gz,6,347436
2021-11,downloads,/spa/data/graph_041.txt.gz,6,766072
2021-11,downloads,/spa/data/graph_044.txt.gz,6,856084
2021-11,downloads,/spa/data/graph_039.txt.gz,6,737424
2021-11,downloads,/spa/data/graph_035.txt.gz,6,615066
2021-11,downloads,/spa/data/graph_021.txt.gz,6,214722
2021-11,downloads,/spa/data/graph_028.txt.gz,6,371406
2021-11,downloads,/spa/data/graph_033.txt.gz,6,508626
2021-11,downloads,/spa/data/graph_040.txt.gz,6,776828
2021-11,downloads,/spa/data/graph_030.txt.gz,5,430645
2021-11,downloads,/spa/data/graph_013.txt.gz,5,95930
2021-11,downloads,/spa/data/graph_037.txt.gz,5,516480
2021-11,downloads,/spa/data/graph_018.txt.gz,5,134565
2021-11,downloads,/spa/data/graph_004.txt.gz,5,29200
2021-11,downloads,/spa/data/graph_031.txt.gz,5,420540
2021-11,downloads,/spa/data/graph_020.txt.gz,5,185190
2021-11,downloads,/spa/data/graph_010.txt.gz,5,88325
2021-11,downloads,/spa/data/graph_012.txt.gz,5,95930
2021-11,downloads,/spa/data/graph_046.txt.gz,5,728986
2021-11,downloads,/files/MVTB/contrib2.zip,5,24826530
2021-11,downloads,/spa/data/graph_048.txt.gz,5,872840
2021-11,downloads,/spa/data/graph_017.txt.gz,5,127820
2021-11,downloads,/spa/data/graph_014.txt.gz,5,98210
2021-11,downloads,/spa/data/graph_047.txt.gz,5,767974
2021-11,downloads,/spa/data/graph_043.txt.gz,5,683446
2021-11,downloads,/spa/data/graph_038.txt.gz,5,554850
2021-11,downloads,/spa/data/graph_034.txt.gz,5,436040
2021-11,downloads,/spa/data/graph_008.txt.gz,5,73665
2021-11,downloads,/spa/data/graph_049.txt.gz,5,1030654
2021-11,downloads,/spa/data/graph_009.txt.gz,4,65672
2021-11,downloads,/spa/data/graph_023.txt.gz,4,165092
2021-11,downloads,/spa/data/graph_036.txt.gz,4,397009
2021-11,downloads,/spa/data/graph_002.txt.gz,4,15540
2021-11,downloads,/pdf/book_comic.pdf,4,19160148
2021-11,downloads,/spa/data/graph_011.txt.gz,4,76744
2021-11,downloads,/spa/data/graph_016.txt.gz,4,104076
2021-11,downloads,/spa/data/graph_025.txt.gz,4,178676
2021-11,downloads,/spa/data/graph_050.txt.gz,4,717020
2021-11,downloads,/spa/data/graph_042.txt.gz,4,526211
2021-11,downloads,/spa/data/graph_007.txt.gz,4,58736
2021-11,downloads,/suttor/GeorgeAndSarahSuttorBook-TOC.pdf,4,284384
2021-11,downloads,/spa/data/graph_022.txt.gz,4,154572
2021-11,downloads,/download/20/articles/1061/xml-2.zip,4,23228
2021-11,downloads,/spa/data/graph_001.txt.gz,4,7112
2021-11,downloads,/spa/data/graph_024.txt.gz,4,172400
2021-11,downloads,/spa/data/graph_029.txt.gz,4,251808
2021-11,downloads,/spa/data/graph_019.txt.gz,4,107308
2021-11,downloads,/spa/data/graph_051.txt.gz,4,718076
2021-11,downloads,/wp-content/uploads/2020/01/book.pdf,3,9300288
2021-11,downloads,/RTB/r6/robot.zip,3,292710
2021-11,downloads,/wp-includes/ID3/license.txt,3,1105
2021-11,downloads,/download/20/articles/1055/solving-trig.pdf,3,437739
2021-11,downloads,/license.txt,3,24978
2021-11,downloads,/RVC1/top/errata/pumaaxis.pdf,3,71847
2021-11,downloads,/RTB/r7/robot.zip,3,2555538
2021-11,downloads,/RTB/r4/robot.zip,2,496058
2021-11,downloads,/wordpress/wp-config%20fix.txt,1,88
2021-11,downloads,/sitemap_index.xml.gz,1,107
2021-11,downloads,/new/wp-config-backup1.txt,1,88
2021-11,downloads,/wp/wp-config%20fix.txt,1,88
2021-11,downloads,/old/wp-config-backup1.txt,1,88
2021-11,downloads,/files/Octave.zip,1,80393
2021-11,downloads,/wordpress/wp-config-backup1.txt,1,88
2021-11,downloads,/sitemap-index.xml.gz,1,107
2021-11,downloads,/old/wp-config%20fix.txt,1,88
2021-11,downloads,https://petercorke.com/bluebook/book.pdf,1,1117567
2021-11,downloads,/wp/wp-config-backup1.txt,1,88
2021-11,downloads,/site/wp-config-backup1.txt,1,88
2021-11,downloads,/sitemap.xml.gz,1,107
2021-11,downloads,/new/wp-config%20fix.txt,1,88
2021-11,downloads,/site/wp-config%20fix.txt,1,88
2021-11,urls,/download/28/mvtb/1109/mvtb-4-3.mltbx,394,24962854355
2021-11,urls,/download/27/rtb/1045/rtb10-4-mltbx.mltbx,1,96
2021-11,urls,/download/20/articles/1056/sincos.mlx,2,9618
2022-11,downloads,/RTB/robot.pdf,1330,10887512504
2022-11,downloads,/MVTB/vision.pdf,429,3099171948
2022-11,downloads,/RTB/ARA95.pdf,356,27941509
2022-11,downloads,/download/27/rtb/1011/robot-10-3-1.zip,346,7269404648
2022-11,downloads,/download/30/rvc2/1182/solutions.pdf,340,310749309
2022-11,downloads,/bluebook/book.pdf,322,1134516369
2022-11,downloads,/download/27/rtb/1050/rtb-manual.pdf,249,33366
2022-11,downloads,/download/30/rvc2/1208/rvc2-livescripts.zip,204,5584617957
2022-11,downloads,/download/31/python-tools/1349/python_toolbox_icra_2021.pdf,201,112376952
2022-11,downloads,/download/20/articles/1059/urdf-2.pdf,162,125840962
2022-11,downloads,/download/20/articles/1062/rtb_dh.pdf,133,50912660
2022-11,downloads,/doc/simple_systematic.pdf,131,23452010
2022-11,downloads,/download/20/articles/1041/ets_jacobian.pdf,121,29510984
2022-11,downloads,/MVTB/r3/vision.pdf,120,918524316
2022-11,downloads,/download/27/rtb/1351/robot-9-10.zip,119,2574554826
2022-11,downloads,/download/28/mvtb/1181/contrib2.zip,96,449851868
2022-11,downloads,/download/20/articles/1063/rtb_real_robot.pdf,88,73871424
2022-11,downloads,/files/MVTB/images-RVC2a.zip,74,4760516274
2022-11,downloads,/download/20/articles/1064/rtb_4dof.pdf,67,59435759
2022-11,downloads,/download/29/books/1256/corke-bluebook.pdf,66,182340888
2022-11,downloads,/download/30/rvc2/1183/rvc2-eps.zip,65,2840617450
2022-11,downloads,/files/MVTB/images-RVC2b.zip,55,13467044743
2022-11,downloads,/download/20/articles/1079/the-bones-of-descartes.pdf,52,20056244
2022-11,downloads,/download/20/articles/1060/xml.pdf,49,5144314
2022-11,downloads,/download/28/mvtb/1087/vision-4-3.zip,49,1123849037
2022-11,downloads,/download/32/documents/1317/aim-177.pdf,37,382379382
2022-11,downloads,/download/31/python-tools/1296/python_toolbox_icra_2020-5.pdf,35,1328
2022-11,downloads,/axes.pdf,30,821184
2022-11,downloads,/download/30/rvc2/1184/rvc2-svg.zip,30,1013862639
2022-11,downloads,/download/20/articles/1055/solving-trig.pdf,28,4085564
2022-11,downloads,/download/20/articles/1057/prcurves.pdf,24,4234104
2022-11,downloads,/download/20/articles/1058/urdf.zip,23,270756
2022-11,downloads,/RVC1/top/toc/toc.pdf,18,1243728
2022-11,downloads,/download/20/articles/1193/unimate-puma-servo-system-exposed.pdf,17,554847428
2022-11,downloads,/download/20/articles/1054/insertion.pdf,13,1642082
2022-11,downloads,/axes/paper-axes2-red.pdf,12,378840
2022-11,downloads,/spa/data/graph_025.txt.gz,12,536028
2022-11,downloads,/suttor/GeorgeAndSarahSuttorBook-index.pdf,11,2348580
2022-11,downloads,/spa/data/graph_016.txt.gz,11,286209
2022-11,downloads,/axes/paper-axes2-grey.pdf,11,379008
2022-11,downloads,/spa/data/graph_049.txt.gz,11,2998094
2022-11,downloads,/files/images/bridge-l.zip,10,1219676370
2022-11,downloads,/axes/paper-axes2-blue.pdf,10,315920
2022-11,downloads,/spa/data/graph_004.txt.gz,9,52560
2022-11,downloads,/pdf/book_comic.pdf,9,47900370
2022-11,downloads,/spa/data/graph_042.txt.gz,9,1259145
2022-11,downloads,/spa/data/graph_022.txt.gz,9,347787
2022-11,downloads,/spa/data/graph_056.txt.gz,9,2407842
2022-11,downloads,/spa/data/graph_039.txt.gz,9,1216836
2022-11,downloads,/spa/data/graph_057.txt.gz,8,2449576
2022-11,downloads,/spa/data/graph_002.txt.gz,8,31080
2022-11,downloads,/spa/data/graph_059.txt.gz,8,2967128
2022-11,downloads,/spa/data/graph_027.txt.gz,8,497808
2022-11,downloads,/RTB/r9/robot.pdf,7,76382500
2022-11,downloads,/spa/data/graph_046.txt.gz,7,1203986
2022-11,downloads,/spa/data/graph_047.txt.gz,7,1294958
2022-11,downloads,/spa/data/graph_024.txt.gz,7,301700
2022-11,downloads,/files/MVTB/images1.zip,7,533602377
2022-11,downloads,/files/images/mosaic.zip,7,173489358
2022-11,downloads,//wp-includes/ID3/license.txt,7,6989
2022-11,downloads,/spa/data/graph_040.txt.gz,7,986713
2022-11,downloads,/spa/data/graph_034.txt.gz,7,610456
2022-11,downloads,/spa/data/graph_006.txt.gz,6,87924
2022-11,downloads,/spa/data/graph_013.txt.gz,6,115116
2022-11,downloads,/spa/data/graph_005.txt.gz,6,85296
2022-11,downloads,/spa/data/graph_018.txt.gz,6,161478
2022-11,downloads,/spa/data/graph_020.txt.gz,6,222228
2022-11,downloads,/spa/data/graph_054.txt.gz,6,1569114
2022-11,downloads,/spa/data/graph_007.txt.gz,6,88104
2022-11,downloads,/spa/data/graph_028.txt.gz,6,371406
2022-11,downloads,/spa/data/graph_038.txt.gz,6,716484
2022-11,downloads,/spa/data/graph_015.txt.gz,5,138760
2022-11,downloads,/spa/data/graph_011.txt.gz,5,95930
2022-11,downloads,/spa/data/graph_050.txt.gz,5,1260070
2022-11,downloads,/spa/data/graph_055.txt.gz,5,1310300
2022-11,downloads,/spa/data/graph_014.txt.gz,5,98210
2022-11,downloads,/axes/paper-axes2-green.pdf,5,157850
2022-11,downloads,/spa/data/graph_051.txt.gz,5,1303670
2022-11,downloads,/spa/data/graph_008.txt.gz,5,73665
2022-11,downloads,/suttor/GeorgeAndSarahSuttorBook-TOC.pdf,4,355480
2022-11,downloads,/RTB/r8/robot.zip,4,7580204
2022-11,downloads,/spa/data/graph_001.txt.gz,4,7112
2022-11,downloads,/spa/data/graph_009.txt.gz,3,49254
2022-11,downloads,/spa/data/graph_003.txt.gz,3,16293
2022-11,downloads,/spa/data/graph_026.txt.gz,3,173718
2022-11,downloads,/spa/data/graph_031.txt.gz,3,252324
2022-11,downloads,/spa/data/graph_010.txt.gz,3,52995
2022-11,downloads,/license.txt,3,24981
2022-11,downloads,/files/images/bridge-r.zip,3,365287014
2022-11,downloads,/spa/data/graph_021.txt.gz,3,107361
2022-11,downloads,/spa/data/graph_035.txt.gz,3,307533
2022-11,downloads,/spa/data/graph_032.txt.gz,3,253134
2022-11,downloads,/spa/data/graph_033.txt.gz,3,254313
2022-11,downloads,/spa/data/graph_061.txt.gz,3,1150809
2022-11,downloads,/spa/data/graph_058.txt.gz,3,1184427
2022-11,downloads,/spa/data/graph_036.txt.gz,2,204598
2022-11,downloads,/spa/data/graph_030.txt.gz,2,172258
2022-11,downloads,/spa/data/graph_041.txt.gz,2,284732
2022-11,downloads,/spa/data/graph_052.txt.gz,2,515582
2022-11,downloads,/spa/data/graph_048.txt.gz,2,383172
2022-11,downloads,/spa/data/graph_017.txt.gz,2,51128
2022-11,downloads,/spa/data/graph_043.txt.gz,2,313636
2022-11,downloads,/spa/data/graph_045.txt.gz,2,332592
2022-11,downloads,/spa/data/graph_029.txt.gz,2,125904
2022-11,downloads,/spa/data/graph_019.txt.gz,2,53654
2022-11,downloads,/spa/data/graph_053.txt.gz,2,538824
2022-11,downloads,/RTB/r7/robot.zip,2,1703692
2022-11,downloads,/spa/data/graph_023.txt.gz,1,41273
2022-11,downloads,/spa/data/graph_060.txt.gz,1,372788
2022-11,downloads,/spa/data/graph_037.txt.gz,1,106592
2022-11,downloads,/RTB/r4/robot.zip,1,248029
2022-11,downloads,/RTB/r6/robot.zip,1,97570
2022-11,downloads,/download/31/python-tools/1296/python_toolbox_icra_2021-5.pdf,1,58
2022-11,downloads,/wp-includes/ID3/license.txt,1,136
2022-11,downloads,/spa/data/graph_012.txt.gz,1,19186
2022-11,downloads,/download/20/articles/1061/xml-2.zip,1,5807
2022-11,downloads,/spa/data/graph_044.txt.gz,1,160773
2022-11,downloads,/doc/rtb_dh.pdf,1,125
2022-11,downloads,/RVC1/top/errata/pumaaxis.pdf,1,23949
2022-11,urls,/download/28/mvtb/1109/mvtb-4-3.mltbx,507,31618659345
2022-11,urls,/download/20/articles/1056/sincos.mlx,3,14427
2023-11,downloads,/RTB/robot.pdf,698,4652479347
2023-11,downloads,/MVTB/vision.pdf,518,3214630760
2023-11,downloads,/bluebook/book.pdf,333,979927404
2023-11,downloads,/download/27/rtb/1011/robot-10-3-1.zip,329,6257536333
2023-11,downloads,/download/30/rvc2/1182/solutions.pdf,276,243841586
2023-11,downloads,/download/31/python-tools/1349/python_toolbox_icra_2021.pdf,236,135110032
2023-11,downloads,/doc/simple_systematic.pdf,192,34303231
2023-11,downloads,/RTB/ARA95.pdf,180,13559432
2023-11,downloads,/download/20/articles/1062/rtb_dh.pdf,168,64105322
2023-11,downloads,/download/30/rvc2/1208/rvc2-livescripts.zip,123,2838460529
2023-11,downloads,/download/20/articles/1063/rtb_real_robot.pdf,98,73014119
2023-11,downloads,/download/20/articles/1059/urdf-2.pdf,81,57868514
2023-11,downloads,/download/29/books/1256/corke-bluebook.pdf,77,231048827
2023-11,downloads,/download/20/articles/1041/ets_jacobian.pdf,66,15268366
2023-11,downloads,/download/27/rtb/1351/robot-9-10.zip,63,1173744764
2023-11,downloads,/download/20/articles/1057/prcurves.pdf,63,10610523
2023-11,downloads,/files/MVTB/images-RVC2a.zip,63,4157378210
2023-11,downloads,/RTB/r9/robot.pdf,59,450656750
2023-11,downloads,/download/28/mvtb/1181/contrib2.zip,55,249936197
2023-11,downloads,/download/31/python-tools/1296/python_toolbox_icra_2020-5.pdf,51,1244
2023-11,downloads,/MVTB/r3/vision.pdf,45,280226792
2023-11,downloads,/axes.pdf,43,1154433
2023-11,downloads,/download/20/articles/1064/rtb_4dof.pdf,43,36395174
2023-11,downloads,/files/MVTB/images-RVC2b.zip,37,7928520477
2023-11,downloads,/download/32/documents/1317/aim-177.pdf,33,233047230
2023-11,downloads,/download/20/articles/1193/unimate-puma-servo-system-exposed.pdf,27,116055154
2023-11,downloads,/download/20/articles/1060/xml.pdf,25,2519664
2023-11,downloads,/download/30/rvc2/1183/rvc2-eps.zip,23,1090708957
2023-11,downloads,/download/20/articles/1079/the-bones-of-descartes.pdf,23,7405841
2023-11,downloads,/download/20/articles/1055/solving-trig.pdf,21,2805334
2023-11,downloads,/download/20/articles/1058/urdf.zip,21,211896
2023-11,downloads,/download/30/rvc2/1184/rvc2-svg.zip,16,433619461
2023-11,downloads,/RVC1/top/toc/toc.pdf,15,1065614
2023-11,downloads,/download/28/mvtb/1087/vision-4-3.zip,13,779106500
2023-11,downloads,/download/20/articles/1054/insertion.pdf,11,1389454
2023-11,downloads,/axes/paper-axes2-grey.pdf,10,316865
2023-11,downloads,/axes/paper-axes2-red.pdf,9,285155
2023-11,downloads,/wp-content/uploads/2020/01/book.pdf,8,24800768
2023-11,downloads,/files/images/bridge-l.zip,7,829322997
2023-11,downloads,/spa/data/graph_020.txt.gz,7,259266
2023-11,downloads,/pdf/book_comic.pdf,6,23950185
2023-11,downloads,/axes/paper-axes2-blue.pdf,6,189552
2023-11,downloads,/axes/paper-axes2-green.pdf,6,189420
2023-11,downloads,/spa/data/graph_048.txt.gz,6,1149516
2023-11,downloads,/files/images/bridge-r.zip,6,730574028
2023-11,downloads,/suttor/GeorgeAndSarahSuttorBook-index.pdf,5,978575
2023-11,downloads,/spa/data/graph_055.txt.gz,5,1203888
2023-11,downloads,/spa/data/graph_015.txt.gz,5,138760
2023-11,downloads,/files/images/mosaicml.zip,5,30484635
2023-11,downloads,/suttor/GeorgeAndSarahSuttorBook-TOC.pdf,4,284384
2023-11,downloads,/files/MVTB/images1.zip,4,222238751
2023-11,downloads,/spa/data/graph_016.txt.gz,4,104076
2023-11,downloads,/download/20/articles/1061/xml-2.zip,4,23228
2023-11,downloads,/spa/data/graph_009.txt.gz,3,49254
2023-11,downloads,/RTB/r7/robot.zip,3,2649955
2023-11,downloads,/RTB/r8/robot.zip,3,2626099
2023-11,downloads,/wp-content/plugins/login-as-customer-or-user/readme.txt,3,545
2023-11,downloads,/spa/data/graph_018.txt.gz,2,53826
2023-11,downloads,/download/30/rvc3/1182/solutions.pdf,2,1882210
2023-11,downloads,/spa/data/graph_011.txt.gz,2,38372
2023-11,downloads,/spa/data/graph_025.txt.gz,2,89338
2023-11,downloads,/spa/data/graph_022.txt.gz,2,77286
2023-11,downloads,/download/30/rvc4/1182/solutions.pdf,2,1882210
2023-11,downloads,/spa/data/graph_021.txt.gz,2,71574
2023-11,downloads,/sitemap.txt,2,314
2023-11,downloads,/spa/data/graph_017.txt.gz,2,51128
2023-11,downloads,/spa/data/graph_019.txt.gz,2,53654
2023-11,downloads,/spa/data/graph_049.txt.gz,2,428202
2023-11,downloads,/about/wp-content/plugins/login-as-customer-or-user/readme.txt,1,184
2023-11,downloads,/spa/data/graph_023.txt.gz,1,41273
2023-11,downloads,/spa/data/graph_036.txt.gz,1,90112
2023-11,downloads,/spa/data/graph_003.txt.gz,1,5431
2023-11,downloads,/RTB/r4/robot.zip,1,88316
2023-11,downloads,/wp-config.php.txt,1,163
2023-11,downloads,/wp-config-backup.txt,1,165
2023-11,downloads,/spa/data/graph_031.txt.gz,1,84108
2023-11,downloads,/spa/data/graph_041.txt.gz,1,142366
2023-11,downloads,/spa/data/graph_050.txt.gz,1,90112
2023-11,downloads,/spa/data/graph_054.txt.gz,1,155648
2023-11,downloads,/resources/articles-tutorials/wp-content/plugins/login-as-customer-or-user/readme.txt,1,200
2023-11,downloads,/toolboxes/robotics-toolbox/wp-content/plugins/login-as-customer-or-user/readme.txt,1,194
2023-11,downloads,/spa/data/graph_042.txt.gz,1,90112
2023-11,downloads,/spa/data/graph_044.txt.gz,1,106496
2023-11,downloads,/doc/rtb_dh.pdf,1,162
2023-11,downloads,/resources/robot-academy/wp-content/plugins/login-as-customer-or-user/readme.txt,1,194
2023-11,downloads,/files/images/LeftBag.mpg,1,17201025
2023-11,downloads,/wp-content/plugins/woocommerce-payments/readme.txt,1,186
2023-11,downloads,/spa/data/graph_047.txt.gz,1,90112
2023-11,downloads,/RVC1/top/errata/pumaaxis.pdf,1,23949
2023-11,downloads,/spa/data/graph_043.txt.gz,1,90112
2023-11,downloads,/spa/data/graph_024.txt.gz,1,43100
2023-11,downloads,/spa/data/graph_032.txt.gz,1,84378
2023-11,downloads,/spa/data/graph_033.txt.gz,1,84771
2023-11,downloads,/spa/data/graph_061.txt.gz,1,90112
2023-11,downloads,/wp-config.txt,1,160
2023-11,downloads,//wp-content/plugins/drag-and-drop-multiple-file-upload-contact-form-7/readme.txt,1,209
2023-11,downloads,/spa/data/graph_045.txt.gz,1,166296
2023-11,downloads,/spa/data/graph_029.txt.gz,1,62952
2023-11,downloads,/spa/data/graph_040.txt.gz,1,140959
2023-11,downloads,/spa/data/graph_034.txt.gz,1,87208
2023-11,downloads,/wordpress/wp-content/plugins/login-as-customer-or-user/readme.txt,1,195
2023-11,downloads,/spa/data/graph_053.txt.gz,1,221184
2023-11,downloads,/spa/data/graph_058.txt.gz,1,221184
2023-11,downloads,/spa/data/graph_006.txt.gz,1,14654
2023-11,downloads,/spa/data/graph_057.txt.gz,1,90112
2023-11,downloads,/spa/data/graph_030.txt.gz,1,86129
2023-11,downloads,/spa/data/graph_060.txt.gz,1,221184
2023-11,downloads,/spa/data/graph_013.txt.gz,1,19186
2023-11,downloads,/spa/data/graph_005.txt.gz,1,14216
2023-11,downloads,//wp-content/plugins/royal-elementor-addons/readme.txt,1,189
2023-11,downloads,/spa/data/graph_037.txt.gz,1,106592
2023-11,downloads,/config.php.tar.gz,1,163
2023-11,downloads,/spa/data/graph_026.txt.gz,1,57906
2023-11,downloads,/spa/data/graph_002.txt.gz,1,3885
2023-11,downloads,/books/wp-content/plugins/login-as-customer-or-user/readme.txt,1,184
2023-11,downloads,/spa/data/graph_004.txt.gz,1,5840
2023-11,downloads,/config.php.zip,1,161
2023-11,downloads,/RTB/r6/robot.zip,1,97570
2023-11,downloads,/spa/data/graph_010.txt.gz,1,17665
2023-11,downloads,/spa/data/graph_012.txt.gz,1,19186
2023-11,downloads,/spa/data/graph_007.txt.gz,1,14684
2023-11,downloads,/spa/data/graph_046.txt.gz,1,155648
2023-11,downloads,/spa/data/graph_052.txt.gz,1,155648
2023-11,downloads,/books/robotics-vision-control-all-versions/wp-content/plugins/login-as-customer-or-user/readme.txt,1,206
2023-11,downloads,/spa/data/graph_059.txt.gz,1,122880
2023-11,downloads,/resources/wp-content/plugins/login-as-customer-or-user/readme.txt,1,184
2023-11,downloads,/spa/data/graph_056.txt.gz,1,90112
2023-11,downloads,/spa/data/graph_039.txt.gz,1,90112
2023-11,downloads,/spa/data/graph_035.txt.gz,1,102511
2023-11,downloads,/spa/data/graph_014.txt.gz,1,19642
2023-11,downloads,/spa/data/graph_001.txt.gz,1,1778
2023-11,downloads,/spa/data/graph_028.txt.gz,1,61901
2023-11,downloads,/spa/data/graph_038.txt.gz,1,90112
2023-11,downloads,/toolboxes/machine-vision-toolbox/wp-content/plugins/login-as-customer-or-user/readme.txt,1,201
2023-11,downloads,/toolboxes/wp-content/plugins/login-as-customer-or-user/readme.txt,1,187
2023-11,downloads,/spa/data/graph_051.txt.gz,1,204800
2023-11,downloads,/spa/data/graph_027.txt.gz,1,62226
2023-11,downloads,/spa/data/graph_008.txt.gz,1,14733
2023-11,urls,/download/28/mvtb/1109/mvtb-4-3.mltbx,338,21858880839
2023-11,urls,/download/27/rtb/1045/rtb10-4-mltbx.mltbx,1,129
2023-11,urls,/download/20/articles/1056/sincos.mlx,5,24045
2024-11,downloads,/MVTB/vision.pdf,628,3479004242
2024-11,downloads,/download/20/articles/1062/rtb_dh.pdf,554,211912131
2024-11,downloads,/download/27/rtb/1011/robot-10-3-1.zip,547,10611120260
2024-11,downloads,/RTB/robot.pdf,448,3010786092
2024-11,downloads,/RTB/ARA95.pdf,439,32477112
2024-11,downloads,/bluebook/book.pdf,381,1213476042
2024-11,downloads,/doc/simple_systematic.pdf,280,48409529
2024-11,downloads,/download/31/python-tools/1349/python_toolbox_icra_2021.pdf,240,133777899
2024-11,downloads,/download/30/rvc2/1182/solutions.pdf,215,198204850
2024-11,downloads,/download/20/articles/1063/rtb_real_robot.pdf,167,138896083
2024-11,downloads,/download/27/rtb/1351/robot-9-10.zip,141,2099290488
2024-11,downloads,/download/20/articles/1057/prcurves.pdf,120,20242265
2024-11,downloads,/download/30/rvc2/1208/rvc2-livescripts.zip,97,2430031331
2024-11,downloads,/download/29/books/1256/corke-bluebook.pdf,82,249658744
2024-11,downloads,/download/20/articles/1041/ets_jacobian.pdf,76,18444334
2024-11,downloads,/download/20/articles/1059/urdf-2.pdf,67,50316001
2024-11,downloads,/download/28/mvtb/1181/contrib2.zip,55,253847038
2024-11,downloads,/download/20/articles/1064/rtb_4dof.pdf,47,42760852
2024-11,downloads,/RTB/r9/robot.pdf,40,288461522
2024-11,downloads,/MVTB/r3/vision.pdf,38,240030185
2024-11,downloads,/files/MVTB/images-RVC2b.zip,36,7704875077
2024-11,downloads,/files/MVTB/images-RVC2a.zip,36,2524569026
2024-11,downloads,/axes.pdf,36,1042272
2024-11,downloads,/download/32/documents/1317/aim-177.pdf,33,264708237
2024-11,downloads,/download/20/articles/1058/urdf.zip,29,329616
2024-11,downloads,/download/20/articles/1079/the-bones-of-descartes.pdf,26,9789347
2024-11,downloads,/download/31/python-tools/1296/python_toolbox_icra_2020-5.pdf,21,635
2024-11,downloads,/download/20/articles/1055/solving-trig.pdf,21,3073744
2024-11,downloads,/download/20/articles/1060/xml.pdf,20,2099720
2024-11,downloads,/download/30/rvc2/1183/rvc2-eps.zip,16,567476026
2024-11,downloads,/download/20/articles/1193/unimate-puma-servo-system-exposed.pdf,13,260401500
2024-11,downloads,/axes/paper-axes2-grey.pdf,13,444226
2024-11,downloads,/download/20/articles/1054/insertion.pdf,12,1515768
2024-11,downloads,/suttor/GeorgeAndSarahSuttorBook-index.pdf,11,2152865
2024-11,downloads,/RVC1/top/toc/toc.pdf,11,800844
2024-11,downloads,/download/30/rvc2/1184/rvc2-svg.zip,11,228345743
2024-11,downloads,/spa/data/graph_023.txt.gz,10,412730
2024-11,downloads,/suttor/GeorgeAndSarahSuttorBook-TOC.pdf,10,705399
2024-11,downloads,/axes/paper-axes2-red.pdf,9,285155
2024-11,downloads,/files/images/bridge-l.zip,8,744087502
2024-11,downloads,/download/28/mvtb/1087/vision-4-3.zip,8,325796197
2024-11,downloads,/RTB/r8/robot.zip,7,5130816
2024-11,downloads,/files/images/mosaicml.zip,7,42678489
2024-11,downloads,/wp-content/uploads/2020/01/book.pdf,6,18600576
2024-11,downloads,/files/images/bridge-r.zip,5,500893439
2024-11,downloads,/RTB/r7/robot.zip,5,3522072
2024-11,downloads,/axes/paper-axes2-blue.pdf,5,157960
2024-11,downloads,/axes/paper-axes2-green.pdf,4,126280
2024-11,downloads,/pdf/book_comic.pdf,4,19160148
2024-11,downloads,/spa/data/graph_006.txt.gz,3,43962
2024-11,downloads,/spa/data/graph_048.txt.gz,3,473284
2024-11,downloads,/spa/data/graph_056.txt.gz,3,625188
2024-11,downloads,/SMTB/spatialmath.pdf,3,9009396
2024-11,downloads,/spa/data/graph_004.txt.gz,3,17520
2024-11,downloads,/spa/data/graph_026.txt.gz,3,173718
2024-11,downloads,/spa/data/graph_025.txt.gz,3,134007
2024-11,downloads,/files/MVTB/images1.zip,3,176052255
2024-11,downloads,/RTB/r4/robot.zip,2,496058
2024-11,downloads,/spa/data/graph_036.txt.gz,2,192411
2024-11,downloads,/cv/corke-resume.mov,2,255586
2024-11,downloads,/pdf/QUTSchoolCaptainsDinner2017.pdf,2,110080280
2024-11,downloads,/spa/data/graph_012.txt.gz,2,38372
2024-11,downloads,/spa/data/graph_055.txt.gz,1,204800
2024-11,downloads,/spa/data/graph_010.txt.gz,1,17665
2024-11,downloads,/spa/data/graph_011.txt.gz,1,19186
2024-11,downloads,/spa/data/graph_049.txt.gz,1,221184
2024-11,downloads,/spa/data/graph_015.txt.gz,1,27752
2024-11,downloads,/spa/data/graph_003.txt.gz,1,5431
2024-11,downloads,/spa/data/graph_041.txt.gz,1,142366
2024-11,downloads,/spa/data/graph_031.txt.gz,1,84108
2024-11,downloads,/spa/data/graph_017.txt.gz,1,25564
2024-11,downloads,/spa/data/graph_024.txt.gz,1,43100
2024-11,downloads,https://petercorke.com/doc/simple_systematic.pdf,1,175015
2024-11,downloads,/spa/data/graph_038.txt.gz,1,119414
2024-11,downloads,/spa/data/graph_005.txt.gz,1,14216
2024-11,downloads,https://www.petercorke.com/RTB/ARA95.pdf,1,75265
2024-11,downloads,/spa/data/graph_047.txt.gz,1,155648
2024-11,downloads,/spa/data/graph_058.txt.gz,1,90112
2024-11,downloads,/spa/data/graph_020.txt.gz,1,37038
2024-11,downloads,/spa/data/graph_014.txt.gz,1,19642
2024-11,downloads,/spa/data/graph_019.txt.gz,1,26827
2024-11,downloads,/spa/data/graph_045.txt.gz,1,155648
2024-11,downloads,/spa/data/graph_028.txt.gz,1,61901
2024-11,downloads,/spa/data/graph_027.txt.gz,1,62226
2024-11,downloads,/spa/data/graph_008.txt.gz,1,14733
2024-11,downloads,/spa/data/graph_018.txt.gz,1,26913
2024-11,downloads,/spa/data/graph_002.txt.gz,1,3885
2024-11,downloads,/spa/data/graph_039.txt.gz,1,135204
2024-11,downloads,/spa/data/graph_050.txt.gz,1,90112
2024-11,downloads,/spa/data/graph_059.txt.gz,1,90112
2024-11,downloads,/spa/data/graph_021.txt.gz,1,35787
2024-11,downloads,/spa/data/graph_009.txt.gz,1,16418
2024-11,downloads,/RVC1/top/errata/pumaaxis.pdf,1,23949
2024-11,downloads,/spa/data/graph_046.txt.gz,1,90112
2024-11,downloads,/spa/data/graph_037.txt.gz,1,106592
2024-11,downloads,/spa/data/graph_051.txt.gz,1,90112
2024-11,downloads,/spa/data/graph_044.txt.gz,1,90112
2024-11,downloads,/spa/data/graph_007.txt.gz,1,14684
2024-11,downloads,/RTB/r6/robot.zip,1,97570
2024-11,downloads,/spa/data/graph_061.txt.gz,1,155648
2024-11,downloads,/spa/data/graph_016.txt.gz,1,26019
2024-11,downloads,/download/20/articles/1061/xml-2.zip,1,5807
2024-11,downloads,/spa/data/graph_013.txt.gz,1,19186
2024-11,downloads,/spa/data/graph_029.txt.gz,1,62952
2024-11,downloads,/spa/data/graph_043.txt.gz,1,156818
2024-11,downloads,/spa/data/graph_053.txt.gz,1,122880
2024-11,downloads,/spa/data/graph_033.txt.gz,1,84771
2024-11,downloads,/spa/data/graph_054.txt.gz,1,90112
2024-11,downloads,/spa/data/graph_042.txt.gz,1,90112
2024-11,downloads,/spa/data/graph_060.txt.gz,1,221184
2024-11,downloads,/spa/data/graph_032.txt.gz,1,84378
2024-11,downloads,/spa/data/graph_052.txt.gz,1,90112
2024-11,downloads,/spa/data/graph_034.txt.gz,1,87208
2024-11,downloads,/spa/data/graph_057.txt.gz,1,90112
2024-11,downloads,/spa/data/graph_022.txt.gz,1,38643
2024-11,downloads,/spa/data/graph_030.txt.gz,1,86129
2024-11,downloads,/spa/data/graph_040.txt.gz,1,90112
2024-11,downloads,/spa/data/graph_001.txt.gz,1,1778
2024-11,downloads,/spa/data/graph_035.txt.gz,1,102511
2024-11,urls,/download/28/mvtb/1109/mvtb-4-3.mltbx,436,29363537830
2024-11,urls,/download/20/articles/1056/sincos.mlx,6,28854
2025-11,downloads,/files/salesrank/salesrank.csv,9459,457692633
2025-11,downloads,/RTB/robot.pdf,1545,11162262150
2025-11,downloads,/doc/simple_systematic.pdf,1418,247849015
2025-11,downloads,/bluebook/book.pdf,1037,3179601782
2025-11,downloads,/download/20/articles/1062/rtb_dh.pdf,824,308617343
2025-11,downloads,/RTB/ARA95.pdf,697,52559036
2025-11,downloads,/download/31/python-tools/1349/python_toolbox_icra_2021.pdf,663,386140728
2025-11,downloads,/MVTB/vision.pdf,513,3025775943
2025-11,downloads,/download/30/rvc2/1182/solutions.pdf,419,386086157
2025-11,downloads,/download/20/articles/1063/rtb_real_robot.pdf,235,182736189
2025-11,downloads,/download/20/articles/1059/urdf-2.pdf,231,165887069
2025-11,downloads,/download/31/python-tools/1296/python_toolbox_icra_2020-5.pdf,213,6910
2025-11,downloads,/download/20/articles/1041/ets_jacobian.pdf,185,41014314
2025-11,downloads,/download/20/articles/1057/prcurves.pdf,112,16759995
2025-11,downloads,/download/27/rtb/1011/robot-10-3-1.zip,112,2206722341
2025-11,downloads,/download/20/articles/1079/the-bones-of-descartes.pdf,106,33189226
2025-11,downloads,/download/20/articles/1064/rtb_4dof.pdf,88,64957758
2025-11,downloads,/download/20/articles/1058/urdf.zip,70,635688
2025-11,downloads,/download/29/books/1256/corke-bluebook.pdf,61,171066339
2025-11,downloads,/download/20/articles/1055/solving-trig.pdf,60,6339712
2025-11,downloads,/download/20/articles/1060/xml.pdf,54,3989468
2025-11,downloads,/download/27/rtb/1351/robot-9-10.zip,46,691722700
2025-11,downloads,/download/20/articles/1193/unimate-puma-servo-system-exposed.pdf,39,577687147
2025-11,downloads,/download/32/documents/1317/aim-177.pdf,38,283190066
2025-11,downloads,/download/30/rvc2/1208/rvc2-livescripts.zip,36,631204585
2025-11,downloads,/files/MVTB/images-RVC2a.zip,32,1308953626
2025-11,downloads,/axes.pdf,30,979104
2025-11,downloads,/download/28/mvtb/1181/contrib2.zip,30,118171796
2025-11,downloads,/RVC1/top/toc/toc.pdf,29,1935837
2025-11,downloads,/files/MVTB/images-RVC2b.zip,28,2670589276
2025-11,downloads,/suttor/GeorgeAndSarahSuttorBook-index.pdf,28,5464529
2025-11,downloads,/RTB/r8/robot.zip,27,39408110
2025-11,downloads,/RVC1/top/errata/pumaaxis.pdf,20,478980
2025-11,downloads,/RTB/r9/robot.pdf,20,109111123
2025-11,downloads,/wp-content/uploads/2020/01/book.pdf,18,54643136
2025-11,downloads,/suttor/GeorgeAndSarahSuttorBook-TOC.pdf,18,1279728
2025-11,downloads,/download/30/rvc2/1183/rvc2-eps.zip,17,431713244
2025-11,downloads,/axes/paper-axes2-grey.pdf,16,507394
2025-11,downloads,/download/20/articles/1054/insertion.pdf,14,1768396
2025-11,downloads,/pdf/book_comic.pdf,13,46085305
2025-11,downloads,/MVTB/r3/vision.pdf,12,45486420
2025-11,downloads,/download/30/rvc2/1184/rvc2-svg.zip,11,113316802
2025-11,downloads,/files/images/bridge-l.zip,10,1219676370
2025-11,downloads,https://petercorke.com/download/20/articles/1062/rtb_dh.pdf,9,3529287
2025-11,downloads,/axes/paper-axes2-blue.pdf,9,284328
2025-11,downloads,/axes/paper-axes2-green.pdf,9,284130
2025-11,downloads,/download/28/mvtb/1087/vision-4-3.zip,8,542792816
2025-11,downloads,/axes/paper-axes2-red.pdf,7,220990
2025-11,downloads,/spa/data/graph_009.txt.gz,7,114926
2025-11,downloads,/download/20/articles/1061/xml-2.zip,7,40649
2025-11,downloads,https://petercorke.com/doc/simple_systematic.pdf,7,1225105
2025-11,downloads,/RTB/r7/robot.zip,6,4268298
2025-11,downloads,/spa/data/graph_024.txt.gz,6,258600
2025-11,downloads,/RTB/r4/robot.zip,6,1488174
2025-11,downloads,/spa/data/graph_013.txt.gz,6,115116
2025-11,downloads,/spa/data/graph_044.txt.gz,5,803865
2025-11,downloads,/spa/data/graph_016.txt.gz,5,130095
2025-11,downloads,/spa/data/graph_014.txt.gz,5,98210
2025-11,downloads,/spa/data/graph_047.txt.gz,5,862856
2025-11,downloads,/spa/data/graph_007.txt.gz,5,73420
2025-11,downloads,/spa/data/graph_040.txt.gz,5,686716
2025-11,downloads,/spa/data/graph_004.txt.gz,5,29200
2025-11,downloads,/RTB/current/robot-9.10.zip,5,84900592
2025-11,downloads,/spa/data/graph_039.txt.gz,5,676020
2025-11,downloads,/spa/data/graph_045.txt.gz,4,665184
2025-11,downloads,/files/MVTB/images1.zip,4,234736340
2025-11,downloads,https://www.petercorke.com/download/20/articles/1063/rtb_real_robot.pdf,4,3510928
2025-11,downloads,/spa/data/graph_037.txt.gz,4,409888
2025-11,downloads,/spa/data/graph_032.txt.gz,4,337512
2025-11,downloads,/spa/data/graph_041.txt.gz,4,517210
2025-11,downloads,/spa/data/graph_054.txt.gz,4,940438
2025-11,downloads,/spa/data/graph_021.txt.gz,4,143148
2025-11,downloads,/spa/data/graph_046.txt.gz,4,573372
2025-11,downloads,/spa/data/graph_035.txt.gz,4,410044
2025-11,downloads,/spa/data/graph_055.txt.gz,4,876292
2025-11,downloads,/spa/data/graph_042.txt.gz,4,559620
2025-11,downloads,/spa/data/graph_027.txt.gz,4,248904
2025-11,downloads,/spa/data/graph_061.txt.gz,4,1534412
2025-11,downloads,/spa/data/graph_029.txt.gz,4,251808
2025-11,downloads,/spa/data/graph_031.txt.gz,4,336432
2025-11,downloads,/spa/data/graph_036.txt.gz,3,294710
2025-11,downloads,/spa/data/graph_003.txt.gz,3,16293
2025-11,downloads,/spa/data/graph_023.txt.gz,3,123819
2025-11,downloads,/spa/data/graph_018.txt.gz,3,80739
2025-11,downloads,/spa/data/graph_025.txt.gz,3,134007
2025-11,downloads,/spa/data/graph_011.txt.gz,3,57558
2025-11,downloads,/pdf/QUTSchoolCaptainsDinner2017.pdf,3,133924180
2025-11,downloads,/spa/data/graph_030.txt.gz,3,258387
2025-11,downloads,/SMTB/spatialmath.pdf,3,9009396
2025-11,downloads,/spa/data/graph_028.txt.gz,3,185703
2025-11,downloads,/spa/data/graph_006.txt.gz,3,43962
2025-11,downloads,/RTB/r6/robot.zip,3,292710
2025-11,downloads,/spa/data/graph_058.txt.gz,3,1184427
2025-11,downloads,/spa/data/graph_012.txt.gz,3,57558
2025-11,downloads,/spa/data/graph_053.txt.gz,3,661704
2025-11,downloads,/spa/data/graph_026.txt.gz,3,173718
2025-11,downloads,/spa/data/graph_001.txt.gz,3,5334
2025-11,downloads,/spa/data/graph_060.txt.gz,2,495668
2025-11,downloads,/spa/data/graph_010.txt.gz,2,35330
2025-11,downloads,/spa/data/graph_059.txt.gz,2,461003
2025-11,downloads,https://petercorke.com/bluebook/book.pdf,2,6200192
2025-11,downloads,/spa/data/graph_002.txt.gz,2,7770
2025-11,downloads,/spa/data/graph_049.txt.gz,2,395434
2025-11,downloads,/spa/data/graph_034.txt.gz,2,174416
2025-11,downloads,/spa/data/graph_019.txt.gz,2,53654
2025-11,downloads,/spa/data/graph_008.txt.gz,2,29466
2025-11,downloads,/spa/data/graph_038.txt.gz,2,238828
2025-11,downloads,/spa/data/graph_020.txt.gz,2,74076
2025-11,downloads,/spa/data/graph_005.txt.gz,2,28432
2025-11,downloads,/spa/data/graph_017.txt.gz,2,51128
2025-11,downloads,/spa/data/graph_033.txt.gz,2,169542
2025-11,downloads,/spa/data/graph_051.txt.gz,2,521468
2025-11,downloads,/spa/data/graph_050.txt.gz,2,383086
2025-11,downloads,/spa/data/graph_015.txt.gz,2,55504
2025-11,downloads,http://www.petercorke.com/RTB/robot.pdf,2,11811177
2025-11,downloads,/spa/data/graph_057.txt.gz,2,612394
2025-11,downloads,/spa/data/graph_022.txt.gz,2,77286
2025-11,downloads,http://www.petercorke.com/RTB/ARA95.pdf,1,75265
2025-11,downloads,https://petercorke.com/RTB/robot.pdf,1,523903
2025-11,downloads,/spa/data/graph_052.txt.gz,1,257791
2025-11,downloads,https://petercorke.com/download/30/rvc2/1182/solutions.pdf,1,941105
2025-11,downloads,https://www.petercorke.com/RTB/ARA95.pdf,1,75265
2025-11,downloads,/files/images/traffic_sequence.mpg,1,7949716
2025-11,downloads,/spa/data/graph_048.txt.gz,1,191586
2025-11,downloads,/spa/data/graph_043.txt.gz,1,156818
2025-11,downloads,/files/images/mosaicml.zip,1,6096927
2025-11,downloads,/files/images/bridge-r.zip,1,121762338
2025-11,downloads,/files/images/LeftBag.mpg,1,8273525
2025-11,downloads,/spa/data/graph_056.txt.gz,1,267538
2025-11,urls,/download/28/mvtb/1109/mvtb-4-3.mltbx,294,17150237433
2025-11,urls,/download/20/articles/1056/sincos.mlx,26,125034
2016-12,downloads,/RVC/top/toc/toc.pdf,68,5567022
2016-12,downloads,/RVC/top/errata/pumaaxis.pdf,2,47898
2021-12,downloads,/RTB/robot.pdf,779,5909470180
2021-12,downloads,/download/27/rtb/1011/robot-10-3-1.zip,599,11283309853
2021-12,downloads,/MVTB/vision.pdf,450,2913902246
2021-12,downloads,/bluebook/book.pdf,438,1268506489
2021-12,downloads,/RTB/ARA95.pdf,329,24762185
2021-12,downloads,/download/31/python-tools/1296/python_toolbox_icra_2020-5.pdf,236,116164696
2021-12,downloads,/download/30/rvc2/1182/solutions.pdf,211,195199072
2021-12,downloads,/doc/simple_systematic.pdf,169,30553078
2021-12,downloads,/download/28/mvtb/1181/contrib2.zip,72,329934303
2021-12,downloads,/download/30/rvc2/1208/rvc2-livescripts.zip,68,1717034226
2021-12,downloads,/download/20/articles/1059/urdf-2.pdf,57,42268082
2021-12,downloads,/download/20/articles/1041/ets_jacobian.pdf,57,13939127
2021-12,downloads,/download/29/books/1256/corke-bluebook.pdf,49,133083238
2021-12,downloads,/axes.pdf,45,1421280
2021-12,downloads,/files/MVTB/images-RVC2a.zip,44,2851123857
2021-12,downloads,/download/20/articles/1063/rtb_real_robot.pdf,42,36619348
2021-12,downloads,/download/20/articles/1064/rtb_4dof.pdf,42,37465216
2021-12,downloads,/download/20/articles/1062/rtb_dh.pdf,37,14509291
2021-12,downloads,/files/MVTB/images-RVC2b.zip,36,8120823803
2021-12,downloads,/RTB/r9/robot.pdf,27,206232750
2021-12,downloads,/MVTB/r3/vision.pdf,25,162626300
2021-12,downloads,/download/20/articles/1057/prcurves.pdf,24,4228949
2021-12,downloads,/axes/paper-axes2-grey.pdf,21,663264
2021-12,downloads,/download/20/articles/1079/the-bones-of-descartes.pdf,21,7727114
2021-12,downloads,/download/20/articles/1060/xml.pdf,17,1784762
2021-12,downloads,/download/20/articles/1054/insertion.pdf,17,2147338
2021-12,downloads,/wp-includes/ID3/license.txt,16,6024
2021-12,downloads,/download/30/rvc2/1184/rvc2-svg.zip,13,333035222
2021-12,downloads,/download/30/rvc2/1183/rvc2-eps.zip,11,409685998
2021-12,downloads,/download/20/articles/1193/unimate-puma-servo-system-exposed.pdf,10,246198281
2021-12,downloads,/wp-content/uploads/2020/01/book.pdf,7,21720576
2021-12,downloads,/download/32/documents/1317/aim-177.pdf,7,61170578
2021-12,downloads,/suttor/GeorgeAndSarahSuttorBook-TOC.pdf,7,497672
2021-12,downloads,/RVC1/top/toc/toc.pdf,7,467271
2021-12,downloads,/suttor/GeorgeAndSarahSuttorBook-index.pdf,6,1174290
2021-12,downloads,/spa/data/graph_001.txt.gz,6,10668
2021-12,downloads,/spa/data/graph_040.txt.gz,5,552254
2021-12,downloads,/spa/data/graph_030.txt.gz,4,344516
2021-12,downloads,/spa/data/graph_026.txt.gz,4,231624
2021-12,downloads,/spa/data/graph_002.txt.gz,4,15540
2021-12,downloads,/spa/data/graph_004.txt.gz,4,23360
2021-12,downloads,/spa/data/graph_025.txt.gz,4,178676
2021-12,downloads,/spa/data/graph_020.txt.gz,4,148152
2021-12,downloads,/spa/data/graph_012.txt.gz,4,76744
2021-12,downloads,/spa/data/graph_007.txt.gz,4,58736
2021-12,downloads,/spa/data/graph_022.txt.gz,4,154572
2021-12,downloads,/spa/data/graph_048.txt.gz,4,494690
2021-12,downloads,/spa/data/graph_043.txt.gz,4,443538
2021-12,downloads,/spa/data/graph_024.txt.gz,4,172400
2021-12,downloads,/spa/data/graph_038.txt.gz,4,435436
2021-12,downloads,/spa/data/graph_061.txt.gz,4,719475
2021-12,downloads,/spa/data/graph_029.txt.gz,4,251808
2021-12,downloads,/spa/data/graph_034.txt.gz,4,348832
2021-12,downloads,/axes/paper-axes2-red.pdf,3,94710
2021-12,downloads,/spa/data/graph_023.txt.gz,3,123819
2021-12,downloads,/spa/data/graph_057.txt.gz,3,486421
2021-12,downloads,/spa/data/graph_005.txt.gz,3,42648
2021-12,downloads,/spa/data/graph_037.txt.gz,3,286816
2021-12,downloads,/spa/data/graph_018.txt.gz,3,80739
2021-12,downloads,/pdf/book_comic.pdf,3,14370111
2021-12,downloads,/spa/data/graph_016.txt.gz,3,78057
2021-12,downloads,/spa/data/graph_031.txt.gz,3,252324
2021-12,downloads,/spa/data/graph_041.txt.gz,3,270336
2021-12,downloads,/spa/data/graph_042.txt.gz,3,320129
2021-12,downloads,/spa/data/graph_052.txt.gz,3,454399
2021-12,downloads,/spa/data/graph_055.txt.gz,3,442284
2021-12,downloads,/spa/data/graph_044.txt.gz,3,357381
2021-12,downloads,/spa/data/graph_039.txt.gz,3,286720
2021-12,downloads,/spa/data/graph_021.txt.gz,3,107361
2021-12,downloads,/spa/data/graph_035.txt.gz,3,282735
2021-12,downloads,/spa/data/graph_047.txt.gz,3,270336
2021-12,downloads,/spa/data/graph_033.txt.gz,3,254313
2021-12,downloads,/spa/data/graph_019.txt.gz,3,80481
2021-12,downloads,/spa/data/graph_051.txt.gz,3,286720
2021-12,downloads,/spa/data/graph_027.txt.gz,3,186678
2021-12,downloads,/spa/data/graph_049.txt.gz,3,452778
2021-12,downloads,/spa/data/graph_006.txt.gz,2,29308
2021-12,downloads,/spa/data/graph_015.txt.gz,2,55504
2021-12,downloads,/spa/data/graph_009.txt.gz,2,32836
2021-12,downloads,/spa/data/graph_036.txt.gz,2,192411
2021-12,downloads,/spa/data/graph_060.txt.gz,2,462900
2021-12,downloads,/spa/data/graph_013.txt.gz,2,38372
2021-12,downloads,/spa/data/graph_003.txt.gz,2,10862
2021-12,downloads,/spa/data/graph_011.txt.gz,2,38372
2021-12,downloads,/spa/data/graph_050.txt.gz,2,180224
2021-12,downloads,/spa/data/graph_054.txt.gz,2,523038
2021-12,downloads,/spa/data/graph_010.txt.gz,2,35330
2021-12,downloads,/download/20/articles/1055/solving-trig.pdf,2,291826
2021-12,downloads,/spa/data/graph_046.txt.gz,2,262110
2021-12,downloads,/spa/data/graph_017.txt.gz,2,51128
2021-12,downloads,/doc/rtb_dh.pdf,2,214
2021-12,downloads,/spa/data/graph_056.txt.gz,2,196608
2021-12,downloads,/spa/data/graph_014.txt.gz,2,39284
2021-12,downloads,/RVC1/top/errata/pumaaxis.pdf,2,47898
2021-12,downloads,/spa/data/graph_028.txt.gz,2,123802
2021-12,downloads,/spa/data/graph_032.txt.gz,2,168756
2021-12,downloads,/spa/data/graph_045.txt.gz,2,196608
2021-12,downloads,/spa/data/graph_008.txt.gz,2,29466
2021-12,downloads,/spa/data/graph_053.txt.gz,2,262144
2021-12,downloads,/spa/data/graph_058.txt.gz,2,196608
2021-12,downloads,/doc/robotarm.pdf,1,107
2021-12,downloads,/download/27/rtb/1050/rtb-manual.pdf,1,64
2021-12,downloads,/download/19/toolbox/1113/images-for-rvc2-extra-image-sequences-for-ch-14.zip,1,61
2021-12,downloads,/download/19/toolbox/1112/images-for-rvc2.zip,1,61
2021-12,downloads,/wp-config-backup.txt,1,107
2021-12,downloads,/files/Octave.zip,1,80393
2021-12,downloads,/files/MVTB/contrib2.zip,1,4965306
2021-12,downloads,/spa/data/graph_059.txt.gz,1,221184
2021-12,downloads,/download/20/articles/1058/urdf.zip,1,11772
2021-12,downloads,/license.txt,1,6882
2021-12,downloads,/axes/paper-axes2-green.pdf,1,31570
2021-12,downloads,/download/19/toolbox/1011/robot-10-3-1.zip,1,61
2021-12,downloads,/rtbpython.pdf,0,79907
2021-12,urls,/download/28/mvtb/1109/mvtb-4-3.mltbx,265,15494409167
2022-12,downloads,/RTB/robot.pdf,1024,8493613270
2022-12,downloads,/MVTB/vision.pdf,421,3152396135
2022-12,downloads,/RTB/ARA95.pdf,280,22433373
2022-12,downloads,/bluebook/book.pdf,263,906520303
2022-12,downloads,/download/27/rtb/1050/rtb-manual.pdf,242,32539
2022-12,downloads,/download/27/rtb/1011/robot-10-3-1.zip,239,5367008638
2022-12,downloads,/download/30/rvc2/1182/solutions.pdf,239,206701063
2022-12,downloads,/download/31/python-tools/1349/python_toolbox_icra_2021.pdf,208,118497542
2022-12,downloads,/download/20/articles/1059/urdf-2.pdf,130,96991270
2022-12,downloads,/download/20/articles/1062/rtb_dh.pdf,110,41893879
2022-12,downloads,/download/30/rvc2/1208/rvc2-livescripts.zip,107,2741044435
2022-12,downloads,/doc/simple_systematic.pdf,101,18268121
2022-12,downloads,/download/20/articles/1041/ets_jacobian.pdf,96,22892624
2022-12,downloads,/download/29/books/1256/corke-bluebook.pdf,82,225986942
2022-12,downloads,/download/20/articles/1063/rtb_real_robot.pdf,73,61217296
2022-12,downloads,/download/20/articles/1057/prcurves.pdf,71,11016068
2022-12,downloads,/download/27/rtb/1351/robot-9-10.zip,65,1222881509
2022-12,downloads,/download/28/mvtb/1181/contrib2.zip,62,293408764
2022-12,downloads,/axes.pdf,57,1800288
2022-12,downloads,/download/20/articles/1079/the-bones-of-descartes.pdf,52,19052508
2022-12,downloads,/wp-includes/ID3/license.txt,42,5712
2022-12,downloads,/aa.zip,40,34301459
2022-12,downloads,/files/MVTB/images-RVC2a.zip,39,2733893111
2022-12,downloads,/download/20/articles/1060/xml.pdf,38,3884482
2022-12,downloads,/bk.tar.gz,30,3660
2022-12,downloads,/bk.rar,30,3540
2022-12,downloads,/bk.tgz,30,3570
2022-12,downloads,/bk.zip,30,3570
2022-12,downloads,/data.gz,30,3570
2022-12,downloads,/data.tgz,30,3570
2022-12,downloads,/bk.tar,30,3540
2022-12,downloads,/download/20/articles/1064/rtb_4dof.pdf,30,24000745
2022-12,downloads,/files/MVTB/images-RVC2b.zip,29,7638042742
2022-12,downloads,/download/32/documents/1317/aim-177.pdf,29,240415468
2022-12,downloads,/wp.tar.gz,26,3172
2022-12,downloads,/download/31/python-tools/1296/python_toolbox_icra_2020-5.pdf,26,1214
2022-12,downloads,/admin.zip,26,3172
2022-12,downloads,/2.zip,25,2950
2022-12,downloads,/home.rar,24,2856
2022-12,downloads,/dump.tgz,24,2880
2022-12,downloads,/my.tgz,24,2856
2022-12,downloads,/dump.zip,24,2880
2022-12,downloads,/php.rar,24,2832
2022-12,downloads,/wp.tar,24,2808
2022-12,downloads,/website.gz,24,2928
2022-12,downloads,/hdocs.gz,24,2880
2022-12,downloads,/wordpress.tar.gz,24,3072
2022-12,downloads,/petercorke.com.tgz,24,3120
2022-12,downloads,/backup.zip,24,2952
2022-12,downloads,/backup.tar.gz,24,2976
2022-12,downloads,/html.gz,24,2856
2022-12,downloads,/download/30/rvc2/1183/rvc2-eps.zip,24,944249989
2022-12,downloads,/pack.rar,24,2856
2022-12,downloads,/site.zip,24,2880
2022-12,downloads,/backup.gz,24,2928
2022-12,downloads,/petercorke.com.zip,24,3120
2022-12,downloads,/wp-admin.zip,24,3000
2022-12,downloads,/new.tar.gz,24,2928
2022-12,downloads,/backup.tgz,24,2952
2022-12,downloads,/pack.tgz,24,2880
2022-12,downloads,/test.tar.gz,24,3000
2022-12,downloads,/bak.tar,24,2832
2022-12,downloads,/bak.rar,24,2832
2022-12,downloads,/public.tar.gz,24,2976
2022-12,downloads,/my.gz,24,2832
2022-12,downloads,/petercorke_com.gz,24,3120
2022-12,downloads,/aa.rar,23,2691
2022-12,downloads,/wp-admin.tar.gz,23,2944
2022-12,downloads,/pack.tar,23,2737
2022-12,downloads,/2.tar,23,2691
2022-12,downloads,/my.tar,23,2714
2022-12,downloads,/public_html.tgz,23,2898
2022-12,downloads,/petercorke.gz,23,2898
2022-12,downloads,/old.tar,23,2714
2022-12,downloads,/data.tar,23,2714
2022-12,downloads,/2021.zip,23,2783
2022-12,downloads,/0.tar,23,2691
2022-12,downloads,/wp-admin.gz,23,2875
2022-12,downloads,/public.tgz,23,2829
2022-12,downloads,/public_html.rar,23,2852
2022-12,downloads,/a.rar,23,2691
2022-12,downloads,/0.tgz,23,2714
2022-12,downloads,/wwwroot.tar,23,2852
2022-12,downloads,/backups.tar,23,2806
2022-12,downloads,/petercorke_com.zip,23,3013
2022-12,downloads,/public_html.tar.gz,23,2921
2022-12,downloads,/2022.tgz,23,2760
2022-12,downloads,/admin.tgz,23,2806
2022-12,downloads,/backup.rar,23,2783
2022-12,downloads,/aa.tar,23,2691
2022-12,downloads,/a.gz,23,2714
2022-12,downloads,/backups.tgz,23,2829
2022-12,downloads,/1.tar,23,2691
2022-12,downloads,/wwwroot.rar,23,2783
2022-12,downloads,/test.tar,23,2714
2022-12,downloads,/public.tar,23,2783
2022-12,downloads,/aa.tgz,23,2737
2022-12,downloads,/wp.gz,23,2714
2022-12,downloads,/new.tar,23,2714
2022-12,downloads,/master.gz,23,2806
2022-12,downloads,/web.tar.gz,23,2806
2022-12,downloads,/site.tar,23,2714
2022-12,downloads,/zip.zip,23,2760
2022-12,downloads,/test.rar,23,2714
2022-12,downloads,/html.zip,23,2737
2022-12,downloads,/php.gz,23,2737
2022-12,downloads,/php.tar.gz,23,2806
2022-12,downloads,/sites.tar.gz,23,2898
2022-12,downloads,/petercorke.tar,23,2898
2022-12,downloads,/1.gz,23,2714
2022-12,downloads,/bak.tgz,23,2737
2022-12,downloads,/www.zip,23,2737
2022-12,downloads,/php.zip,23,2737
2022-12,downloads,/home.gz,23,2737
2022-12,downloads,/hdocs.tar,23,2760
2022-12,downloads,/website.zip,23,2875
2022-12,downloads,/bak.zip,23,2760
2022-12,downloads,/home.zip,23,2760
2022-12,downloads,/wwwroot.tar.gz,23,2944
2022-12,downloads,/code.tar.gz,23,2829
2022-12,downloads,/test.zip,23,2760
2022-12,downloads,/public_html.tar,23,2852
2022-12,downloads,/petercorke.tar.gz,23,2967
2022-12,downloads,/wp.tgz,23,2737
2022-12,downloads,/website.tar,23,2852
2022-12,downloads,/wp.zip,23,2737
2022-12,downloads,/admin.tar.gz,23,2829
2022-12,downloads,/rar.rar,23,2737
2022-12,downloads,/code.gz,23,2760
2022-12,downloads,/code.zip,23,2760
2022-12,downloads,/1.tgz,23,2714
2022-12,downloads,/code.tgz,23,2760
2022-12,downloads,/petercorke.com1.zip,23,3013
2022-12,downloads,/my.tar.gz,23,2806
2022-12,downloads,/public.zip,23,2829
2022-12,downloads,/2020.zip,23,2760
2022-12,downloads,/site.rar,23,2714
2022-12,downloads,/htdocs.rar,23,2783
2022-12,downloads,/website.rar,23,2852
2022-12,downloads,/hdocs.rar,23,2760
2022-12,downloads,/0.zip,23,2714
2022-12,downloads,/wp-admin.rar,23,2852
2022-12,downloads,/petercorke.com.tar.gz,23,3013
2022-12,downloads,/backups.tar.gz,23,2875
2022-12,downloads,/2022.gz,23,2760
2022-12,downloads,/tar.tar,23,2737
2022-12,downloads,/master.tgz,23,2875
2022-12,downloads,/master.tar.gz,23,2921
2022-12,downloads,/0.tar.gz,23,2760
2022-12,downloads,/htdocs.tar,23,2783
2022-12,downloads,/2.tar.gz,23,2760
2022-12,downloads,/backups.zip,23,2852
2022-12,downloads,/data.tar.gz,23,2852
2022-12,downloads,/old.tgz,23,2760
2022-12,downloads,/new.rar,23,2691
2022-12,downloads,/petercorke_com.tar.gz,23,3036
2022-12,downloads,/sites.rar,23,2760
2022-12,downloads,/home.tar,23,2737
2022-12,downloads,/2022.tar.gz,23,2829
2022-12,downloads,/bak.gz,23,2737
2022-12,downloads,/my.rar,23,2714
2022-12,downloads,/site.tgz,23,2760
2022-12,downloads,/1.zip,23,2714
2022-12,downloads,/wordpress.gz,23,2829
2022-12,downloads,/wordpress.tgz,23,2852
2022-12,downloads,/php.tar,23,2714
2022-12,downloads,/admin.gz,23,2760
2022-12,downloads,/www.gz,23,2737
2022-12,downloads,/a.tar,23,2691
2022-12,downloads,/a.zip,23,2714
2022-12,downloads,/petercorke.zip,23,2898
2022-12,downloads,/petercorke.tgz,23,2921
2022-12,downloads,/0.gz,23,2714
2022-12,downloads,/home.tgz,23,2760
2022-12,downloads,/code.rar,23,2737
2022-12,downloads,/pack.zip,23,2783
2022-12,downloads,/dump.tar.gz,23,2829
2022-12,downloads,/dump.gz,23,2760
2022-12,downloads,/admin.rar,23,2760
2022-12,downloads,/html.tar,23,2691
2022-12,downloads,/web1.zip,23,2760
2022-12,downloads,/website.tgz,23,2875
2022-12,downloads,/123456.zip,23,2875
2022-12,downloads,/asd.rar,23,2714
2022-12,downloads,/site.gz,23,2760
2022-12,downloads,/petercorke.rar,23,2875
2022-12,downloads,/data.rar,23,2714
2022-12,downloads,/2.tgz,23,2714
2022-12,downloads,/my.zip,23,2737
2022-12,downloads,/web.rar,23,2714
2022-12,downloads,/data.zip,23,2760
2022-12,downloads,/html.rar,23,2691
2022-12,downloads,/htdocs.zip,23,2806
2022-12,downloads,/petercorke.com.rar,23,2944
2022-12,downloads,/2.rar,23,2691
2022-12,downloads,/www.tgz,23,2737
2022-12,downloads,/new.tgz,23,2737
2022-12,downloads,/home.tar.gz,23,2829
2022-12,downloads,/test.tgz,23,2737
2022-12,downloads,/old.rar,23,2714
2022-12,downloads,/html.tgz,23,2737
2022-12,downloads,/1.tar.gz,23,2760
2022-12,downloads,/sites.gz,23,2783
2022-12,downloads,/backup.tar,23,2806
2022-12,downloads,/code.tar,23,2737
2022-12,downloads,/wwwroot.zip,23,2829
2022-12,downloads,/2019.zip,23,2783
2022-12,downloads,/2022.rar,23,2737
2022-12,downloads,/a.tar.gz,23,2760
2022-12,downloads,/admin.tar,23,2760
2022-12,downloads,/wp.rar,23,2691
2022-12,downloads,/back.zip,23,2760
2022-12,downloads,/1234.zip,23,2806
2022-12,downloads,/back.rar,23,2737
2022-12,downloads,/htdocs.gz,23,2806
2022-12,downloads,/1.rar,23,2691
2022-12,downloads,/master.tar,23,2829
2022-12,downloads,/dump.tar,23,2737
2022-12,downloads,/html.tar.gz,23,2806
2022-12,downloads,/hdocs.tar.gz,23,2852
2022-12,downloads,/web.zip,23,2760
2022-12,downloads,/public.rar,23,2783
2022-12,downloads,/backups.gz,23,2829
2022-12,downloads,/sites.tgz,23,2806
2022-12,downloads,/wwwroot.tgz,23,2875
2022-12,downloads,/public_html.zip,23,2898
2022-12,downloads,/new.zip,23,2737
2022-12,downloads,/new.gz,23,2737
2022-12,downloads,/petercorke.com.gz,23,2967
2022-12,downloads,/public_html.gz,23,2875
2022-12,downloads,/site.tar.gz,23,2875
2022-12,downloads,/old.zip,23,2760
2022-12,downloads,/wordpress.rar,23,2806
2022-12,downloads,/www.tar.gz,23,2806
2022-12,downloads,/hdocs.zip,23,2806
2022-12,downloads,/123.zip,23,2783
2022-12,downloads,/pack.tar.gz,23,2829
2022-12,downloads,/petercorke.com.tar,23,2944
2022-12,downloads,/master.zip,23,2806
2022-12,downloads,/aa.tar.gz,23,2806
2022-12,downloads,/bk.gz,23,2714
2022-12,downloads,/web.tar,23,2714
2022-12,downloads,/file.zip,23,2760
2022-12,downloads,/wwwroot.gz,23,2806
2022-12,downloads,/2.gz,23,2714
2022-12,downloads,/htdocs.tgz,23,2806
2022-12,downloads,/petercorke_com.tar,23,2967
2022-12,downloads,/sites.tar,23,2760
2022-12,downloads,/wordpress.zip,23,2852
2022-12,downloads,/a.tgz,23,2714
2022-12,downloads,/dump.rar,23,2737
2022-12,downloads,/web.tgz,23,2737
2022-12,downloads,/website.tar.gz,23,2944
2022-12,downloads,/php.tgz,23,2737
2022-12,downloads,/petercorke_com.tgz,23,3013
2022-12,downloads,/wp-admin.tgz,23,2898
2022-12,downloads,/wp-admin.tar,23,2806
2022-12,downloads,/test.gz,23,2737
2022-12,downloads,/old.tar.gz,23,2829
2022-12,downloads,/0.rar,23,2691
2022-12,downloads,/hdocs.tgz,23,2806
2022-12,downloads,/petercorke_com.rar,23,2967
2022-12,downloads,/asd.zip,23,2760
2022-12,downloads,/master.rar,23,2783
2022-12,downloads,/htdocs.tar.gz,23,2921
2022-12,downloads,/public.gz,23,2806
2022-12,downloads,/web.gz,23,2737
2022-12,downloads,/old.gz,23,2737
2022-12,downloads,/www.tar,23,2714
2022-12,downloads,/aa.gz,23,2714
2022-12,downloads,/2022.zip,23,2760
2022-12,downloads,/2022.tar,23,2737
2022-12,downloads,/wordpress.tar,23,2806
2022-12,downloads,/download/30/rvc2/1184/rvc2-svg.zip,22,546327838
2022-12,downloads,/download/20/articles/1055/solving-trig.pdf,22,3064173
2022-12,downloads,/www.rar,22,2596
2022-12,downloads,/sites.zip,22,2684
2022-12,downloads,//wp-includes/ID3/license.txt,22,17096
2022-12,downloads,/bak.tar.gz,22,2684
2022-12,downloads,/MVTB/r3/vision.pdf,21,127923824
2022-12,downloads,/backups.rar,21,2562
2022-12,downloads,/RVC1/top/toc/toc.pdf,19,1268307
2022-12,downloads,/download/20/articles/1058/urdf.zip,19,211896
2022-12,downloads,/download/28/mvtb/1087/vision-4-3.zip,15,875298339
2022-12,downloads,/axes/paper-axes2-grey.pdf,14,442176
2022-12,downloads,/suttor/GeorgeAndSarahSuttorBook-index.pdf,14,2935725
2022-12,downloads,/download/20/articles/1193/unimate-puma-servo-system-exposed.pdf,13,345847840
2022-12,downloads,/download/20/articles/1054/insertion.pdf,13,1642082
2022-12,downloads,/spa/data/graph_006.txt.gz,12,175848
2022-12,downloads,/RTB/r9/robot.pdf,12,84667856
2022-12,downloads,/spa/data/graph_034.txt.gz,12,1046496
2022-12,downloads,/spa/data/graph_052.txt.gz,12,3093492
2022-12,downloads,/spa/data/graph_016.txt.gz,11,286209
2022-12,downloads,/spa/data/graph_025.txt.gz,11,491359
2022-12,downloads,/pdf/book_comic.pdf,10,47900370
2022-12,downloads,/axes/paper-axes2-blue.pdf,10,315920
2022-12,downloads,/spa/data/graph_012.txt.gz,9,172674
2022-12,downloads,/spa/data/graph_022.txt.gz,8,309144
2022-12,downloads,/axes/paper-axes2-red.pdf,8,252560
2022-12,downloads,/axes/paper-axes2-green.pdf,8,252560
2022-12,downloads,/spa/data/graph_058.txt.gz,8,3158472
2022-12,downloads,/spa/data/graph_039.txt.gz,8,1081632
2022-12,downloads,/RVC1/top/errata/pumaaxis.pdf,6,143694
2022-12,downloads,/spa/data/graph_056.txt.gz,6,1605228
2022-12,downloads,/spa/data/graph_033.txt.gz,5,423855
2022-12,downloads,/spa/data/graph_026.txt.gz,5,289530
2022-12,downloads,/spa/data/graph_019.txt.gz,5,134135
2022-12,downloads,/spa/data/graph_047.txt.gz,5,924970
2022-12,downloads,/spa/data/graph_024.txt.gz,5,215500
2022-12,downloads,/spa/data/graph_017.txt.gz,5,127820
2022-12,downloads,/spa/data/graph_023.txt.gz,4,165092
2022-12,downloads,/spa/data/graph_043.txt.gz,4,627272
2022-12,downloads,/files/MVTB/images1.zip,4,176183327
2022-12,downloads,/spa/data/graph_045.txt.gz,4,665184
2022-12,downloads,/spa/data/graph_015.txt.gz,4,111008
2022-12,downloads,/spa/data/graph_020.txt.gz,4,148152
2022-12,downloads,/spa/data/graph_036.txt.gz,4,409196
2022-12,downloads,/spa/data/graph_011.txt.gz,4,76744
2022-12,downloads,/suttor/GeorgeAndSarahSuttorBook-TOC.pdf,4,284384
2022-12,downloads,/data/admin/allowurl.txt,4,528
2022-12,downloads,/spa/data/graph_027.txt.gz,4,248904
2022-12,downloads,/spa/data/graph_031.txt.gz,3,252324
2022-12,downloads,/spa/data/graph_042.txt.gz,3,419715
2022-12,downloads,/spa/data/graph_055.txt.gz,3,786180
2022-12,downloads,/spa/data/graph_044.txt.gz,3,482319
2022-12,downloads,/spa/data/graph_021.txt.gz,3,107361
2022-12,downloads,/spa/data/graph_040.txt.gz,3,422877
2022-12,downloads,/download/20/articles/1061/xml-2.zip,3,17421
2022-12,downloads,/spa/data/graph_035.txt.gz,3,307533
2022-12,downloads,/spa/data/graph_014.txt.gz,3,58926
2022-12,downloads,/spa/data/graph_051.txt.gz,3,782202
2022-12,downloads,/spa/data/graph_049.txt.gz,3,817662
2022-12,downloads,/spa/data/graph_018.txt.gz,3,80739
2022-12,downloads,/spa/data/graph_002.txt.gz,3,11655
2022-12,downloads,/spa/data/graph_004.txt.gz,3,17520
2022-12,downloads,/spa/data/graph_059.txt.gz,3,1112673
2022-12,downloads,/spa/data/graph_008.txt.gz,3,44199
2022-12,downloads,/spa/data/graph_009.txt.gz,2,32836
2022-12,downloads,/spa/data/graph_003.txt.gz,2,10862
2022-12,downloads,/spa/data/graph_041.txt.gz,2,284732
2022-12,downloads,/spa/data/graph_050.txt.gz,2,504028
2022-12,downloads,/license.txt,2,8327
2022-12,downloads,/spa/data/graph_032.txt.gz,2,168756
2022-12,downloads,/spa/data/graph_061.txt.gz,2,767206
2022-12,downloads,/spa/data/graph_029.txt.gz,2,125904
2022-12,downloads,/spa/data/graph_060.txt.gz,2,745576
2022-12,downloads,/spa/data/graph_037.txt.gz,2,213184
2022-12,downloads,/spa/data/graph_010.txt.gz,2,35330
2022-12,downloads,/spa/data/graph_001.txt.gz,2,3556
2022-12,downloads,/spa/data/graph_028.txt.gz,2,123802
2022-12,downloads,/spa/data/graph_038.txt.gz,2,238828
2022-12,downloads,/spa/data/graph_054.txt.gz,2,523038
2022-12,downloads,/spa/data/graph_005.txt.gz,2,28432
2022-12,downloads,/spa/data/graph_007.txt.gz,2,29368
2022-12,downloads,/RTB/r8/robot.zip,2,2514424
2022-12,downloads,/wp-content/uploads/2020/01/book.pdf,1,3100096
2022-12,downloads,/RTB/r4/robot.zip,1,248029
2022-12,downloads,/spa/data/graph_013.txt.gz,1,19186
2022-12,downloads,/files/images/bridge-l.zip,1,121967637
2022-12,downloads,/RTB/r6/robot.zip,1,97570
2022-12,downloads,/spa/data/graph_046.txt.gz,1,171998
2022-12,downloads,/spa/data/graph_048.txt.gz,1,191586
2022-12,downloads,/files/images/mosaicml.zip,1,6096927
2022-12,downloads,/files/images/LeftBag.mpg,1,17201025
2022-12,downloads,/RTB/r7/robot.zip,1,851846
2022-12,downloads,/spa/data/graph_053.txt.gz,1,269412
2022-12,downloads,/spa/data/graph_057.txt.gz,1,306197
2022-12,downloads,/spa/data/graph_030.txt.gz,1,86129
2022-12,urls,/download/28/mvtb/1109/mvtb-4-3.mltbx,251,15906648914
2022-12,urls,/download/20/articles/1056/sincos.mlx,4,19236
2023-12,downloads,/RTB/robot.pdf,568,3698863056
2023-12,downloads,/MVTB/vision.pdf,534,3140002773
2023-12,downloads,/bluebook/book.pdf,487,1491062861
2023-12,downloads,/download/27/rtb/1011/robot-10-3-1.zip,455,8115167199
2023-12,downloads,/RTB/ARA95.pdf,231,17342561
2023-12,downloads,/download/30/rvc2/1182/solutions.pdf,188,178692211
2023-12,downloads,/doc/simple_systematic.pdf,176,29656575
2023-12,downloads,/download/31/python-tools/1349/python_toolbox_icra_2021.pdf,169,96755064
2023-12,downloads,/download/20/articles/1062/rtb_dh.pdf,155,59203359
2023-12,downloads,/download/20/articles/1063/rtb_real_robot.pdf,122,90716180
2023-12,downloads,/MVTB/r3/vision.pdf,99,371530706
2023-12,downloads,/download/27/rtb/1351/robot-9-10.zip,87,1411518576
2023-12,downloads,/download/29/books/1256/corke-bluebook.pdf,82,236148931
2023-12,downloads,/download/20/articles/1059/urdf-2.pdf,77,57073239
2023-12,downloads,/download/30/rvc2/1208/rvc2-livescripts.zip,73,1797872855
2023-12,downloads,/download/20/articles/1041/ets_jacobian.pdf,70,16711271
2023-12,downloads,/download/20/articles/1057/prcurves.pdf,59,10275666
2023-12,downloads,/download/20/articles/1064/rtb_4dof.pdf,53,44318956
2023-12,downloads,/axes.pdf,51,1408130
2023-12,downloads,/download/20/articles/1060/xml.pdf,50,4945080
2023-12,downloads,/download/28/mvtb/1181/contrib2.zip,50,198637682
2023-12,downloads,/download/20/articles/1193/unimate-puma-servo-system-exposed.pdf,48,345526174
2023-12,downloads,/download/20/articles/1058/urdf.zip,48,565056
2023-12,downloads,/RTB/r9/robot.pdf,44,336083000
2023-12,downloads,/download/20/articles/1079/the-bones-of-descartes.pdf,41,14656804
2023-12,downloads,/files/MVTB/images-RVC2a.zip,41,1372821157
2023-12,downloads,/download/20/articles/1055/solving-trig.pdf,32,4710948
2023-12,downloads,/files/MVTB/images-RVC2b.zip,25,4152511189
2023-12,downloads,/download/32/documents/1317/aim-177.pdf,23,175490626
2023-12,downloads,/pdf/book_comic.pdf,22,42769269
2023-12,downloads,/wp-content/uploads/2020/01/book.pdf,20,62001920
2023-12,downloads,/axes/paper-axes2-grey.pdf,20,631680
2023-12,downloads,/download/28/mvtb/1087/vision-4-3.zip,18,876483782
2023-12,downloads,/RVC1/top/toc/toc.pdf,16,1135634
2023-12,downloads,/download/31/python-tools/1296/python_toolbox_icra_2020-5.pdf,14,473
2023-12,downloads,/axes/paper-axes2-green.pdf,14,459857
2023-12,downloads,/axes/paper-axes2-red.pdf,13,410410
2023-12,downloads,/download/30/rvc2/1184/rvc2-svg.zip,13,388563203
2023-12,downloads,/axes/paper-axes2-blue.pdf,13,410696
2023-12,downloads,/download/20/articles/1054/insertion.pdf,12,1487250
2023-12,downloads,/download/30/rvc2/1183/rvc2-eps.zip,12,554738314
2023-12,downloads,/suttor/GeorgeAndSarahSuttorBook-TOC.pdf,10,710960
2023-12,downloads,/download/20/articles/1061/xml-2.zip,8,46456
2023-12,downloads,/spa/data/graph_021.txt.gz,8,286296
2023-12,downloads,/spa/data/graph_025.txt.gz,7,312683
2023-12,downloads,/spa/data/graph_061.txt.gz,7,2391730
2023-12,downloads,/spa/data/graph_045.txt.gz,7,1087888
2023-12,downloads,/spa/data/graph_040.txt.gz,7,986713
2023-12,downloads,/suttor/GeorgeAndSarahSuttorBook-index.pdf,6,1076491
2023-12,downloads,/spa/data/graph_030.txt.gz,6,516774
2023-12,downloads,/spa/data/graph_003.txt.gz,6,32586
2023-12,downloads,/spa/data/graph_055.txt.gz,6,1400412
2023-12,downloads,/spa/data/graph_044.txt.gz,6,964638
2023-12,downloads,/RTB/r8/robot.zip,6,6330726
2023-12,downloads,/spa/data/graph_024.txt.gz,6,258600
2023-12,downloads,/spa/data/graph_033.txt.gz,6,508626
2023-12,downloads,/RTB/r7/robot.zip,6,4303898
2023-12,downloads,/spa/data/graph_009.txt.gz,5,82090
2023-12,downloads,/spa/data/graph_015.txt.gz,5,138760
2023-12,downloads,/spa/data/graph_023.txt.gz,5,206365
2023-12,downloads,/spa/data/graph_057.txt.gz,5,1380436
2023-12,downloads,/spa/data/graph_060.txt.gz,5,1630416
2023-12,downloads,/spa/data/graph_005.txt.gz,5,71080
2023-12,downloads,/spa/data/graph_037.txt.gz,5,516480
2023-12,downloads,/spa/data/graph_026.txt.gz,5,289530
2023-12,downloads,/spa/data/graph_011.txt.gz,5,95930
2023-12,downloads,/RTB/r6/robot.zip,5,487850
2023-12,downloads,/spa/data/graph_020.txt.gz,5,185190
2023-12,downloads,/spa/data/graph_050.txt.gz,5,1098168
2023-12,downloads,/spa/data/graph_054.txt.gz,5,1136188
2023-12,downloads,/spa/data/graph_010.txt.gz,5,88325
2023-12,downloads,/spa/data/graph_042.txt.gz,5,649732
2023-12,downloads,/spa/data/graph_007.txt.gz,5,73420
2023-12,downloads,/spa/data/graph_052.txt.gz,5,1121276
2023-12,downloads,/spa/data/graph_046.txt.gz,5,778104
2023-12,downloads,/spa/data/graph_048.txt.gz,5,856456
2023-12,downloads,/spa/data/graph_059.txt.gz,5,1573676
2023-12,downloads,/spa/data/graph_039.txt.gz,5,630928
2023-12,downloads,/spa/data/graph_014.txt.gz,5,98210
2023-12,downloads,/spa/data/graph_008.txt.gz,5,73665
2023-12,downloads,/spa/data/graph_006.txt.gz,4,58616
2023-12,downloads,/spa/data/graph_036.txt.gz,4,409196
2023-12,downloads,/spa/data/graph_002.txt.gz,4,15540
2023-12,downloads,/RTB/r4/robot.zip,4,992116
2023-12,downloads,/spa/data/graph_018.txt.gz,4,107652
2023-12,downloads,/spa/data/graph_012.txt.gz,4,76744
2023-12,downloads,/spa/data/graph_022.txt.gz,4,154572
2023-12,downloads,/spa/data/graph_047.txt.gz,4,645094
2023-12,downloads,/spa/data/graph_038.txt.gz,4,477656
2023-12,downloads,/spa/data/graph_032.txt.gz,4,337512
2023-12,downloads,/files/MVTB/images1.zip,4,176887839
2023-12,downloads,/spa/data/graph_019.txt.gz,4,107308
2023-12,downloads,/spa/data/graph_051.txt.gz,4,921466
2023-12,downloads,/spa/data/graph_034.txt.gz,4,348832
2023-12,downloads,/spa/data/graph_027.txt.gz,4,248904
2023-12,downloads,/spa/data/graph_053.txt.gz,4,898348
2023-12,downloads,/spa/data/graph_058.txt.gz,4,1274539
2023-12,downloads,/spa/data/graph_013.txt.gz,3,57558
2023-12,downloads,/spa/data/graph_004.txt.gz,3,17520
2023-12,downloads,/spa/data/graph_016.txt.gz,3,78057
2023-12,downloads,/spa/data/graph_031.txt.gz,3,252324
2023-12,downloads,/spa/data/graph_041.txt.gz,3,374844
2023-12,downloads,/spa/data/graph_017.txt.gz,3,76692
2023-12,downloads,/spa/data/graph_056.txt.gz,3,625188
2023-12,downloads,/spa/data/graph_043.txt.gz,3,470454
2023-12,downloads,/spa/data/graph_001.txt.gz,3,5334
2023-12,downloads,/spa/data/graph_028.txt.gz,3,185703
2023-12,downloads,/spa/data/graph_029.txt.gz,3,188856
2023-12,downloads,/spa/data/graph_049.txt.gz,3,635220
2023-12,downloads,/cv/corke-resume.mov,2,156914
2023-12,downloads,/RVC1/top/errata/pumaaxis.pdf,2,47898
2023-12,downloads,/spa/data/graph_035.txt.gz,2,205022
2023-12,downloads,/pdf/QUTSchoolCaptainsDinner2017.pdf,1,55787520
2023-12,downloads,/files/images/LeftBag.mpg,1,17201025
2023-12,urls,/download/28/mvtb/1109/mvtb-4-3.mltbx,213,13655044111
2023-12,urls,/download/20/articles/1056/sincos.mlx,9,43281
2024-12,downloads,/MVTB/vision.pdf,603,3827877776
2024-12,downloads,/download/20/articles/1062/rtb_dh.pdf,447,167916999
2024-12,downloads,/bluebook/book.pdf,357,1198039052
2024-12,downloads,/download/27/rtb/1011/robot-10-3-1.zip,298,6270812491
2024-12,downloads,/RTB/ARA95.pdf,287,20370192
2024-12,downloads,/doc/simple_systematic.pdf,223,37920866
2024-12,downloads,/files/salesrank/salesrank.csv,218,2425613
2024-12,downloads,/RTB/robot.pdf,203,1390118679
2024-12,downloads,/download/31/python-tools/1349/python_toolbox_icra_2021.pdf,195,106533241
2024-12,downloads,/download/30/rvc2/1182/solutions.pdf,189,176964739
2024-12,downloads,/download/20/articles/1063/rtb_real_robot.pdf,152,116552627
2024-12,downloads,/download/20/articles/1057/prcurves.pdf,104,17289258
2024-12,downloads,/download/20/articles/1041/ets_jacobian.pdf,75,16847170
2024-12,downloads,/download/20/articles/1064/rtb_4dof.pdf,72,53705172
2024-12,downloads,/download/28/mvtb/1181/contrib2.zip,67,283950427
2024-12,downloads,/download/20/articles/1059/urdf-2.pdf,63,42595085
2024-12,downloads,/download/27/rtb/1351/robot-9-10.zip,63,1033320995
2024-12,downloads,/download/20/articles/1079/the-bones-of-descartes.pdf,54,16354444
2024-12,downloads,/download/20/articles/1058/urdf.zip,50,506196
2024-12,downloads,/download/29/books/1256/corke-bluebook.pdf,48,134286351
2024-12,downloads,/download/30/rvc2/1208/rvc2-livescripts.zip,43,1000684987
2024-12,downloads,/download/32/documents/1317/aim-177.pdf,37,279783884
2024-12,downloads,/download/20/articles/1055/solving-trig.pdf,35,4231477
2024-12,downloads,/files/MVTB/images-RVC2a.zip,33,1696910979
2024-12,downloads,/download/20/articles/1060/xml.pdf,30,2519664
2024-12,downloads,/files/MVTB/images-RVC2b.zip,29,4725040540
2024-12,downloads,/cv/corke-resume.mov,25,3457257
2024-12,downloads,/axes.pdf,23,694848
2024-12,downloads,/wp-content/uploads/2020/01/book.pdf,20,59073856
2024-12,downloads,/download/20/articles/1054/insertion.pdf,20,2021024
2024-12,downloads,/download/30/rvc2/1184/rvc2-svg.zip,17,360577093
2024-12,downloads,/download/30/rvc2/1183/rvc2-eps.zip,15,428989243
2024-12,downloads,/download/31/python-tools/1296/python_toolbox_icra_2020-5.pdf,13,382
2024-12,downloads,/download/20/articles/1193/unimate-puma-servo-system-exposed.pdf,13,200655120
2024-12,downloads,/download/28/mvtb/1087/vision-4-3.zip,13,557209922
2024-12,downloads,/axes/paper-axes2-red.pdf,10,348295
2024-12,downloads,/files/MVTB/images1.zip,9,260983508
2024-12,downloads,/MVTB/r3/vision.pdf,8,48311191
2024-12,downloads,/suttor/GeorgeAndSarahSuttorBook-index.pdf,8,1517462
2024-12,downloads,/files/salesrank/salesrank2.csv,8,14872
2024-12,downloads,/spa/data/graph_023.txt.gz,8,330184
2024-12,downloads,/RTB/r9/robot.pdf,7,46034678
2024-12,downloads,/RTB/r7/robot.zip,7,2555538
2024-12,downloads,/RTB/r4/robot.zip,7,744087
2024-12,downloads,/RTB/r6/robot.zip,7,292710
2024-12,downloads,/RTB/r8/robot.zip,7,3771636
2024-12,downloads,/spa/data/graph_030.txt.gz,6,516774
2024-12,downloads,/pdf/book_comic.pdf,6,26043809
2024-12,downloads,/RVC1/top/toc/toc.pdf,6,653593
2024-12,downloads,/axes/paper-axes2-grey.pdf,6,190529
2024-12,downloads,/axes/paper-axes2-green.pdf,5,157850
2024-12,downloads,/axes/paper-axes2-blue.pdf,5,174344
2024-12,downloads,/suttor/GeorgeAndSarahSuttorBook-TOC.pdf,5,355480
2024-12,downloads,/download/20/articles/1061/xml-2.zip,5,5807
2024-12,downloads,/spa/data/graph_039.txt.gz,4,528492
2024-12,downloads,/spa/data/graph_009.txt.gz,4,65672
2024-12,downloads,http://www.petercorke.com/RTB/robot.pdf,4,30553000
2024-12,downloads,/spa/data/graph_028.txt.gz,4,247604
2024-12,downloads,/spa/data/graph_058.txt.gz,4,1579236
2024-12,downloads,/spa/data/graph_008.txt.gz,4,58932
2024-12,downloads,/spa/data/graph_016.txt.gz,4,104076
2024-12,downloads,/spa/data/graph_001.txt.gz,3,5334
2024-12,downloads,/spa/data/graph_003.txt.gz,3,16293
2024-12,downloads,/spa/data/graph_027.txt.gz,3,186678
2024-12,downloads,/spa/data/graph_024.txt.gz,2,86200
2024-12,downloads,https://petercorke.com/download/20/articles/1041/ets_jacobian.pdf,2,490220
2024-12,downloads,/spa/data/graph_049.txt.gz,2,395434
2024-12,downloads,/spa/data/graph_006.txt.gz,2,29308
2024-12,downloads,/spa/data/graph_041.txt.gz,2,265246
2024-12,downloads,/spa/data/graph_032.txt.gz,2,168756
2024-12,downloads,/spa/data/graph_004.txt.gz,2,11680
2024-12,downloads,/spa/data/graph_012.txt.gz,2,38372
2024-12,downloads,/spa/data/graph_050.txt.gz,2,342126
2024-12,downloads,/spa/data/graph_033.txt.gz,2,169542
2024-12,downloads,/spa/data/graph_044.txt.gz,2,250885
2024-12,downloads,/spa/data/graph_043.txt.gz,2,279698
2024-12,downloads,https://www.petercorke.com/MVTB/vision.pdf,2,13010104
2024-12,downloads,/spa/data/graph_015.txt.gz,2,55504
2024-12,downloads,/spa/data/graph_021.txt.gz,2,71574
2024-12,downloads,/spa/data/graph_047.txt.gz,2,275106
2024-12,downloads,/spa/data/graph_017.txt.gz,2,51128
2024-12,downloads,/spa/data/graph_055.txt.gz,2,417708
2024-12,downloads,/spa/data/graph_011.txt.gz,2,38372
2024-12,downloads,/spa/data/graph_020.txt.gz,2,74076
2024-12,downloads,/spa/data/graph_040.txt.gz,2,281918
2024-12,downloads,/spa/data/graph_038.txt.gz,2,209526
2024-12,downloads,/spa/data/graph_034.txt.gz,2,174416
2024-12,downloads,/spa/data/graph_035.txt.gz,2,192623
2024-12,downloads,/spa/data/graph_013.txt.gz,2,38372
2024-12,downloads,/RVC1/top/errata/pumaaxis.pdf,2,47898
2024-12,downloads,/spa/data/graph_005.txt.gz,2,28432
2024-12,downloads,/spa/data/graph_022.txt.gz,2,77286
2024-12,downloads,/spa/data/graph_010.txt.gz,2,35330
2024-12,downloads,/spa/data/graph_019.txt.gz,2,53654
2024-12,downloads,/spa/data/graph_031.txt.gz,1,84108
2024-12,downloads,/spa/data/graph_046.txt.gz,1,90112
2024-12,downloads,/spa/data/graph_042.txt.gz,1,139905
2024-12,downloads,/files/images/LeftBag.mpg,1,17201025
2024-12,downloads,/spa/data/graph_018.txt.gz,1,26913
2024-12,downloads,/spa/data/graph_014.txt.gz,1,19642
2024-12,downloads,/spa/data/graph_056.txt.gz,1,267538
2024-12,downloads,/spa/data/graph_037.txt.gz,1,106592
2024-12,downloads,/spa/data/graph_029.txt.gz,1,62952
2024-12,downloads,/spa/data/graph_053.txt.gz,1,269412
2024-12,downloads,/files/images/bridge-l.zip,1,121967637
2024-12,downloads,/spa/data/graph_036.txt.gz,1,102299
2024-12,downloads,/spa/data/graph_051.txt.gz,1,260734
2024-12,downloads,/spa/data/graph_061.txt.gz,1,383603
2024-12,downloads,/spa/data/graph_025.txt.gz,1,44669
2024-12,downloads,/files/salesrank/salesrank2.txt,1,200
2024-12,downloads,/spa/data/graph_026.txt.gz,1,57906
2024-12,downloads,/spa/data/graph_007.txt.gz,1,14684
2024-12,downloads,/spa/data/graph_052.txt.gz,1,257791
2024-12,downloads,/files/images/bridge-r.zip,1,121762338
2024-12,downloads,https://petercorke.com/download/31/python-tools/1349/python_toolbox_icra_2021.pdf,1,587498
2024-12,downloads,/pdf/QUTSchoolCaptainsDinner2017.pdf,1,55115776
2024-12,downloads,/spa/data/graph_045.txt.gz,1,90112
2024-12,downloads,https://petercorke.com/download/20/articles/1062/rtb_dh.pdf,1,392143
2024-12,downloads,/SMTB/spatialmath.pdf,1,3003132
2024-12,downloads,/spa/data/graph_048.txt.gz,1,90112
2024-12,downloads,/spa/data/graph_060.txt.gz,1,90112
2024-12,urls,/download/28/mvtb/1109/mvtb-4-3.mltbx,210,13440190056
2024-12,urls,/download/20/articles/1056/sincos.mlx,2,9618
2025-12,downloads,/files/salesrank/salesrank.csv,13282,642676134
2025-12,downloads,/doc/simple_systematic.pdf,1107,192612872
2025-12,downloads,/RTB/robot.pdf,1107,8032367027
2025-12,downloads,/bluebook/book.pdf,1105,3323430477
2025-12,downloads,/download/20/articles/1062/rtb_dh.pdf,898,320083222
2025-12,downloads,/RTB/ARA95.pdf,774,57668351
2025-12,downloads,/download/31/python-tools/1349/python_toolbox_icra_2021.pdf,561,322463946
2025-12,downloads,/MVTB/vision.pdf,405,2507768804
2025-12,downloads,/download/30/rvc2/1182/solutions.pdf,368,308693828
2025-12,downloads,/download/20/articles/1059/urdf-2.pdf,237,169664212
2025-12,downloads,/download/20/articles/1063/rtb_real_robot.pdf,157,126241404
2025-12,downloads,/download/20/articles/1041/ets_jacobian.pdf,134,30825676
2025-12,downloads,/download/31/python-tools/1296/python_toolbox_icra_2020-5.pdf,127,3528
2025-12,downloads,/download/20/articles/1057/prcurves.pdf,102,16841114
2025-12,downloads,/download/20/articles/1079/the-bones-of-descartes.pdf,99,34549641
2025-12,downloads,/download/27/rtb/1011/robot-10-3-1.zip,79,1545762988
2025-12,downloads,/download/20/articles/1064/rtb_4dof.pdf,75,59596023
2025-12,downloads,/download/29/books/1256/corke-bluebook.pdf,66,191862965
2025-12,downloads,/download/20/articles/1060/xml.pdf,51,4684424
2025-12,downloads,/download/20/articles/1058/urdf.zip,49,506196
2025-12,downloads,/download/20/articles/1055/solving-trig.pdf,44,5544694
2025-12,downloads,/download/32/documents/1317/aim-177.pdf,31,222970326
2025-12,downloads,/RVC1/top/toc/toc.pdf,30,2002590
2025-12,downloads,/download/28/mvtb/1181/contrib2.zip,28,98773037
2025-12,downloads,/axes.pdf,27,853793
2025-12,downloads,/RTB/r9/robot.pdf,25,122807332
2025-12,downloads,/download/27/rtb/1351/robot-9-10.zip,23,471260904
2025-12,downloads,/files/MVTB/images-RVC2a.zip,22,729461489
2025-12,downloads,/suttor/GeorgeAndSarahSuttorBook-index.pdf,22,4305730
2025-12,downloads,/download/20/articles/1193/unimate-puma-servo-system-exposed.pdf,22,427001481
2025-12,downloads,/MVTB/r3/vision.pdf,21,83925822
2025-12,downloads,/files/MVTB/images-RVC2b.zip,21,2443164788
2025-12,downloads,/download/30/rvc2/1208/rvc2-livescripts.zip,15,390920375
2025-12,downloads,/suttor/GeorgeAndSarahSuttorBook-TOC.pdf,14,995344
2025-12,downloads,/download/20/articles/1054/insertion.pdf,14,1768396
2025-12,downloads,/axes/paper-axes2-red.pdf,14,410410
2025-12,downloads,/download/30/rvc2/1183/rvc2-eps.zip,11,247693756
2025-12,downloads,/axes/paper-axes2-grey.pdf,11,315840
2025-12,downloads,/wp-content/uploads/2020/01/book.pdf,11,34101056
2025-12,downloads,/pdf/book_comic.pdf,11,26810981
2025-12,downloads,/download/30/rvc2/1184/rvc2-svg.zip,10,175370418
2025-12,downloads,/download/28/mvtb/1087/vision-4-3.zip,9,487526626
2025-12,downloads,/RTB/r8/robot.zip,9,6136186
2025-12,downloads,/RVC1/top/errata/pumaaxis.pdf,8,191592
2025-12,downloads,/axes/paper-axes2-blue.pdf,8,221144
2025-12,downloads,/SMTB/spatialmath.pdf,8,24025056
2025-12,downloads,/RTB/r7/robot.zip,8,3987586
2025-12,downloads,/download/18/rtb/910/rtb-910.zip,7,186
2025-12,downloads,/RTB/r4/robot.zip,7,1352397
2025-12,downloads,/RTB/r6/robot.zip,7,585420
2025-12,downloads,/download/31/machine-vision-toolbox-matlab/154/machine-vision-toolbox-for-matlab-documentation.pdf,7,130
2025-12,downloads,/axes/paper-axes2-green.pdf,6,157850
2025-12,downloads,/spa/data/graph_003.txt.gz,5,27155
2025-12,downloads,/spa/data/graph_038.txt.gz,4,448354
2025-12,downloads,/spa/data/graph_041.txt.gz,4,517210
2025-12,downloads,/spa/data/graph_039.txt.gz,4,495724
2025-12,downloads,/spa/data/graph_035.txt.gz,4,373069
2025-12,downloads,/spa/data/graph_042.txt.gz,4,542595
2025-12,downloads,/spa/data/graph_018.txt.gz,4,107652
2025-12,downloads,/download/20/articles/1061/xml-2.zip,4,23228
2025-12,downloads,/spa/data/graph_021.txt.gz,3,107361
2025-12,downloads,/spa/data/graph_026.txt.gz,3,173718
2025-12,downloads,/spa/data/graph_008.txt.gz,3,44199
2025-12,downloads,/spa/data/graph_012.txt.gz,3,57558
2025-12,downloads,/spa/data/graph_056.txt.gz,3,625188
2025-12,downloads,/spa/data/graph_030.txt.gz,3,258387
2025-12,downloads,/spa/data/graph_006.txt.gz,3,43962
2025-12,downloads,/spa/data/graph_034.txt.gz,3,261624
2025-12,downloads,/spa/data/graph_027.txt.gz,3,186678
2025-12,downloads,/spa/data/graph_014.txt.gz,3,58926
2025-12,downloads,/spa/data/graph_036.txt.gz,3,294710
2025-12,downloads,/spa/data/graph_045.txt.gz,3,498888
2025-12,downloads,/spa/data/graph_004.txt.gz,3,17520
2025-12,downloads,/spa/data/graph_010.txt.gz,3,52995
2025-12,downloads,/spa/data/graph_023.txt.gz,3,123819
2025-12,downloads,/spa/data/graph_043.txt.gz,3,403748
2025-12,downloads,/spa/data/graph_046.txt.gz,3,515994
2025-12,downloads,/spa/data/graph_029.txt.gz,3,188856
2025-12,downloads,/spa/data/graph_060.txt.gz,3,819304
2025-12,downloads,/files/images/mosaicml.zip,3,18290781
2025-12,downloads,/spa/data/graph_022.txt.gz,3,115929
2025-12,downloads,/files/images/bridge-r.zip,3,365287014
2025-12,downloads,/spa/data/graph_057.txt.gz,3,751658
2025-12,downloads,/spa/data/graph_050.txt.gz,3,594140
2025-12,downloads,/spa/data/graph_059.txt.gz,3,831894
2025-12,downloads,/spa/data/graph_009.txt.gz,3,49254
2025-12,downloads,/spa/data/graph_025.txt.gz,3,134007
2025-12,downloads,/spa/data/graph_055.txt.gz,3,622424
2025-12,downloads,/spa/data/graph_049.txt.gz,3,635220
2025-12,downloads,/spa/data/graph_002.txt.gz,3,11655
2025-12,downloads,/spa/data/graph_037.txt.gz,3,303296
2025-12,downloads,/spa/data/graph_005.txt.gz,3,42648
2025-12,downloads,/spa/data/graph_047.txt.gz,3,460100
2025-12,downloads,/spa/data/graph_053.txt.gz,3,628936
2025-12,downloads,/files/images/bridge-l.zip,3,365902911
2025-12,downloads,/spa/data/graph_040.txt.gz,2,281918
2025-12,downloads,/spa/data/graph_028.txt.gz,2,123802
2025-12,downloads,/files/MVTB/images1.zip,2,117368170
2025-12,downloads,/spa/data/graph_007.txt.gz,2,29368
2025-12,downloads,/spa/data/graph_031.txt.gz,2,168216
2025-12,downloads,/spa/data/graph_032.txt.gz,2,158106
2025-12,downloads,/spa/data/graph_019.txt.gz,2,53654
2025-12,downloads,/spa/data/graph_016.txt.gz,2,52038
2025-12,downloads,/spa/data/graph_024.txt.gz,2,86200
2025-12,downloads,/spa/data/graph_013.txt.gz,2,38372
2025-12,downloads,/spa/data/graph_052.txt.gz,2,347903
2025-12,downloads,/spa/data/graph_020.txt.gz,2,74076
2025-12,downloads,/spa/data/graph_033.txt.gz,2,169542
2025-12,downloads,/spa/data/graph_044.txt.gz,2,250885
2025-12,downloads,/spa/data/graph_048.txt.gz,2,281698
2025-12,downloads,/spa/data/graph_061.txt.gz,2,767206
2025-12,downloads,/spa/data/graph_015.txt.gz,2,55504
2025-12,downloads,/spa/data/graph_058.txt.gz,2,484921
2025-12,downloads,/spa/data/graph_011.txt.gz,2,38372
2025-12,downloads,/spa/data/graph_001.txt.gz,2,3556
2025-12,downloads,/spa/data/graph_017.txt.gz,2,51128
2025-12,downloads,/spa/data/graph_051.txt.gz,2,350846
2025-12,downloads,/spa/data/graph_054.txt.gz,2,351631
2025-12,downloads,/RTB/r9/robot-9.10.zip,1,20991676
2025-12,downloads,/pdf/paper-axes.pdf,1,30895
2025-12,downloads,/files/MVTB/contrib2.zip,0,3672041
2025-12,urls,/download/28/mvtb/1109/mvtb-4-3.mltbx,171,10045451924
2025-12,urls,/download/20/articles/1056/sincos.mlx,14,67326
2025-12,urls,/download/19/toolbox/1109/mvtb-4-3.mltbx,3,114
